source,target,transformed_treat_score,rank,is_known_positive,off_label
CHEBI:8412,MONDO:0005212,3.117303586079257,19842921.0,False,False
CHEBI:63916,MONDO:0006058,3.252384275799889,7267025.0,False,False
CHEBI:6121,MONDO:0009759,3.2458657348469817,7626409.0,False,False
CHEBI:50730,MONDO:0009759,3.115426235574482,20115867.0,False,False
CHEBI:7903,MONDO:0000141,3.116794098062182,19916878.0,False,False
CHEBI:31663,MONDO:0000141,3.1175122336474623,19812509.0,False,False
CHEBI:7872,MONDO:0005212,3.250372751130962,7376230.0,False,False
CHEBI:7488,MONDO:0000141,3.116421859696147,19970777.0,False,False
UNII:NU90V55F8I,MONDO:0005212,3.2384029659774054,8060740.0,False,False
CHEBI:135627,MONDO:0006058,3.2344561968246124,8300264.0,False,False
CHEBI:85182,MONDO:0005212,3.2306137836652296,8540342.0,False,False
UNII:D6OMY2L0WA,MONDO:0006058,3.2470524066582094,7559697.0,False,False
CHEBI:59594,MONDO:0005212,3.243312826388695,7771889.0,False,False
CHEBI:45409,MONDO:0005212,3.251545697617899,7312383.0,False,False
UNII:R30772KCU0,MONDO:0006058,3.240677735515378,7925840.0,False,False
CHEBI:39501,MONDO:0000141,3.229330374845895,8622287.0,False,False
CHEBI:31536,MONDO:0006058,3.245363236572363,7654894.0,False,False
CHEBI:62984,MONDO:0005212,3.2499399025746474,7399783.0,False,False
CHEBI:132967,MONDO:0006058,3.229529312587619,8609549.0,False,False
CHEBI:233446,MONDO:0005212,3.237793049104596,8097357.0,False,False
CHEBI:691037,MONDO:0000141,3.116291078498908,19989688.0,False,False
UNII:N7T15V1FUY,MONDO:0006058,3.247327938675836,7544199.0,False,False
CHEBI:7789,MONDO:0009759,3.2316398421220223,8475404.0,False,False
CHEBI:71417,MONDO:0009759,3.2386085658743333,8048706.0,False,False
CHEBI:167707,MONDO:0005212,3.245486567217076,7647806.0,False,False
UNII:W4141180YD,MONDO:0006058,3.2507276139506462,7356899.0,False,False
CHEBI:3127,MONDO:0005212,3.1133251886182736,20426044.0,False,False
CHEBI:71193,MONDO:0013582,3.249875588984121,7403362.0,False,False
CHEBI:3699,MONDO:0000141,3.1165936613152323,19945880.0,False,False
CHEBI:43968,MONDO:0006058,3.2290979110742812,8637146.0,False,False
UNII:RZT8C352O1,MONDO:0005212,3.2401006545227427,7960002.0,False,False
CHEBI:8207,MONDO:0009759,3.1177380965994246,19779848.0,False,False
CHEBI:8426,MONDO:0013582,3.247769736707055,7519558.0,False,False
CHEBI:6888,MONDO:0009759,3.2385282007729,8053431.0,False,False
CHEBI:71193,MONDO:0009759,3.1131372981581755,20453924.0,False,False
CHEBI:15854,MONDO:0013582,3.2292603840567438,8626859.0,False,False
UNII:FU77B4U5Z0,MONDO:0005212,3.243768043822805,7745476.0,False,False
CHEBI:6339,MONDO:0009759,3.115879797945391,20049634.0,False,False
CHEBI:3757,MONDO:0005212,3.2533871744533114,7213281.0,False,False
CHEBI:135954,MONDO:0005212,3.116222235242827,19999644.0,False,False
CHEBI:4466,MONDO:0006058,3.2410614826121864,7902951.0,False,False
CHEBI:5123,MONDO:0006058,3.246858967872854,7570421.0,False,False
CHEBI:204734,MONDO:0009759,3.1176162479890284,19797587.0,False,False
CHEBI:135276,MONDO:0009759,3.113565065463079,20390462.0,False,False
CHEBI:9435,MONDO:0009759,3.1061944267355717,21507758.0,False,False
CHEBI:182080,MONDO:0006058,3.078205046928785,26209095.0,False,False
UNII:7K28NB895L,MONDO:0009759,3.0768103025598084,26461746.0,False,False
CHEBI:2676,MONDO:0006058,3.163685350853704,14075773.0,False,False
CHEBI:16480,MONDO:0013582,3.168827670505652,13545788.0,False,False
CHEBI:6709,MONDO:0006058,3.105405208130814,21630247.0,False,False
CHEBI:2208,MONDO:0000141,3.077561354634975,26324986.0,False,False
CHEBI:15854,MONDO:0005212,3.0780635985234466,26234451.0,False,False
CHEBI:62984,MONDO:0013582,3.162072845075765,14246933.0,False,False
PUBCHEM.COMPOUND:54671203,MONDO:0013582,3.078933151603164,26078310.0,False,False
CHEBI:50922,MONDO:0013582,3.0792278076413235,26025732.0,False,False
CHEBI:5950,MONDO:0005212,3.0791722835857382,26035567.0,False,False
CHEBI:3176,MONDO:0009759,3.1046229136852124,21752430.0,False,False
CHEBI:45924,MONDO:0006058,3.1066460743646074,21437760.0,False,False
CHEBI:9939,MONDO:0005212,3.076891667685903,26446867.0,False,False
CHEBI:8404,MONDO:0006058,3.163518882954299,14093473.0,False,False
UMLS:C4684961,MONDO:0005212,3.1673960189730073,13691549.0,False,False
CHEBI:8232,MONDO:0006058,3.164514034172937,13989085.0,False,False
UNII:23HYE36B0I,MONDO:0005212,3.1069832068157925,21385630.0,False,False
CHEBI:73038,MONDO:0005212,3.1617554913119665,14280774.0,False,False
CHEBI:534,MONDO:0006058,3.163238181651902,14123006.0,False,False
CHEBI:3223,MONDO:0013582,3.0776346695514807,26311574.0,False,False
CHEBI:10023,MONDO:0009759,3.107197996099191,21352554.0,False,False
CHEBI:3547,MONDO:0009759,3.106022158612536,21534534.0,False,False
CHEBI:2208,MONDO:0009759,3.07658350628928,26503066.0,False,False
UNII:21904A5386,MONDO:0013582,3.0786837094739488,26123003.0,False,False
CHEBI:5147,MONDO:0006058,3.167377892239309,13693434.0,False,False
UNII:Q4K217VGA9,MONDO:0005212,3.1668828516560286,13743902.0,False,False
CHEBI:9241,MONDO:0009759,3.1687055793803296,13558062.0,False,False
CHEBI:135361,MONDO:0005212,3.0780341654709815,26239743.0,False,False
CHEBI:16962,MONDO:0009759,3.167760723652467,13654037.0,False,False
CHEBI:188559,MONDO:0013582,3.076386096044284,26538747.0,False,False
UNII:4B33BGI082,MONDO:0013582,3.1066495085957806,21437259.0,False,False
CHEBI:31793,MONDO:0000141,3.0780815654528135,26231235.0,False,False
CHEBI:17650,MONDO:0000141,3.166359526513858,13797713.0,False,False
CHEBI:85973,MONDO:0005212,3.105919422334164,21550526.0,False,False
CHEBI:4356,MONDO:0013582,3.1625674620301263,14194230.0,False,False
CHEBI:18358,MONDO:0000141,3.078362157335837,26181002.0,False,False
CHEBI:16163,MONDO:0006058,3.16457460022439,13982853.0,False,False
CHEBI:9316,MONDO:0000141,3.104165461543464,21824590.0,False,False
CHEBI:2948,MONDO:0000141,3.163439604493957,14101838.0,False,False
CHEBI:534,MONDO:0000141,3.0790192789813142,26062844.0,False,False
CHEBI:6970,MONDO:0000141,3.0761179431172407,26587286.0,False,False
CHEBI:42944,MONDO:0013582,3.1066621120657447,21435337.0,False,False
CHEBI:87715,MONDO:0006058,3.16436786834322,14004408.0,False,False
CHEBI:8346,MONDO:0006058,3.166677574756352,13765032.0,False,False
CHEBI:135361,MONDO:0013582,3.103590064360618,21915195.0,False,False
CHEBI:31174,MONDO:0005212,3.1685664664918898,13572212.0,False,False
CHEBI:133011,MONDO:0009759,3.1031197848419767,21989412.0,False,False
CHEBI:7581,MONDO:0005212,3.079216028755707,26027821.0,False,False
CHEBI:72564,MONDO:0013582,3.106226355965185,21502860.0,False,False
CHEBI:31401,MONDO:0006058,3.3698762305610486,3088228.0,False,False
CHEBI:9421,MONDO:0006058,3.144939112926788,16187255.0,False,False
CHEBI:85984,MONDO:0006058,3.1464907801392314,16001979.0,False,False
CHEBI:4786,MONDO:0009759,3.279445899258898,5951091.0,False,False
UNII:F60NE4XB53,MONDO:0005212,3.4011029869194607,2472968.0,False,False
CHEBI:28077,MONDO:0006058,3.378236991862371,2908930.0,False,False
CHEBI:617099,MONDO:0005212,3.2733882928728795,6222374.0,False,False
CHEBI:3013,MONDO:0013582,3.2817262011607395,5852303.0,False,False
UNII:P0GVQ9A4S5,MONDO:0006058,3.285111950694035,5708224.0,False,False
UNII:LIA7Z4002P,MONDO:0006058,3.3662900294461293,3168906.0,False,False
UNII:SMA5ZS5B22,MONDO:0005212,3.3986250747291336,2516780.0,False,False
CHEBI:138865,MONDO:0006058,3.2836133204690396,5771531.0,False,False
CHEBI:7640,MONDO:0006058,3.146961328647771,15945944.0,False,False
CHEBI:231425,MONDO:0005212,3.1474853041500435,15884053.0,False,False
CHEBI:131169,MONDO:0005212,3.383921027131982,2793412.0,False,False
UNII:913P6LK81M,MONDO:0006058,3.2802749384329877,5915202.0,False,False
CHEBI:3213,MONDO:0006058,3.397337572763356,2539784.0,False,False
CHEBI:231598,MONDO:0005212,3.3676803089383345,3137051.0,False,False
CHEBI:143117,MONDO:0006058,3.372376770988117,3033348.0,False,False
UNII:N0A21N6RAU,MONDO:0005212,3.3722200127752924,3036838.0,False,False
UNII:105J35OE21,MONDO:0005212,3.3665991112844544,3161676.0,False,False
UNII:L929CBB126,MONDO:0006058,3.3786918135863626,2899428.0,False,False
CHEBI:4670,MONDO:0006058,3.376999864907484,2934896.0,False,False
CHEBI:27779,MONDO:0005212,3.2867181977605178,5641395.0,False,False
CHEBI:9570,MONDO:0009759,3.1435830153722994,16350507.0,False,False
CHEBI:61080,MONDO:0006058,3.3954045155776553,2574562.0,False,False
CHEBI:32016,MONDO:0005212,3.2878482588443645,5594791.0,False,False
UNII:9R3D3Y0UHS,MONDO:0006058,3.3814928127854857,2842210.0,False,False
CHEBI:8028,MONDO:0006058,3.2703987911845083,6361115.0,False,False
CHEBI:75922,MONDO:0006058,3.146122641659517,16045730.0,False,False
UNII:T432289GYZ,MONDO:0006058,3.271284589320768,6319606.0,False,False
CHEBI:50885,MONDO:0000141,3.1423030194193293,16506437.0,False,False
CHEBI:135737,MONDO:0009759,3.1454116642159917,16130775.0,False,False
CHEBI:8426,MONDO:0005212,3.393138306015213,2615919.0,False,False
UNII:XN7MM8XG2M,MONDO:0006058,3.1465593053262553,15993874.0,False,False
CHEBI:17076,MONDO:0006058,3.2775446876173877,6035014.0,False,False
CHEBI:42797,MONDO:0009759,3.387482036018543,2723414.0,False,False
CHEBI:7496,MONDO:0006058,3.2870840222118884,5626173.0,False,False
CHEBI:39112,MONDO:0005212,3.381048470046452,2851255.0,False,False
CHEBI:22652,MONDO:0005212,3.279242006681528,5960199.0,False,False
CHEBI:229222,MONDO:0006058,3.3949679396928616,2582470.0,False,False
CHEBI:7903,MONDO:0006058,3.3707677645050564,3068470.0,False,False
CHEBI:177836,MONDO:0006058,3.370549184343675,3073353.0,False,False
DRUGBANK:DB17831,MONDO:0005212,3.3643985163961148,3212047.0,False,False
CHEBI:42797,MONDO:0005212,3.36789464426176,3132221.0,False,False
CHEBI:3766,MONDO:0009759,3.287086256240057,5626068.0,False,False
CHEBI:195558,MONDO:0005212,3.2863679869544398,5655972.0,False,False
CHEBI:2904,MONDO:0006058,3.401182551792065,2471571.0,False,False
UMLS:C4764258,MONDO:0006058,3.281551430209949,5859867.0,False,False
UNII:VRN8S9CW5V,MONDO:0006058,3.279301370933654,5957506.0,False,False
DRUGBANK:DB00058,MONDO:0006058,3.382885314550598,2814091.0,False,False
CHEBI:50693,MONDO:0006058,3.2783993766956887,5997449.0,False,False
CHEBI:5123,MONDO:0005212,3.2733155932993108,6225697.0,False,False
UNII:9K8GNJ2874,MONDO:0000141,3.1462135079338744,16035214.0,False,False
CHEBI:2618,MONDO:0009759,3.2702009341359766,6370371.0,False,False
CHEBI:64733,MONDO:0009759,3.1439051798083693,16311683.0,False,False
CHEBI:3311,MONDO:0009759,3.110989178878546,20775728.0,False,False
CHEBI:50693,MONDO:0009759,3.1121854143716936,20595498.0,False,False
CHEBI:135499,MONDO:0005212,3.064180904623945,28806838.0,False,False
CHEBI:70735,MONDO:0000141,3.1254874323682333,18689681.0,False,False
CHEBI:91407,MONDO:0000141,3.0660431680403155,28454870.0,False,False
CHEBI:68554,MONDO:0005212,3.1081616180605343,21204640.0,False,False
CHEBI:6887,MONDO:0013582,3.110080956358753,20912530.0,False,False
UNII:LKC0U3A8NJ,MONDO:0013582,3.065766011208454,28507175.0,False,False
CHEBI:8107,MONDO:0000141,3.1273056707642217,18441911.0,False,False
CHEBI:6722,MONDO:0000141,3.1263778100129618,18567987.0,False,False
CHEBI:134716,MONDO:0013582,3.062813233255124,29066883.0,False,False
UNII:21904A5386,MONDO:0000141,3.0636847705732184,28900978.0,False,False
CHEBI:3568,MONDO:0006058,3.108526255184444,21148886.0,False,False
CHEBI:8081,MONDO:0009759,3.1114116089305206,20711936.0,False,False
CHEBI:94385,MONDO:0013582,3.123956392540892,18900752.0,False,False
CHEBI:9738,MONDO:0005212,3.109553013773084,20992877.0,False,False
CHEBI:32229,MONDO:0013582,3.062514087111392,29123791.0,False,False
CHEBI:47780,MONDO:0009759,3.1098224545235977,20951750.0,False,False
CHEBI:36704,MONDO:0000141,3.1279483201859586,18354931.0,False,False
CHEBI:61397,MONDO:0000141,3.1090614793359386,21067732.0,False,False
CHEBI:50885,MONDO:0013582,3.129529737567282,18142851.0,False,False
CHEBI:82700,MONDO:0006058,3.1094298528737307,21011688.0,False,False
CHEBI:3011,MONDO:0000141,3.0656437505704597,28530203.0,False,False
UNII:8RW88Y506K,MONDO:0005212,3.125081985696231,18745165.0,False,False
UNII:LR3UXN0193,MONDO:0013582,3.1104598258184506,20854987.0,False,False
UNII:41KZS5432U,MONDO:0005212,3.1112775892408138,20732270.0,False,False
CHEBI:6965,MONDO:0005212,3.108491596930179,21154179.0,False,False
CHEBI:87715,MONDO:0013582,3.1097772653770006,20958688.0,False,False
CHEBI:82702,MONDO:0000141,3.1100711129841008,20914002.0,False,False
CHEBI:6717,MONDO:0006058,3.107906205561668,21243842.0,False,False
CHEBI:6076,MONDO:0000141,3.0645655815131567,28733893.0,False,False
CHEBI:6438,MONDO:0000141,3.0638036009379994,28878350.0,False,False
CHEBI:85979,MONDO:0005212,3.0631501370869922,29002595.0,False,False
CHEBI:229661,MONDO:0005212,3.1286071585702606,18265955.0,False,False
CHEBI:4031,MONDO:0009759,3.125415911300786,18699502.0,False,False
CHEBI:3371,MONDO:0013582,3.1088776751173492,21095342.0,False,False
CHEBI:31485,MONDO:0005212,3.11009202445758,20910840.0,False,False
CHEBI:134743,MONDO:0009759,3.066270212828476,28412092.0,False,False
CHEBI:3082,MONDO:0000141,3.0658461224082636,28492108.0,False,False
UNII:T9FVH03HMZ,MONDO:0009759,3.064501104247835,28746055.0,False,False
CHEBI:59590,MONDO:0005212,3.127950310504132,18354646.0,False,False
CHEBI:474053,MONDO:0013582,3.064925428173014,28665933.0,False,False
CHEBI:534,MONDO:0009759,3.1121529748955368,20600391.0,False,False
CHEBI:5001,MONDO:0005212,3.2627356822651388,6731073.0,False,False
UNII:12PYH0FTU9,MONDO:0006058,3.2678652732841345,6480767.0,False,False
CHEBI:50922,MONDO:0009759,3.1230802180958337,19022148.0,False,False
CHEBI:83531,MONDO:0006058,3.2050334900123185,10336823.0,False,False
CHEBI:4753,MONDO:0013582,3.25501212219688,7126964.0,False,False
CHEBI:9352,MONDO:0000141,3.2123789273838033,9784467.0,False,False
CHEBI:2549,MONDO:0005212,3.2116872558934517,9835304.0,False,False
CHEBI:3183,MONDO:0009759,3.1219237309553822,19183844.0,False,False
CHEBI:18357,MONDO:0006058,3.259021017763623,6918080.0,False,False
CHEBI:231598,MONDO:0006058,3.258943212128794,6922097.0,False,False
CHEBI:31793,MONDO:0009759,3.208377364032616,10081448.0,False,False
CHEBI:5551,MONDO:0009759,3.2636819855508,6684435.0,False,False
CHEBI:187893,MONDO:0013582,3.2073759111563103,10157037.0,False,False
UNII:681K1JDI8M,MONDO:0005212,3.204999092235669,10339513.0,False,False
CHEBI:135888,MONDO:0009759,3.1228188574477,19058651.0,False,False
CHEBI:8060,MONDO:0000141,3.209486771627687,9998286.0,False,False
CHEBI:71940,MONDO:0013582,3.206957701902767,10188890.0,False,False
CHEBI:228304,MONDO:0005212,3.258625804160035,6938528.0,False,False
CHEBI:6456,MONDO:0006058,3.2071884274947635,10171259.0,False,False
CHEBI:64355,MONDO:0005212,3.265416936594805,6599448.0,False,False
PUBCHEM.COMPOUND:5229907,MONDO:0006058,3.2139649506430876,9669590.0,False,False
CHEBI:28939,MONDO:0009759,3.2067860092300915,10201835.0,False,False
CHEBI:10023,MONDO:0006058,3.2650432746071436,6617777.0,False,False
CHEBI:63631,MONDO:0000141,3.2084702355428716,10074393.0,False,False
UMLS:C1879680,MONDO:0005212,3.2085299078776024,10069843.0,False,False
CHEBI:176399,MONDO:0005212,3.2589487587439043,6921812.0,False,False
UNII:2S9ZZM9Q9V,MONDO:0013582,3.1205782152863035,19373828.0,False,False
CHEBI:63606,MONDO:0006058,3.2049308180574263,10344718.0,False,False
CHEBI:3766,MONDO:0005212,3.2086844561407117,10058258.0,False,False
UNII:0JJ21K6L2I,MONDO:0006058,3.120860516628433,19333829.0,False,False
CHEBI:4876,MONDO:0005212,3.2597540595777077,6880806.0,False,False
CHEBI:4798,MONDO:0005212,3.2070520644910507,10181796.0,False,False
CHEBI:45367,MONDO:0005212,3.2692279956389996,6416216.0,False,False
CHEBI:50693,MONDO:0005212,3.207120020060967,10176606.0,False,False
CHEBI:8874,MONDO:0006058,3.2092303006146166,10017441.0,False,False
UNII:3E3D8T1GIX,MONDO:0006058,3.2589494343911953,6921776.0,False,False
CHEBI:51141,MONDO:0006058,3.262146642827336,6760286.0,False,False
CHEBI:6532,MONDO:0013582,3.1210481390941136,19307255.0,False,False
CHEBI:3306,MONDO:0006058,3.2071470958092707,10174512.0,False,False
CHEBI:17347,MONDO:0000141,3.1219305085233984,19182867.0,False,False
CHEBI:28262,MONDO:0006058,3.3036238578944803,4985210.0,False,False
CHEBI:85662,MONDO:0006058,3.2986910549102544,5167311.0,False,False
CHEBI:71415,MONDO:0005212,3.3033712014606627,4994432.0,False,False
CHEBI:4753,MONDO:0006058,3.1525295355487906,15297327.0,False,False
UNII:98DE7VN88D,MONDO:0005212,3.294164991858921,5341317.0,False,False
CHEBI:5613,MONDO:0006058,3.2914906964622817,5446875.0,False,False
CHEBI:140376,MONDO:0006058,3.1503971057051436,15542810.0,False,False
CHEBI:32315,MONDO:0009759,3.091495994708802,23887877.0,False,False
UNII:8NZ41MIK1O,MONDO:0000141,3.0909751270532704,23975650.0,False,False
CHEBI:83531,MONDO:0009759,3.091196657058287,23938422.0,False,False
CHEBI:167638,MONDO:0005212,3.150590894831299,15520307.0,False,False
CHEBI:32020,MONDO:0000141,3.1506045684485517,15518816.0,False,False
CHEBI:6444,MONDO:0006058,3.092859812835697,23658387.0,False,False
UNII:3S252O2Z4X,MONDO:0005212,3.2894599445725223,5528873.0,False,False
UNII:WTT295HSY5,MONDO:0005212,3.2904053679223764,5490630.0,False,False
CHEBI:31932,MONDO:0000141,3.1538248897094636,15150476.0,False,False
CHEBI:7789,MONDO:0006058,3.091630310764236,23865036.0,False,False
UNII:39IS23Q1EW,MONDO:0005212,3.2937931475882474,5355879.0,False,False
CHEBI:46195,MONDO:0000141,3.0921062809760205,23784731.0,False,False
UNII:2P6O7CFW5K,MONDO:0000141,3.0925029455972837,23717688.0,False,False
CHEBI:63580,MONDO:0009759,3.148134898317557,15807174.0,False,False
CHEBI:5893,MONDO:0005212,3.149805677078344,15611634.0,False,False
CHEBI:9352,MONDO:0013582,3.1517597066016902,15385594.0,False,False
CHEBI:228302,MONDO:0005212,3.1536895384360024,15166008.0,False,False
CHEBI:75832,MONDO:0005212,3.0914354760932916,23897994.0,False,False
CHEBI:7936,MONDO:0000141,3.090817174638735,24002122.0,False,False
UNII:7XZ4062R17,MONDO:0006058,3.152045958006079,15352807.0,False,False
UNII:RSA8KO39WH,MONDO:0009759,3.091064612891525,23960554.0,False,False
CHEBI:6846,MONDO:0006058,3.091092826483639,23955666.0,False,False
UNII:3XVL385Q0M,MONDO:0000141,3.092241831916967,23762045.0,False,False
UNII:3U02EL437C,MONDO:0009759,3.0915215208404465,23883482.0,False,False
CHEBI:62984,MONDO:0006058,3.148799838362683,15729298.0,False,False
CHEBI:50694,MONDO:0013582,3.0908272441259372,24000464.0,False,False
CHEBI:3306,MONDO:0000141,3.09116340041313,23943881.0,False,False
CHEBI:232810,MONDO:0005212,3.3032618509431346,4998366.0,False,False
CHEBI:6761,MONDO:0000141,3.1525691625440038,15292919.0,False,False
CHEBI:291902,MONDO:0009759,3.0888576056800936,24336338.0,False,False
CHEBI:70708,MONDO:0000141,3.0916351894029876,23864226.0,False,False
CHEBI:75722,MONDO:0005212,3.152824298884039,15263963.0,False,False
CHEBI:63611,MONDO:0000141,3.0886660315411287,24369297.0,False,False
CHEBI:135010,MONDO:0006058,3.2896144832174192,5522698.0,False,False
CHEBI:28918,MONDO:0005212,3.3011073379952958,5077474.0,False,False
CHEBI:4670,MONDO:0000141,3.0928315933245694,23663110.0,False,False
CHEBI:585948,MONDO:0009759,3.152141897978831,15341789.0,False,False
CHEBI:5109,MONDO:0006058,3.300341960315193,5105837.0,False,False
CHEBI:134743,MONDO:0006058,3.298733767562575,5165705.0,False,False
CHEBI:3032,MONDO:0006058,3.0931847725209427,23604087.0,False,False
CHEBI:8805,MONDO:0006058,3.2994938781803613,5137214.0,False,False
CHEBI:4639,MONDO:0005212,3.089461822690642,24232931.0,False,False
CHEBI:31000,MONDO:0006058,3.090347241667584,24082083.0,False,False
CHEBI:82702,MONDO:0013582,3.0902427325045765,24099762.0,False,False
CHEBI:6532,MONDO:0009759,3.1513828490600777,15429010.0,False,False
CHEBI:63630,MONDO:0000141,3.1482008591234862,15799343.0,False,False
CHEBI:75247,MONDO:0009759,3.148767373872206,15733079.0,False,False
CHEBI:3764,MONDO:0005212,3.2918391658923642,5432951.0,False,False
CHEBI:9588,MONDO:0006058,3.303071885631466,5005352.0,False,False
CHEBI:63620,MONDO:0000141,3.1499198942468323,15598162.0,False,False
CHEBI:71028,MONDO:0005212,3.21924648843182,9296237.0,False,False
UMLS:C4549048,MONDO:0005212,3.314565050138679,4602601.0,False,False
UNII:L7451S9126,MONDO:0005212,3.1705351391903482,13374593.0,False,False
CHEBI:5856,MONDO:0006058,3.2180242422556793,9381317.0,False,False
CHEBI:17688,MONDO:0006058,3.2168518077669734,9463643.0,False,False
CHEBI:3699,MONDO:0006058,3.326438165042252,4222837.0,False,False
CHEBI:3423,MONDO:0009759,3.3235422179108545,4312464.0,False,False
CHEBI:49005,MONDO:0005212,3.2194980736830336,9278610.0,False,False
CHEBI:47097,MONDO:0006058,3.320277527964517,4415631.0,False,False
UNII:4SED7F4BSG,MONDO:0005212,3.223678418071504,8994559.0,False,False
CHEBI:70752,MONDO:0006058,3.315334804386442,4576921.0,False,False
CHEBI:2611,MONDO:0009759,3.218025682629163,9381219.0,False,False
UNII:GB4I2JI8UI,MONDO:0006058,3.3206244834367165,4404582.0,False,False
CHEBI:3181,MONDO:0009759,3.170057156913668,13422663.0,False,False
CHEBI:3696,MONDO:0006058,3.315837509715108,4560267.0,False,False
CHEBI:8499,MONDO:0013582,3.3283623946435106,4164422.0,False,False
CHEBI:9421,MONDO:0005212,3.2181911011702677,9369683.0,False,False
PUBCHEM.COMPOUND:122173801,MONDO:0009759,3.1731581610859267,13114382.0,False,False
DRUGBANK:DB17635,MONDO:0006058,3.2176204528024366,9409548.0,False,False
CHEBI:90844,MONDO:0005212,3.171041098595139,13324363.0,False,False
CHEBI:10023,MONDO:0005212,3.313990396348734,4622026.0,False,False
UNII:P93RUU11P7,MONDO:0006058,3.3298948921682765,4118409.0,False,False
CHEBI:7575,MONDO:0006058,3.176870220698576,12756476.0,False,False
CHEBI:6942,MONDO:0013582,3.1768083324919703,12762185.0,False,False
CHEBI:28787,MONDO:0009759,3.2249540163340633,8909146.0,False,False
CHEBI:31596,MONDO:0006058,3.325796984232297,4242409.0,False,False
CHEBI:3994,MONDO:0009759,3.176327187311297,12808044.0,False,False
CHEBI:3515,MONDO:0005212,3.3212908416184757,4383378.0,False,False
CHEBI:135686,MONDO:0006058,3.1767515850589687,12767602.0,False,False
CHEBI:5893,MONDO:0013582,3.1751330777608904,12922459.0,False,False
CHEBI:6067,MONDO:0000141,3.328918013293909,4147618.0,False,False
CHEBI:75179,MONDO:0006058,3.3207158011214384,4401602.0,False,False
UMLS:C5418336,MONDO:0006058,3.172361823248778,13193133.0,False,False
CHEBI:7824,MONDO:0009759,3.3300294906100376,4114285.0,False,False
CHEBI:8776,MONDO:0006058,3.2215333115269917,9139308.0,False,False
UNII:7K28NB895L,MONDO:0005212,3.3081891195167055,4821357.0,False,False
CHEBI:68610,MONDO:0009759,3.1731773693568277,13112425.0,False,False
CHEBI:5855,MONDO:0006058,3.31101137175922,4723559.0,False,False
CHEBI:6970,MONDO:0006058,3.327751344667904,4183086.0,False,False
CHEBI:8069,MONDO:0005212,3.3104595834083774,4742821.0,False,False
PUBCHEM.COMPOUND:657309,MONDO:0013582,3.0674841067749523,28183829.0,False,False
UNII:XOI2Q0ZF7G,MONDO:0013582,3.0676793159231224,28147415.0,False,False
CHEBI:63681,MONDO:0009759,3.0937003865495134,23518111.0,False,False
CHEBI:51380,MONDO:0005212,3.0705598498047735,27609779.0,False,False
CHEBI:5790,MONDO:0009759,3.1558870621012427,14919521.0,False,False
CHEBI:135673,MONDO:0009759,3.069340696682367,27836515.0,False,False
CHEBI:27899,MONDO:0009759,3.0681089296053705,28066559.0,False,False
CHEBI:600520,MONDO:0005212,3.0964354564189467,23065704.0,False,False
CHEBI:59269,MONDO:0005212,3.0665809734531004,28353391.0,False,False
CHEBI:7798,MONDO:0000141,3.06917355321643,27867553.0,False,False
CHEBI:71272,MONDO:0009759,3.0702180126987537,27673237.0,False,False
CHEBI:6339,MONDO:0005212,3.1545156086808577,15072819.0,False,False
CHEBI:84883,MONDO:0005212,3.0671418051205075,28247986.0,False,False
CHEBI:3611,MONDO:0000141,3.0667423971822214,28323264.0,False,False
CHEBI:6709,MONDO:0009759,3.066889567983328,28295483.0,False,False
CHEBI:91834,MONDO:0013582,3.068492221249816,27994893.0,False,False
CHEBI:9588,MONDO:0005212,3.159240309292121,14551304.0,False,False
CHEBI:94688,MONDO:0000141,3.0672129344293078,28234720.0,False,False
CHEBI:51380,MONDO:0013582,3.0673713391307773,28204992.0,False,False
CHEBI:229643,MONDO:0006058,3.0940699011994623,23456663.0,False,False
UNII:5YL4IQ1078,MONDO:0005212,3.157703346643246,14718965.0,False,False
CHEBI:178199,MONDO:0005212,3.1586797892634344,14612217.0,False,False
CHEBI:6539,MONDO:0013582,3.068740675800194,27948567.0,False,False
CHEBI:7789,MONDO:0005212,3.1604374680870366,14421647.0,False,False
UNII:TO3JYR3BOU,MONDO:0009759,3.068105546147674,28067205.0,False,False
CHEBI:51210,MONDO:0005212,3.1598973696238035,14479864.0,False,False
CHEBI:2914,MONDO:0009759,3.0973775305545868,22912184.0,False,False
CHEBI:8665,MONDO:0006058,3.0942023065909625,23434412.0,False,False
UNII:G4PX8C4HKV,MONDO:0009759,3.0975507584068405,22883816.0,False,False
CHEBI:229230,MONDO:0005212,3.155975874386567,14909573.0,False,False
CHEBI:75988,MONDO:0000141,3.0964746026703525,23059254.0,False,False
CHEBI:59269,MONDO:0009759,3.0943675548026586,23406863.0,False,False
CHEBI:182080,MONDO:0009759,3.0686753591487355,27960766.0,False,False
CHEBI:94461,MONDO:0009759,3.0672230050323326,28232822.0,False,False
CHEBI:91817,MONDO:0000141,3.069735450476467,27763204.0,False,False
UNII:RE0V0T1ES0,MONDO:0009759,3.0682801402425968,28034443.0,False,False
CHEBI:31397,MONDO:0009759,3.069432978851405,27819391.0,False,False
UNII:033ECH6IFG,MONDO:0006058,3.094735214433685,23346146.0,False,False
CHEBI:91858,MONDO:0009759,3.067462082730731,28188034.0,False,False
CHEBI:8772,MONDO:0000141,3.096656119275976,23029658.0,False,False
CHEBI:174358,MONDO:0013582,3.0697711682443725,27756672.0,False,False
CHEBI:601027,MONDO:0000141,3.1563918877511625,14863468.0,False,False
CHEBI:4754,MONDO:0006058,3.155276687371908,14987568.0,False,False
UNII:7D96IR0PPM,MONDO:0013582,3.0936398463097934,23528342.0,False,False
CHEBI:681569,MONDO:0000141,3.069792802100552,27752620.0,False,False
CHEBI:7476,MONDO:0009759,3.199934410941028,10737913.0,False,False
CHEBI:68606,MONDO:0006058,3.196491056364786,11017588.0,False,False
CHEBI:133013,MONDO:0009759,3.0723081454162733,27285344.0,False,False
CHEBI:187893,MONDO:0000141,3.202865917227765,10505683.0,False,False
CHEBI:6129,MONDO:0013582,3.061777062438427,29264627.0,False,False
CHEBI:6942,MONDO:0009759,3.1975292123044703,10932123.0,False,False
CHEBI:94688,MONDO:0009759,3.0709273900173453,27541248.0,False,False
CHEBI:53760,MONDO:0009759,3.071843142189679,27371477.0,False,False
CHEBI:5778,MONDO:0013582,3.199902545563269,10740474.0,False,False
CHEBI:51041,MONDO:0006058,3.0714138442512127,27451201.0,False,False
CHEBI:69478,MONDO:0013582,3.0605124047245935,29506353.0,False,False
UNII:2WTV10SIKH,MONDO:0006058,3.199235078774799,10793899.0,False,False
UNII:0T4IMT8S5Z,MONDO:0006058,3.194807647300471,11156945.0,False,False
CHEBI:10454,MONDO:0006058,3.1989893083376835,10813640.0,False,False
CHEBI:135342,MONDO:0009759,3.073327433076681,27097166.0,False,False
CHEBI:3766,MONDO:0013582,3.071077343503366,27513280.0,False,False
CHEBI:135925,MONDO:0006058,3.0588027892430514,29834210.0,False,False
CHEBI:6078,MONDO:0009759,3.0585376455500435,29885513.0,False,False
CHEBI:4717,MONDO:0000141,3.0617733623945744,29265367.0,False,False
CHEBI:9635,MONDO:0013582,3.073230585593561,27114970.0,False,False
UNII:R43D2573WO,MONDO:0013582,3.0735017706119034,27065190.0,False,False
UNII:9R3D3Y0UHS,MONDO:0005212,3.1978538700120573,10905457.0,False,False
CHEBI:8069,MONDO:0013582,3.0708118418214347,27562647.0,False,False
CHEBI:47657,MONDO:0009759,3.071174751810494,27495268.0,False,False
CHEBI:46295,MONDO:0013582,3.061325245918579,29351028.0,False,False
UNII:6A901E312A,MONDO:0000141,3.0582571165683925,29939552.0,False,False
CHEBI:6904,MONDO:0009759,3.196763975607789,10995000.0,False,False
CHEBI:31857,MONDO:0006058,3.0590104317089093,29794612.0,False,False
CHEBI:51141,MONDO:0005212,3.072019056588447,27338857.0,False,False
CHEBI:9398,MONDO:0009759,3.0615002396590096,29317472.0,False,False
UNII:G0G0H52U6K,MONDO:0013582,3.0589256306050068,29810714.0,False,False
CHEBI:10127,MONDO:0005212,3.19697427110957,10977675.0,False,False
CHEBI:5523,MONDO:0013582,3.0591221296351176,29773421.0,False,False
CHEBI:145430,MONDO:0009759,3.058008738702659,29987581.0,False,False
CHEBI:3183,MONDO:0006058,3.0609574221227938,29421052.0,False,False
CHEBI:68845,MONDO:0005212,3.0613851939994365,29339514.0,False,False
CHEBI:85164,MONDO:0009759,3.0588824123021396,29818946.0,False,False
UNII:L929CBB126,MONDO:0000141,3.061908863166132,29239241.0,False,False
CHEBI:10033,MONDO:0000141,3.061198882260614,29375238.0,False,False
CHEBI:3371,MONDO:0005212,3.1998326298573643,10746081.0,False,False
CHEBI:8435,MONDO:0006058,3.2000911638717326,10725281.0,False,False
UNII:AD4J2O47FQ,MONDO:0009759,3.073045239924211,27149347.0,False,False
CHEBI:82700,MONDO:0009759,3.0599976641256452,29605321.0,False,False
UNII:NQX9KB6PCL,MONDO:0009759,3.133579208164675,17608230.0,False,False
CHEBI:102166,MONDO:0005212,3.137709088172513,17077714.0,False,False
CHEBI:136051,MONDO:0005212,3.1367936555023457,17194117.0,False,False
CHEBI:135811,MONDO:0013582,3.0400052370329953,33484635.0,False,False
CHEBI:176399,MONDO:0013582,3.037461383017475,33974379.0,False,False
CHEBI:59590,MONDO:0006058,3.134202560929679,17527888.0,False,False
CHEBI:72292,MONDO:0005212,3.1309321886239685,17955779.0,False,False
UNII:P85X70RZWS,MONDO:0005212,3.1304904185349005,18014470.0,False,False
CHEBI:135939,MONDO:0005212,3.0407700950567627,33336729.0,False,False
CHEBI:7444,MONDO:0000141,3.040479941214541,33392610.0,False,False
CHEBI:55346,MONDO:0006058,3.139436319040051,16860788.0,False,False
PUBCHEM.COMPOUND:160283094,MONDO:0000141,3.0400367649792903,33478495.0,False,False
CHEBI:82717,MONDO:0005212,3.1388428173879994,16935032.0,False,False
UMLS:C4547971,MONDO:0006058,3.1367546569352145,17199101.0,False,False
CHEBI:28304,MONDO:0009759,3.1362762000531967,17260018.0,False,False
CHEBI:5856,MONDO:0000141,3.137980059821863,17043495.0,False,False
UNII:ODJ69JZG85,MONDO:0000141,3.0405361413923035,33381989.0,False,False
CHEBI:31292,MONDO:0013582,3.037616570457356,33944585.0,False,False
UNII:G4PX8C4HKV,MONDO:0006058,3.134791092279486,17451544.0,False,False
CHEBI:68478,MONDO:0000141,3.1321652959123325,17793697.0,False,False
CHEBI:91407,MONDO:0009759,3.038602089636112,33755426.0,False,False
UNII:8680B21W73,MONDO:0009759,3.038160504238058,33840465.0,False,False
CHEBI:28262,MONDO:0009759,3.040433813407932,33401692.0,False,False
UNII:T41737F88A,MONDO:0000141,3.037527929575543,33961568.0,False,False
UNII:41KZS5432U,MONDO:0009759,3.037965487120338,33877919.0,False,False
CHEBI:37941,MONDO:0009759,3.130247418925038,18047031.0,False,False
CHEBI:6912,MONDO:0000141,3.0391741314067193,33644940.0,False,False
UNII:FYS6T7F842,MONDO:0009759,3.0384108443181366,33792084.0,False,False
CHEBI:45285,MONDO:0013582,3.1394774255608566,16855763.0,False,False
CHEBI:6822,MONDO:0006058,3.1401777886600133,16768575.0,False,False
CHEBI:65173,MONDO:0009759,3.1345948874436544,17476983.0,False,False
CHEBI:9667,MONDO:0000141,3.134163753539889,17532693.0,False,False
CHEBI:4514,MONDO:0013582,3.039977342038002,33490008.0,False,False
UNII:23OW28RS7P,MONDO:0006058,3.141106535472762,16653872.0,False,False
UNII:A9A0O6FB4H,MONDO:0013582,3.0380617236167673,33859287.0,False,False
UNII:XSZ53G39H5,MONDO:0005212,3.1410310605396066,16663357.0,False,False
CHEBI:4657,MONDO:0009759,3.1401695736731745,16769575.0,False,False
CHEBI:91834,MONDO:0006058,3.133914934568738,17564900.0,False,False
CHEBI:66913,MONDO:0006058,3.1369514981671576,17174055.0,False,False
UNII:9927MT646M,MONDO:0000141,3.0388199864459002,33713423.0,False,False
CHEBI:17252,MONDO:0013582,3.140447766608764,16735222.0,False,False
UNII:XOI2Q0ZF7G,MONDO:0006058,3.1333292699086384,17641017.0,False,False
CHEBI:5775,MONDO:0005212,3.1395631140802127,16845082.0,False,False
CHEBI:6797,MONDO:0006058,3.133431925457627,17627551.0,False,False
CHEBI:3403,MONDO:0013582,3.1311787014217085,17923371.0,False,False
CHEBI:28177,MONDO:0000141,3.1348206345409144,17447786.0,False,False
CHEBI:135720,MONDO:0009759,3.0388547604443703,33706708.0,False,False
CHEBI:167672,MONDO:0009759,3.040876740278016,33316155.0,False,False
UNII:1RXS4UE564,MONDO:0005212,3.180879448491062,12380513.0,False,False
UNII:71TH42O2CQ,MONDO:0009759,3.056755191037109,30229316.0,False,False
CHEBI:3534,MONDO:0009759,3.0824318208577335,25454560.0,False,False
UNII:420K487FSG,MONDO:0000141,3.05461071607862,30644977.0,False,False
CHEBI:231344,MONDO:0013582,3.056088252963682,30358809.0,False,False
CHEBI:142432,MONDO:0006058,3.1830416505624157,12181832.0,False,False
CHEBI:4315,MONDO:0009759,3.182824270365008,12201732.0,False,False
CHEBI:17076,MONDO:0000141,3.054836103503023,30601533.0,False,False
CHEBI:7573,MONDO:0013582,3.177765763099293,12671723.0,False,False
CHEBI:194527,MONDO:0009759,3.053868714207562,30789244.0,False,False
CHEBI:50173,MONDO:0013582,3.057275115487853,30128839.0,False,False
CHEBI:7735,MONDO:0013582,3.0551443407891403,30541675.0,False,False
CHEBI:64354,MONDO:0013582,3.057438320276264,30097670.0,False,False
PUBCHEM.COMPOUND:54671203,MONDO:0009759,3.177705397274469,12677348.0,False,False
UNII:0Y70779M1F,MONDO:0006058,3.0817965591167567,25566535.0,False,False
CHEBI:90217,MONDO:0000141,3.057313166652629,30121709.0,False,False
CHEBI:3738,MONDO:0009759,3.082088925822688,25515229.0,False,False
CHEBI:4470,MONDO:0005212,3.0803662406077708,25821497.0,False,False
CHEBI:31184,MONDO:0009759,3.0537164537882537,30818774.0,False,False
CHEBI:5384,MONDO:0005212,3.080661996610115,25768598.0,False,False
UNII:1L7BVT4Z4Z,MONDO:0005212,3.054494149766292,30667724.0,False,False
CHEBI:3437,MONDO:0006058,3.1843619784163884,12061788.0,False,False
CHEBI:3374,MONDO:0000141,3.0547403526372165,30619984.0,False,False
UNII:306ERL82IR,MONDO:0009759,3.0821702897144436,25500966.0,False,False
CHEBI:84116,MONDO:0005212,3.08227716095977,25482160.0,False,False
CHEBI:4639,MONDO:0009759,3.0811100074658206,25688320.0,False,False
CHEBI:40303,MONDO:0000141,3.080997014954473,25708614.0,False,False
CHEBI:3347,MONDO:0005212,3.1796632938236584,12493103.0,False,False
CHEBI:6797,MONDO:0013582,3.079756791301935,25930867.0,False,False
CHEBI:65349,MONDO:0006058,3.0806627553900157,25768469.0,False,False
CHEBI:41500,MONDO:0005212,3.179849146148635,12475944.0,False,False
CHEBI:231350,MONDO:0000141,3.0574995230085813,30085774.0,False,False
CHEBI:28876,MONDO:0009759,3.057229381703107,30137886.0,False,False
UNII:1H09Y5WO1F,MONDO:0009759,3.0540980906864577,30744700.0,False,False
PUBCHEM.COMPOUND:5284632,MONDO:0009759,3.0835148793846052,25263828.0,False,False
CHEBI:5147,MONDO:0005212,3.184987166540747,12005783.0,False,False
CHEBI:28621,MONDO:0013582,3.055558730759441,30461389.0,False,False
CHEBI:76128,MONDO:0009759,3.0543476996627326,30695899.0,False,False
CHEBI:7865,MONDO:0006058,3.08059295853859,25780878.0,False,False
CHEBI:91083,MONDO:0000141,3.0564552162854053,30287421.0,False,False
UNII:A9A0O6FB4H,MONDO:0000141,3.0575622850779114,30073660.0,False,False
CHEBI:31857,MONDO:0000141,3.056609957739744,30257402.0,False,False
CHEBI:37943,MONDO:0006058,3.18237996103365,12242154.0,False,False
CHEBI:51817,MONDO:0005212,3.080790527850183,25745477.0,False,False
CHEBI:408174,MONDO:0013582,3.0560313117247544,30369723.0,False,False
UNII:760I9WM792,MONDO:0009759,3.056987174374923,30184547.0,False,False
CHEBI:7601,MONDO:0009759,3.180554472999206,12410303.0,False,False
CHEBI:6067,MONDO:0009759,3.184248348092116,12072122.0,False,False
CHEBI:6504,MONDO:0013582,3.0808965971452973,25726592.0,False,False
CHEBI:3374,MONDO:0009759,3.0812787968723936,25658367.0,False,False
CHEBI:31859,MONDO:0013582,3.081224058734052,25667969.0,False,False
CHEBI:6960,MONDO:0005212,3.0805141464568715,25795026.0,False,False
UNII:8NZ41MIK1O,MONDO:0013582,3.056418812277606,30294420.0,False,False
CHEBI:46195,MONDO:0013582,3.08374817593708,25223277.0,False,False
CHEBI:3207,MONDO:0000141,3.083779085583579,25217840.0,False,False
CHEBI:240107,MONDO:0000141,3.0567501210025485,30230300.0,False,False
CHEBI:31596,MONDO:0013582,3.0469210280273,32141025.0,False,False
CHEBI:8764,MONDO:0000141,3.0852705542636785,24957122.0,False,False
CHEBI:194186,MONDO:0009759,3.0462496580891267,32271990.0,False,False
CHEBI:520985,MONDO:0000141,3.049034214211997,31729233.0,False,False
UMLS:C0006050,MONDO:0005212,3.1919235029630224,11399369.0,False,False
CHEBI:65173,MONDO:0005212,3.0850930895590034,24988047.0,False,False
CHEBI:8461,MONDO:0013582,3.0489989046902064,31736094.0,False,False
UNII:2CN60TN6ZS,MONDO:0000141,3.08659719056146,24726573.0,False,False
CHEBI:9943,MONDO:0009759,3.1882155858148407,11720218.0,False,False
CHEBI:71253,MONDO:0005212,3.087419597187224,24584282.0,False,False
CHEBI:75037,MONDO:0013582,3.0474865758416465,32030827.0,False,False
CHEBI:92769,MONDO:0000141,3.087893000625626,24502743.0,False,False
PUBCHEM.COMPOUND:261004,MONDO:0009759,3.0475276311143933,32022650.0,False,False
CHEBI:134718,MONDO:0005212,3.087164641103164,24628156.0,False,False
CHEBI:145499,MONDO:0009759,3.187765930943942,11759556.0,False,False
UNII:O5ZD2TU2B7,MONDO:0009759,3.047835851568667,31962252.0,False,False
CHEBI:8713,MONDO:0006058,3.1897452160565654,11586837.0,False,False
CHEBI:84500,MONDO:0005212,3.0872435725614515,24614647.0,False,False
CHEBI:135922,MONDO:0013582,3.0842198293195606,25141305.0,False,False
CHEBI:135207,MONDO:0009759,3.0875030743289202,24569913.0,False,False
CHEBI:5134,MONDO:0009759,3.1941903652394696,11208361.0,False,False
CHEBI:32229,MONDO:0009759,3.0482261997260887,31886684.0,False,False
CHEBI:5004,MONDO:0013582,3.047448815418,32038204.0,False,False
UNII:O5ZD2TU2B7,MONDO:0013582,3.085780406552023,24868160.0,False,False
CHEBI:16586,MONDO:0013582,3.086687631219071,24710882.0,False,False
CHEBI:50381,MONDO:0000141,3.0850763530954213,24990983.0,False,False
CHEBI:63845,MONDO:0000141,3.048487240796356,31835812.0,False,False
CHEBI:3485,MONDO:0009759,3.19025992396619,11542158.0,False,False
UNII:7SE5582Q2P,MONDO:0006058,3.1903380804561197,11535348.0,False,False
CHEBI:35149,MONDO:0006058,3.087188458182319,24624149.0,False,False
CHEBI:8249,MONDO:0006058,3.1906744287622537,11506493.0,False,False
CHEBI:42068,MONDO:0000141,3.087915012733612,24498931.0,False,False
CHEBI:50841,MONDO:0013582,3.0847441154350266,25049493.0,False,False
CHEBI:8364,MONDO:0013582,3.0879630154960602,24490727.0,False,False
CHEBI:49005,MONDO:0013582,3.08530620729673,24950912.0,False,False
CHEBI:34385,MONDO:0013582,3.0849192820900844,25018754.0,False,False
CHEBI:135935,MONDO:0005212,3.0469795902443457,32129763.0,False,False
CHEBI:64354,MONDO:0005212,3.046735014481695,32177224.0,False,False
CHEBI:3223,MONDO:0009759,3.1928552339868164,11320323.0,False,False
CHEBI:140427,MONDO:0013582,3.0867162183892107,24705739.0,False,False
UNII:7IK8Z952OK,MONDO:0000141,3.0466213941035303,32199400.0,False,False
RXCUI:1429358,MONDO:0009759,3.0862555156097056,24785446.0,False,False
CHEBI:43968,MONDO:0013582,3.046605290867972,32202478.0,False,False
CHEBI:38545,MONDO:0013582,3.08415549592634,25152329.0,False,False
CHEBI:134991,MONDO:0005212,3.04872692375096,31788798.0,False,False
CHEBI:3636,MONDO:0005212,3.0858532533086396,24855570.0,False,False
UNII:Y64GQ0KC0A,MONDO:0009759,3.048531596965848,31827256.0,False,False
UNII:3JGY52XJNA,MONDO:0009759,3.0465375345320473,32215692.0,False,False
CHEBI:6960,MONDO:0009759,3.192930344944474,11313809.0,False,False
CHEBI:134742,MONDO:0009759,3.0491684713790725,31703129.0,False,False
CHEBI:140628,MONDO:0005212,3.0846752321221604,25061372.0,False,False
CHEBI:7809,MONDO:0009759,3.088028242833687,24479439.0,False,False
CHEBI:156095,MONDO:0006058,3.186573774983797,11864921.0,False,False
CHEBI:16359,MONDO:0013582,3.0456527894893832,32387721.0,False,False
UNII:5Z9SP3X666,MONDO:0013582,3.02252027048344,36717487.0,False,False
UNII:6D5766Q4OP,MONDO:0000141,3.021596705430632,36875119.0,False,False
CHEBI:85182,MONDO:0009759,3.01433614125472,38028324.0,False,False
UNII:E3B2GI648A,MONDO:0009759,3.012968405505664,38224351.0,False,False
CHEBI:205919,MONDO:0013582,3.043282724887445,32847672.0,False,False
CHEBI:3485,MONDO:0000141,3.042908655242898,32920706.0,False,False
CHEBI:135931,MONDO:0013582,3.022865712800809,36658061.0,False,False
DRUGBANK:DB16802,MONDO:0000141,3.0249833428452297,36289546.0,False,False
UNII:7662KG2R6K,MONDO:0000141,3.044009150336662,32707009.0,False,False
CHEBI:5109,MONDO:0013582,3.021793643936882,36841832.0,False,False
CHEBI:60210,MONDO:0000141,3.0096897950772523,38658829.0,False,False
CHEBI:9720,MONDO:0013582,3.0439030091904455,32727685.0,False,False
CHEBI:39112,MONDO:0009759,3.02123868676186,36935363.0,False,False
CHEBI:59040,MONDO:0013582,3.0248673891945836,36309902.0,False,False
CHEBI:204928,MONDO:0013582,3.0441235850920876,32684976.0,False,False
CHEBI:68575,MONDO:0005212,3.0438443985617436,32739015.0,False,False
CHEBI:4055,MONDO:0013582,3.0224480452327045,36729910.0,False,False
CHEBI:84500,MONDO:0000141,3.042824673432106,32936893.0,False,False
CHEBI:229680,MONDO:0009759,3.014760167787511,37966130.0,False,False
CHEBI:229225,MONDO:0013582,3.02368961550203,36515927.0,False,False
CHEBI:51364,MONDO:0005212,3.044165141009497,32676944.0,False,False
UNII:59UA429E5G,MONDO:0009759,3.024608013377547,36355654.0,False,False
UNII:UA8U0KJM72,MONDO:0000141,3.0437025961395907,32766526.0,False,False
CHEBI:178199,MONDO:0000141,3.0127547392405627,38254123.0,False,False
CHEBI:233362,MONDO:0009759,3.025111857310242,36266939.0,False,False
CHEBI:2659,MONDO:0000141,3.0429320391206116,32916121.0,False,False
UNII:5W8JGG2651,MONDO:0000141,3.044543521776241,32603434.0,False,False
UMLS:C0003993,MONDO:0000141,3.0438290904276997,32741997.0,False,False
UNII:K4YTU42T8G,MONDO:0000141,3.0131866069164803,38193550.0,False,False
CHEBI:75275,MONDO:0000141,3.0121371314756775,38339678.0,False,False
CHEBI:2469,MONDO:0009759,3.0419000517310044,33117154.0,False,False
CHEBI:145430,MONDO:0013582,3.0100261213834534,38616854.0,False,False
UNII:7K5O7P6QIU,MONDO:0013582,3.0140332535382335,38072483.0,False,False
UNII:8680B21W73,MONDO:0000141,3.024840349831255,36314741.0,False,False
CHEBI:6838,MONDO:0000141,3.0427722674530417,32946937.0,False,False
CHEBI:63581,MONDO:0013582,3.01055013443946,38550402.0,False,False
CHEBI:228304,MONDO:0013582,3.0236354689718463,36525174.0,False,False
CHEBI:167600,MONDO:0013582,3.0430407966232416,32894611.0,False,False
CHEBI:127780,MONDO:0013582,3.0137985305005746,38106189.0,False,False
CHEBI:190509,MONDO:0013582,3.0451863120281373,32478511.0,False,False
UNII:PY79D6C8RX,MONDO:0009759,3.0444944265071934,32612964.0,False,False
CHEBI:141474,MONDO:0013582,3.024712946323679,36337206.0,False,False
UNII:2N4O9L084N,MONDO:0005212,3.043659261396365,32775083.0,False,False
UNII:7CDW97HUEX,MONDO:0009759,3.042108672284561,33076614.0,False,False
CHEBI:17561,MONDO:0000141,3.021225281676789,36937671.0,False,False
UNII:961YV2O515,MONDO:0013582,3.010647479143743,38537797.0,False,False
CHEBI:85990,MONDO:0009759,3.0127078399411924,38260677.0,False,False
CHEBI:149836,MONDO:0009759,3.0436907229578147,32768878.0,False,False
CHEBI:61033,MONDO:0013582,3.0441620777897063,32677541.0,False,False
CHEBI:135276,MONDO:0013582,3.0123711542079636,38307673.0,False,False
CHEBI:132967,MONDO:0000141,3.0106816142130297,38533375.0,False,False
CHEBI:82700,MONDO:0013582,3.020575210360427,37046776.0,False,False
CHEBI:313639,MONDO:0005212,3.0419794203004322,33101675.0,False,False
CHEBI:63599,MONDO:0000141,3.042392956075993,33021160.0,False,False
UMLS:C4547971,MONDO:0009759,3.023566675244485,36537210.0,False,False
UNII:TL60C27RLH,MONDO:0013582,3.0248476434955514,36313429.0,False,False
CHEBI:2719,MONDO:0009759,3.042476306013242,33004923.0,False,False
UNII:0Y70779M1F,MONDO:0000141,3.0219391959396678,36817110.0,False,False
UNII:08GY9K1EUO,MONDO:0013582,3.0139732276995206,38081220.0,False,False
UNII:6D5766Q4OP,MONDO:0013582,3.0132586360172358,38183479.0,False,False
UNII:RR6P8L282I,MONDO:0009759,3.0143600098613144,38024840.0,False,False
CHEBI:3242,MONDO:0013582,3.0249434494081733,36296558.0,False,False
UMLS:C5421200,MONDO:0009759,3.012023331375717,38355083.0,False,False
CHEBI:64187,MONDO:0000141,3.0151407665647936,37909152.0,False,False
UNII:K6BUU8J72P,MONDO:0009759,3.024575841047703,36361308.0,False,False
CHEBI:232810,MONDO:0013582,3.0098807533303007,38635117.0,False,False
RXCUI:1429358,MONDO:0000141,3.015096617582788,37915814.0,False,False
CHEBI:135920,MONDO:0013582,3.0247251021764816,36335029.0,False,False
UNII:7D0YB67S97,MONDO:0000141,3.013113740479291,38203845.0,False,False
UNII:3VHF2ZD92J,MONDO:0013582,3.009783727307748,38647214.0,False,False
CHEBI:82717,MONDO:0000141,3.0226159570655686,36701218.0,False,False
UMLS:C5238067,MONDO:0013582,3.022248676256723,36764447.0,False,False
CHEBI:232556,MONDO:0000141,3.0110007679015585,38491759.0,False,False
UNII:8L7891MRB6,MONDO:0009759,3.0242055674213058,36426017.0,False,False
CHEBI:34825,MONDO:0013582,3.0224303322741477,36733060.0,False,False
CHEBI:104017,MONDO:0009759,3.0418722767274176,33122666.0,False,False
CHEBI:188153,MONDO:0013582,3.0450216221410233,32510481.0,False,False
CHEBI:134783,MONDO:0013582,3.0106334961353243,38539622.0,False,False
UNII:RZT8C352O1,MONDO:0009759,3.045045647093397,32505787.0,False,False
CHEBI:135552,MONDO:0013582,3.0243365697367905,36403067.0,False,False
CHEBI:3698,MONDO:0009759,3.025062565808093,36275617.0,False,False
CHEBI:4514,MONDO:0000141,3.024238155163766,36420296.0,False,False
UNII:I5I8VB78VT,MONDO:0013582,3.013110629025624,38204288.0,False,False
DRUGBANK:DB16582,MONDO:0013582,3.0211438134418174,36951240.0,False,False
UNII:8RW88Y506K,MONDO:0013582,3.0149716490130345,37934523.0,False,False
CHEBI:17303,MONDO:0000141,3.011955808531291,38364144.0,False,False
CHEBI:421707,MONDO:0013582,3.0139851814240517,38079475.0,False,False
UMLS:C0937609,MONDO:0009759,3.0418507084191484,33126959.0,False,False
UMLS:C5556533,MONDO:0009759,3.021023269481435,36971558.0,False,False
CHEBI:135923,MONDO:0013582,3.010858508974974,38510411.0,False,False
UNII:5G7AKV2MKP,MONDO:0013582,3.012542672321619,38283879.0,False,False
CHEBI:7577,MONDO:0000141,3.0100295727768933,38616416.0,False,False
UNII:3JB47N2Q2P,MONDO:0009759,3.0248361753150457,36315459.0,False,False
CHEBI:6633,MONDO:0013582,3.021813155323841,36838600.0,False,False
CHEBI:91083,MONDO:0009759,3.0220511523157505,36797873.0,False,False
CHEBI:45367,MONDO:0009759,3.024992020192782,36288020.0,False,False
CHEBI:5739,MONDO:0013582,3.023780383606905,36499929.0,False,False
CHEBI:68540,MONDO:0009759,3.020828562278571,37004281.0,False,False
UMLS:C5421200,MONDO:0000141,3.024204213520379,36426255.0,False,False
CHEBI:172943,MONDO:0000141,3.015257844954484,37891763.0,False,False
CHEBI:31403,MONDO:0013582,3.0136910141113082,38121616.0,False,False
UNII:F925RR824R,MONDO:0009759,3.013128047187111,38201793.0,False,False
CHEBI:78825,MONDO:0013582,3.0110053149732616,38491159.0,False,False
CHEBI:90908,MONDO:0013582,3.0160888875435874,37765196.0,False,False
CHEBI:50169,MONDO:0009759,3.1023599054921958,22109475.0,False,False
UMLS:C2316217,MONDO:0000141,3.017353741455292,37568992.0,False,False
RXCUI:379383,MONDO:0009759,3.0177849257451523,37500658.0,False,False
CHEBI:135207,MONDO:0013582,3.019535465517041,37218544.0,False,False
CHEBI:135333,MONDO:0005212,3.10082279858278,22354533.0,False,False
CHEBI:91514,MONDO:0005212,3.015685890167005,37826861.0,False,False
CHEMBL.COMPOUND:CHEMBL2367706,MONDO:0013582,3.0499193484152958,31556476.0,False,False
UNII:Z633861EIM,MONDO:0000141,3.0181231229820416,37447128.0,False,False
CHEBI:135945,MONDO:0013582,3.016383003335223,37720008.0,False,False
CHEBI:47097,MONDO:0009759,3.016148510232653,37756061.0,False,False
CHEBI:31515,MONDO:0006058,3.1012668535420964,22283343.0,False,False
CHEBI:3568,MONDO:0009759,3.0534600288372804,30868420.0,False,False
CHEBI:63916,MONDO:0013582,3.101939526764237,22176214.0,False,False
CHEBI:7476,MONDO:0013582,3.0988345604175582,22674961.0,False,False
UNII:513P80B4YJ,MONDO:0013582,3.017641002484742,37523443.0,False,False
CHEBI:18358,MONDO:0009759,3.051719808182044,31207781.0,False,False
CHEBI:7478,MONDO:0009759,3.101394296532394,22263298.0,False,False
UNII:8202AY8I7H,MONDO:0013582,3.017170718032691,37597855.0,False,False
CHEBI:46859,MONDO:0013582,3.0191003724844907,37289274.0,False,False
CHEBI:31403,MONDO:0006058,3.0996887190493974,22536681.0,False,False
CHEBI:2611,MONDO:0000141,3.0523816597569526,31077988.0,False,False
CHEBI:94440,MONDO:0009759,3.0171171421799343,37606104.0,False,False
CHEBI:229649,MONDO:0009759,3.018685651433916,37357062.0,False,False
CHEBI:6759,MONDO:0005212,3.098629792120244,22708168.0,False,False
CHEBI:9123,MONDO:0006058,3.0986739008425355,22700989.0,False,False
CHEBI:5391,MONDO:0013582,3.0518118715098934,31189764.0,False,False
CHEMBL.COMPOUND:CHEMBL4582651,MONDO:0009759,3.015546896963003,37847934.0,False,False
CHEBI:91858,MONDO:0000141,3.0199659048952103,37147744.0,False,False
DRUGBANK:DB17381,MONDO:0013582,3.0172017026242206,37592908.0,False,False
CHEBI:93403,MONDO:0005212,3.0528537851172666,30985905.0,False,False
UNII:90ZX3Q3FR7,MONDO:0000141,3.0518940632894953,31173730.0,False,False
CHEBI:408174,MONDO:0009759,3.099830594886858,22513981.0,False,False
CHEBI:63452,MONDO:0009759,3.020364935176768,37081829.0,False,False
CHEBI:7457,MONDO:0013582,3.0983707370633002,22750031.0,False,False
CHEBI:205919,MONDO:0000141,3.0511632138140934,31315720.0,False,False
CHEBI:63918,MONDO:0009759,3.0187553274485106,37345801.0,False,False
UNII:2HLC17MX9G,MONDO:0009759,3.016279134999274,37735913.0,False,False
CHEBI:84500,MONDO:0006058,3.1008407804061804,22351631.0,False,False
CHEBI:73275,MONDO:0009759,3.0183747934217706,37406766.0,False,False
CHEBI:31355,MONDO:0000141,3.0532387379384702,30911509.0,False,False
UMLS:C2826229,MONDO:0009759,3.0174891839641997,37547505.0,False,False
UNII:Q6U6J48BWY,MONDO:0013582,3.0172131199253314,37591060.0,False,False
UNII:DQ448MW7KS,MONDO:0000141,3.0985216030815312,22725740.0,False,False
CHEBI:10454,MONDO:0013582,3.016646315932493,37679428.0,False,False
UNII:09495UIM6V,MONDO:0000141,3.0532286687486114,30913491.0,False,False
CHEBI:28300,MONDO:0013582,3.0201842604877287,37111839.0,False,False
CHEBI:2569,MONDO:0005212,3.100749577719605,22366162.0,False,False
UMLS:C5439902,MONDO:0013582,3.0167642303302475,37661349.0,False,False
CHEBI:78540,MONDO:0009759,3.0184868227850656,37388708.0,False,False
CHEBI:6933,MONDO:0005212,3.05270737992332,31014631.0,False,False
CHEBI:84050,MONDO:0000141,3.100794735214326,22359090.0,False,False
UMLS:C5439902,MONDO:0000141,3.019645344461005,37200399.0,False,False
UNII:2P471X1Z11,MONDO:0000141,3.019256061081597,37263753.0,False,False
DRUGBANK:DB16738,MONDO:0009759,3.0169819026785416,37627235.0,False,False
CHEBI:16962,MONDO:0013582,3.0525535488539206,31044404.0,False,False
CHEBI:15367,MONDO:0000141,3.0984175229424515,22742544.0,False,False
UNII:12PYH0FTU9,MONDO:0000141,3.0167653196343136,37661168.0,False,False
CHEBI:140376,MONDO:0009759,3.0169615434997716,37630556.0,False,False
CHEBI:31759,MONDO:0013582,3.0178730713477053,37486623.0,False,False
CHEBI:30746,MONDO:0000141,3.050079614448399,31525383.0,False,False
CHEBI:408174,MONDO:0005212,3.05198776261353,31155398.0,False,False
CHEBI:9674,MONDO:0013582,3.0158953488820535,37794985.0,False,False
CHEBI:90951,MONDO:0005212,3.0986436390576158,22705820.0,False,False
DRUGBANK:DB17381,MONDO:0000141,3.015580703336912,37842808.0,False,False
CHEBI:231598,MONDO:0009759,3.0526385333248447,31028046.0,False,False
CHEBI:3561,MONDO:0000141,3.0164219950266355,37714114.0,False,False
CHEBI:50730,MONDO:0006058,3.100611044368465,22388415.0,False,False
CHEBI:178699,MONDO:0000141,3.0075269633197905,38911835.0,False,False
CHEBI:50212,MONDO:0013582,3.026268768107673,36060832.0,False,False
CHEBI:313639,MONDO:0006058,3.026151177139362,36081821.0,False,False
UNII:P93RUU11P7,MONDO:0000141,3.028783541268626,35605100.0,False,False
CHEBI:16828,MONDO:0000141,3.0052081928626135,39145753.0,False,False
CHEBI:37510,MONDO:0009759,3.005276015246931,39139473.0,False,False
UNII:90Z2UF0E52,MONDO:0000141,3.026989461809816,35931100.0,False,False
CHEBI:60799,MONDO:0009759,3.0363829917551426,34180986.0,False,False
CHEBI:77942,MONDO:0013582,3.0019717708977725,39382804.0,False,False
UNII:31YO63LBSN,MONDO:0013582,3.0066067705382222,39009744.0,False,False
CHEBI:61390,MONDO:0013582,3.0057271943323682,39097467.0,False,False
CHEBI:85990,MONDO:0013582,3.0015276649572185,39404261.0,False,False
CHEBI:78825,MONDO:0009759,3.0088561868431007,38760005.0,False,False
CHEBI:90851,MONDO:0013582,3.006373017973184,39033860.0,False,False
UNII:2R27AB6766,MONDO:0000141,3.025495835020174,36198863.0,False,False
CHEBI:135738,MONDO:0000141,3.0289285703633766,35578283.0,False,False
CHEBI:78432,MONDO:0009759,3.025562340420076,36187153.0,False,False
CHEBI:145428,MONDO:0000141,3.0343929528739793,34559191.0,False,False
UMLS:C0006050,MONDO:0009759,3.0279610717996537,35755305.0,False,False
CHEBI:50305,MONDO:0013582,3.0091735208793597,38722093.0,False,False
CHEBI:71229,MONDO:0000141,3.036888122843913,34084471.0,False,False
UNII:71TH42O2CQ,MONDO:0000141,3.0091541037306513,38724415.0,False,False
UNII:2CN60TN6ZS,MONDO:0013582,3.028914633185103,35580860.0,False,False
CHEBI:3696,MONDO:0013582,3.035839775422623,34284758.0,False,False
CHEBI:31498,MONDO:0000141,3.0065836512828086,39012171.0,False,False
CHEBI:90926,MONDO:0013582,3.0043352941086434,39221393.0,False,False
RXCUI:866851,MONDO:0000141,3.008645892938769,38784882.0,False,False
UMLS:C4687660,MONDO:0009759,3.0094924462508557,38683350.0,False,False
UNII:KG6VO684Z6,MONDO:0009759,3.0066186363248892,39008483.0,False,False
CHEBI:88316,MONDO:0013582,3.00475972449079,39185675.0,False,False
UNII:T4H8FMA7IM,MONDO:0000141,3.0276148241335568,35817844.0,False,False
UNII:LDJ89SS0YG,MONDO:0009759,3.0068392665938726,38985591.0,False,False
CHEBI:45367,MONDO:0013582,3.0035078974801097,39285807.0,False,False
UNII:K0N0Z40J3W,MONDO:0013582,3.0053221019846195,39135211.0,False,False
CHEBI:76010,MONDO:0009759,3.0258612345816736,36133586.0,False,False
DRUGBANK:DB16199,MONDO:0013582,3.0286344704485844,35632523.0,False,False
CHEBI:82752,MONDO:0013582,3.0044453345571287,39212270.0,False,False
CHEBI:231344,MONDO:0009759,3.033688696625023,34692276.0,False,False
CHEBI:132774,MONDO:0000141,3.03371496384141,34687349.0,False,False
CHEBI:313639,MONDO:0000141,3.0074283467059675,38922851.0,False,False
CHEBI:37943,MONDO:0000141,3.00675740670837,38994143.0,False,False
CHEBI:75922,MONDO:0013582,3.0062549997548516,39045809.0,False,False
CHEBI:41872,MONDO:0013582,3.0363673783528404,34183982.0,False,False
CHEBI:82700,MONDO:0000141,3.0357565283937036,34300481.0,False,False
UNII:K6BUU8J72P,MONDO:0013582,3.0061576463397177,39055430.0,False,False
CHEBI:17549,MONDO:0009759,3.026757185521398,35973134.0,False,False
UNII:6QVL057INT,MONDO:0013582,3.006050448879126,39065946.0,False,False
UNII:SXA7YP6EKX,MONDO:0013582,3.0261657049084265,36079181.0,False,False
UNII:L7451S9126,MONDO:0000141,3.006958359960617,38973079.0,False,False
CHEBI:72291,MONDO:0000141,3.0070096522132275,38967659.0,False,False
CHEBI:229764,MONDO:0013582,3.028713934208792,35617968.0,False,False
UMLS:C4331966,MONDO:0013582,3.0344492403454186,34548620.0,False,False
UNII:4B93MGE4AL,MONDO:0013582,3.008184832975713,38838315.0,False,False
CHEBI:4659,MONDO:0013582,3.025895998835292,36127304.0,False,False
CHEBI:177453,MONDO:0000141,3.0354414773395475,34360601.0,False,False
UNII:420K487FSG,MONDO:0013582,3.0091286707513305,38727504.0,False,False
CHEBI:71223,MONDO:0013582,3.0037836432071927,39265286.0,False,False
PUBCHEM.COMPOUND:132212657,MONDO:0000141,3.0094276723144278,38691171.0,False,False
CHEBI:71219,MONDO:0009759,3.034694847312345,34502230.0,False,False
CHEBI:6015,MONDO:0000141,3.037390391747742,33988021.0,False,False
CHEBI:88316,MONDO:0000141,3.0030530769035435,39317652.0,False,False
UNII:4B93MGE4AL,MONDO:0009759,3.0255526314870895,36188888.0,False,False
DRUGBANK:DB16738,MONDO:0000141,3.026519426818777,36015685.0,False,False
RXCUI:2119698,MONDO:0000141,3.036926561631449,34077199.0,False,False
CHEBI:63606,MONDO:0000141,3.00687485455389,38981886.0,False,False
UNII:2372V1TKXK,MONDO:0013582,3.0047655605779724,39185162.0,False,False
UNII:8680B21W73,MONDO:0013582,3.0085475888113553,38796366.0,False,False
CHEBI:31000,MONDO:0000141,3.0074994413690037,38914854.0,False,False
CHEBI:134677,MONDO:0013582,3.0273976003623604,35857144.0,False,False
CHEBI:63589,MONDO:0009759,3.0368103019113857,34099097.0,False,False
CHEBI:41500,MONDO:0000141,3.0047592964731225,39185701.0,False,False
UNII:1RXS4UE564,MONDO:0009759,3.0289933787918644,35566330.0,False,False
CHEBI:45304,MONDO:0013582,3.0089096176501298,38753686.0,False,False
CHEBI:85182,MONDO:0013582,3.007078406486274,38960376.0,False,False
CHEBI:31348,MONDO:0013582,3.0356131198917984,34327758.0,False,False
CHEBI:215747,MONDO:0000141,3.0028472211472814,39331289.0,False,False
CHEBI:72690,MONDO:0013582,3.000991769135449,39425383.0,False,False
CHEBI:15891,MONDO:0000141,3.0082598742782185,38829669.0,False,False
UNII:Q4K217VGA9,MONDO:0000141,3.0046129125403125,39198235.0,False,False
CHEBI:16163,MONDO:0009759,3.03440452421518,34557064.0,False,False
CHEBI:75832,MONDO:0000141,3.029008267370056,35563566.0,False,False
UNII:54534MX6Z9,MONDO:0013582,3.0047004425723944,39190686.0,False,False
CHEBI:31638,MONDO:0009759,3.009393270096291,38695272.0,False,False
CHEBI:2666,MONDO:0013582,3.034859040956925,34471400.0,False,False
UNII:28X28X9OKV,MONDO:0009759,3.007243406673407,38942834.0,False,False
UNII:7K28NB895L,MONDO:0013582,3.0366555914883953,34128828.0,False,False
DRUGBANK:DB13915,MONDO:0013582,3.009349592885707,38700682.0,False,False
UNII:2P471X1Z11,MONDO:0013582,3.0036211533134702,39277448.0,False,False
CHEBI:313639,MONDO:0009759,3.037414698575124,33983387.0,False,False
UNII:DVF0PR037D,MONDO:0000141,3.004075230164038,39242572.0,False,False
UNII:2BT4C47RUI,MONDO:0013582,3.003487549231271,39287270.0,False,False
UMLS:C4723695,MONDO:0013582,3.0079367900333462,38866441.0,False,False
PR:000007303,MONDO:0000141,3.003287562901474,39301714.0,False,False
UNII:O43472U9X8,MONDO:0009759,3.006485134887663,39022345.0,False,False
CHEBI:90943,MONDO:0009759,3.0286483169115024,35629989.0,False,False
CHEBI:82980,MONDO:0013582,3.0289388238735695,35576382.0,False,False
CHEBI:567361,MONDO:0005212,3.800845125917065,163211.0,False,False
CHEBI:2904,MONDO:0013582,3.5580166912353786,834721.0,False,False
UNII:DPT0O3T46P,MONDO:0005212,3.4943573291108683,1289508.0,False,False
CHEBI:5864,MONDO:0006058,3.855510410003598,113174.0,False,False
UNII:1IJV77EI07,MONDO:0005212,3.486995397936778,1356984.0,False,False
CHEBI:16796,MONDO:0006058,3.5758769439257962,739823.0,False,False
CHEBI:41879,MONDO:0005212,3.665641309166806,405518.0,False,False
CHEBI:61397,MONDO:0006058,3.4869557647462086,1357341.0,False,False
CHEBI:5106,MONDO:0005212,3.5509747561822325,875564.0,False,False
CHEBI:3423,MONDO:0005212,4.159905187600053,15111.0,False,False
CHEBI:83766,MONDO:0006058,3.6157376550501876,566179.0,False,False
CHEBI:4315,MONDO:0006058,3.650546781408436,448406.0,False,False
CHEBI:49662,MONDO:0006058,3.706329587409241,308447.0,False,False
CHEBI:63612,MONDO:0005212,3.682078478818291,362847.0,False,False
CHEBI:68647,MONDO:0006058,3.4836706804249946,1388527.0,False,False
CHEBI:608828,MONDO:0006058,3.4719701469819286,1506611.0,False,False
CHEBI:135515,MONDO:0006058,3.6778298539133116,373401.0,False,False
CHEBI:85994,MONDO:0006058,4.005506486845718,41993.0,False,False
CHEBI:36704,MONDO:0005212,3.654698126493167,436245.0,False,False
CHEBI:63115,MONDO:0005212,3.515256454853991,1116877.0,False,False
CHEBI:52717,MONDO:0005212,4.087901969654783,24246.0,False,False
CHEBI:9555,MONDO:0005212,3.669821539760571,394066.0,False,False
CHEBI:78432,MONDO:0005212,3.4892574210511147,1335742.0,False,False
CHEBI:46345,MONDO:0005212,4.289037555703581,6501.0,False,False
UNII:83G67E21XI,MONDO:0006058,3.6224624741665954,541065.0,False,False
UNII:7SQY4ZUD30,MONDO:0005212,3.648844286073556,453531.0,False,False
UNII:25E79B5CTM,MONDO:0006058,3.4966718170246294,1269039.0,False,False
CHEBI:71417,MONDO:0005212,3.7596622938990603,214876.0,False,False
CHEBI:681569,MONDO:0005212,3.6442328939789865,467618.0,False,False
CHEBI:3892,MONDO:0005212,3.673867046562332,383476.0,False,False
UNII:9013DUQ28K,MONDO:0006058,3.5629912717994823,806989.0,False,False
CHEBI:68642,MONDO:0005212,3.5209297294480963,1074385.0,False,False
UNII:I031V2H011,MONDO:0006058,3.4971085791996943,1265200.0,False,False
CHEBI:15551,MONDO:0005212,3.511667063411747,1144703.0,False,False
CHEBI:114785,MONDO:0006058,3.620951159970315,546684.0,False,False
PUBCHEM.COMPOUND:132212657,MONDO:0006058,3.534553420375402,979153.0,False,False
CHEBI:47898,MONDO:0006058,3.8055283857432487,158195.0,False,False
CHEBI:4315,MONDO:0005212,3.597368031532942,640018.0,False,False
UNII:15C2VL427D,MONDO:0005212,3.458722799306459,1650827.0,False,False
CHEBI:4784,MONDO:0006058,3.659014870240784,423838.0,False,False
CHEBI:4953,MONDO:0006058,3.563569747360197,803899.0,False,False
CHEBI:49005,MONDO:0006058,3.540776018803008,938524.0,False,False
CHEBI:63584,MONDO:0005212,3.4862578392692742,1363968.0,False,False
CHEBI:50924,MONDO:0005212,3.93996424993031,64523.0,False,False
CHEBI:135810,MONDO:0006058,3.58618786523626,690100.0,False,False
CHEBI:28887,MONDO:0000141,3.0318259999317485,35042401.0,False,False
CHEBI:15765,MONDO:0005212,3.337707283974158,3892021.0,False,False
CHEBI:4653,MONDO:0006058,3.4227355629141494,2122653.0,False,False
UNII:GNWE7KJ995,MONDO:0006058,3.358180962720854,3358048.0,False,False
CHEBI:3077,MONDO:0000141,3.4021795149648084,2454228.0,False,False
CHEBI:51450,MONDO:0006058,3.350885137073682,3538877.0,False,False
CHEBI:229764,MONDO:0009759,3.032795056127982,34860618.0,False,False
CHEBI:31199,MONDO:0013582,3.031934560998655,35021899.0,False,False
CHEBI:90936,MONDO:0005212,3.3374766788974144,3898439.0,False,False
CHEBI:5001,MONDO:0006058,3.449888593480996,1755627.0,False,False
CHEBI:88249,MONDO:0006058,3.411713384628385,2294434.0,False,False
CHEBI:68647,MONDO:0005212,3.3549637018951226,3436405.0,False,False
UNII:31YO63LBSN,MONDO:0005212,3.354944696639987,3436878.0,False,False
CHEBI:6078,MONDO:0006058,3.4153366704670978,2236335.0,False,False
UNII:GN465U8B72,MONDO:0005212,3.4396911318280257,1884648.0,False,False
CHEBI:4464,MONDO:0013582,3.029461193546249,35480462.0,False,False
CHEBI:9288,MONDO:0005212,3.437721420742786,1910794.0,False,False
UNII:4FR53SIF3A,MONDO:0006058,3.4555645730586155,1687693.0,False,False
CHEBI:71019,MONDO:0005212,3.452540785918167,1723574.0,False,False
CHEBI:94461,MONDO:0005212,3.0328069380011646,34858379.0,False,False
UNII:T432289GYZ,MONDO:0000141,3.0317041794989588,35065159.0,False,False
CHEBI:63452,MONDO:0005212,3.4452091547827868,1813900.0,False,False
UNII:5M691HL4BO,MONDO:0000141,3.0305522214055305,35279089.0,False,False
CHEBI:230905,MONDO:0005212,3.456618462242442,1675339.0,False,False
CHEBI:135922,MONDO:0005212,3.032502526302536,34915998.0,False,False
UNII:LKC0U3A8NJ,MONDO:0000141,3.0315460934412943,35094483.0,False,False
CHEBI:16714,MONDO:0000141,3.0318275255167255,35042133.0,False,False
CHEBI:49375,MONDO:0005212,3.421635246034451,2139203.0,False,False
CHEBI:16664,MONDO:0000141,3.3401197755045375,3824658.0,False,False
UNII:G2AE2VE07O,MONDO:0000141,3.0306283914176997,35264937.0,False,False
CHEBI:138865,MONDO:0005212,3.345989552299525,3666064.0,False,False
UMLS:C4723695,MONDO:0005212,3.3518550248092724,3514147.0,False,False
CHEBI:8024,MONDO:0006058,3.3608364991496007,3295209.0,False,False
CHEBI:47782,MONDO:0000141,3.030033603485861,35374825.0,False,False
CHEBI:3696,MONDO:0005212,3.356949617343758,3387948.0,False,False
CHEBI:10124,MONDO:0013582,3.0328478145567077,34850762.0,False,False
UNII:6QVL057INT,MONDO:0005212,3.337206423192191,3906108.0,False,False
CHEBI:15544,MONDO:0013582,3.4121046349689523,2288157.0,False,False
DRUGBANK:DB13932,MONDO:0006058,3.349301934064802,3579678.0,False,False
UNII:G6UF363ECX,MONDO:0009759,3.032119234705433,34987908.0,False,False
DRUGBANK:DB00086,MONDO:0009759,3.0329689354729057,34828147.0,False,False
CHEBI:48131,MONDO:0000141,3.0306682017944304,35257628.0,False,False
CHEBI:229526,MONDO:0000141,3.0309669120010367,35202303.0,False,False
CHEBI:17561,MONDO:0009759,3.0323085818189552,34952519.0,False,False
CHEBI:6754,MONDO:0005212,3.336710470642715,3920236.0,False,False
UNII:4A2Y23XK11,MONDO:0006058,3.4274748310475616,2053085.0,False,False
DRUGBANK:DB16582,MONDO:0006058,3.435346608203673,1942812.0,False,False
UNII:QQA9MLH692,MONDO:0005212,3.4224062985970596,2127551.0,False,False
CHEBI:7770,MONDO:0009759,3.0317921304718896,35048744.0,False,False
CHEBI:75179,MONDO:0005212,3.348664508276581,3596186.0,False,False
UNII:6A901E312A,MONDO:0005212,3.411167416772953,2303364.0,False,False
CHEBI:2922,MONDO:0013582,3.0304757357571237,35293240.0,False,False
CHEBI:3013,MONDO:0000141,3.359146781573307,3335150.0,False,False
UNII:6ZA31Y954Z,MONDO:0005212,3.44148217601749,1861436.0,False,False
CHEBI:2567,MONDO:0006058,3.355027745604437,3434880.0,False,False
CHEBI:4877,MONDO:0005212,3.452062016000215,1729353.0,False,False
UNII:XSZ53G39H5,MONDO:0006058,3.3559167856505874,3413336.0,False,False
CHEBI:135929,MONDO:0013582,3.031465602879579,35109573.0,False,False
CHEBI:3286,MONDO:0005212,3.3520178875922815,3510019.0,False,False
CHEBI:5790,MONDO:0013582,3.032187193151536,34975164.0,False,False
UMLS:C3539881,MONDO:0006058,3.438136683902743,1905251.0,False,False
CHEBI:50305,MONDO:0005212,3.421081987365232,2147562.0,False,False
UNII:1H09Y5WO1F,MONDO:0006058,3.4460518859381035,1803333.0,False,False
UNII:976X9VXC3Z,MONDO:0005212,3.4237153833828877,2108232.0,False,False
CHEBI:232556,MONDO:0005212,3.3542146391519068,3455005.0,False,False
CHEBI:2914,MONDO:0013582,3.033385646872347,34749401.0,False,False
UNII:DB1041CXDG,MONDO:0005212,3.242789099392741,7801982.0,False,False
CHEBI:136046,MONDO:0006058,3.2435730291300455,7756875.0,False,False
DRUGBANK:DB16257,MONDO:0006058,3.229817328086203,8591024.0,False,False
PUBCHEM.COMPOUND:11980076,MONDO:0005212,3.244462076342004,7705896.0,False,False
CHEBI:10119,MONDO:0000141,3.1173337603235596,19838519.0,False,False
CHEBI:8404,MONDO:0005212,3.2374514632456206,8117949.0,False,False
CHEBI:31625,MONDO:0006058,3.23401732579199,8327252.0,False,False
CHEBI:3698,MONDO:0006058,3.2318021346696675,8465129.0,False,False
CHEBI:8774,MONDO:0013582,3.115585867747797,20092481.0,False,False
UNII:L929CBB126,MONDO:0005212,3.2506305169066287,7362220.0,False,False
RXCUI:1152373,MONDO:0005212,3.234774419433049,8280653.0,False,False
CHEBI:134677,MONDO:0005212,3.2322282776496225,8438687.0,False,False
UNII:DD5RBA1NKF,MONDO:0006058,3.2403025298964425,7947973.0,False,False
UNII:0JSR7Z0NB6,MONDO:0006058,3.2297312736062,8596568.0,False,False
CHEBI:2675,MONDO:0006058,3.1158011655457547,20061123.0,False,False
CHEBI:4856,MONDO:0013582,3.236877179853132,8152227.0,False,False
CHEBI:28001,MONDO:0009759,3.1132750948686505,20433514.0,False,False
CHEBI:17026,MONDO:0009759,3.1146232245932755,20234039.0,False,False
CHEBI:9654,MONDO:0006058,3.235077729723164,8262019.0,False,False
CHEBI:17650,MONDO:0013582,3.1180398626333385,19736491.0,False,False
CHEBI:8069,MONDO:0009759,3.2299287250576976,8583901.0,False,False
CHEBI:9622,MONDO:0006058,3.1171557766660962,19864370.0,False,False
CHEBI:63589,MONDO:0006058,3.1149418678807557,20187094.0,False,False
CHEBI:94559,MONDO:0006058,3.1142787148530475,20284738.0,False,False
CHEBI:142290,MONDO:0009759,3.2446083706929496,7697611.0,False,False
CHEBI:51450,MONDO:0013582,3.2478239694352498,7516575.0,False,False
UMLS:C0042971,MONDO:0005212,3.2286252274023473,8667586.0,False,False
CHEBI:231601,MONDO:0005212,3.1142132949457215,20294486.0,False,False
CHEBI:8107,MONDO:0005212,3.241910535846408,7853121.0,False,False
CHEBI:53775,MONDO:0000141,3.114881348698628,20196013.0,False,False
CHEBI:63581,MONDO:0005212,3.247114886594738,7556194.0,False,False
CHEBI:17561,MONDO:0006058,3.229547780222677,8608379.0,False,False
CHEBI:49662,MONDO:0009759,3.246575785362661,7586326.0,False,False
UMLS:C4764258,MONDO:0005212,3.2466777135782108,7580626.0,False,False
CHEBI:64356,MONDO:0009759,3.2371615686497073,8135225.0,False,False
CHEBI:8481,MONDO:0005212,3.2413237506015755,7887415.0,False,False
CHEBI:177703,MONDO:0013582,3.2300491903076898,8576297.0,False,False
CHEBI:83804,MONDO:0005212,3.1158520559555063,20053649.0,False,False
CHEBI:59594,MONDO:0000141,3.249772079835556,7408962.0,False,False
CHEBI:9674,MONDO:0006058,3.116344342839437,19982084.0,False,False
CHEBI:2659,MONDO:0009759,3.2463894629438634,7596880.0,False,False
CHEBI:31793,MONDO:0005212,3.1160111251205143,20030383.0,False,False
CHEBI:50861,MONDO:0006058,3.244581303605022,7699230.0,False,False
UMLS:C5556533,MONDO:0006058,3.2405511762867345,7933325.0,False,False
CHEBI:65346,MONDO:0009759,3.0791056355322106,26047382.0,False,False
CHEBI:7983,MONDO:0005212,3.106038075425396,21532060.0,False,False
CHEBI:8028,MONDO:0000141,3.165388208485186,13898198.0,False,False
CHEBI:7514,MONDO:0000141,3.105191342605686,21663523.0,False,False
CHEBI:16347,MONDO:0013582,3.1636167621118014,14083060.0,False,False
CHEBI:71415,MONDO:0006058,3.169367434288912,13491610.0,False,False
CHEBI:50922,MONDO:0006058,3.1037809768710423,21885277.0,False,False
UNII:S866O45PIG,MONDO:0009759,3.076487718993481,26520175.0,False,False
CHEBI:138865,MONDO:0000141,3.0752964140806665,26736939.0,False,False
CHEBI:135010,MONDO:0005212,3.1065383089957157,21454455.0,False,False
CHEBI:5088,MONDO:0000141,3.0761026055311276,26590072.0,False,False
CHEBI:79042,MONDO:0005212,3.1056272303370895,21596020.0,False,False
CHEBI:8214,MONDO:0006058,3.1676738846440107,13662899.0,False,False
CHEBI:2673,MONDO:0005212,3.0780992783601597,26228028.0,False,False
CHEBI:7488,MONDO:0006058,3.162622286341711,14188329.0,False,False
CHEBI:6722,MONDO:0009759,3.1692055216460298,13507729.0,False,False
CHEBI:3647,MONDO:0000141,3.1628723625504236,14161643.0,False,False
UNII:2XOI31YC4N,MONDO:0000141,3.1069881328148536,21384919.0,False,False
CHEBI:31596,MONDO:0005212,3.1655521290740865,13881030.0,False,False
CHEBI:50867,MONDO:0013582,3.0762817732516003,26557640.0,False,False
CHEBI:85973,MONDO:0009759,3.077217401834348,26387715.0,False,False
CHEBI:36578,MONDO:0000141,3.1655699984015104,13879123.0,False,False
CHEBI:50841,MONDO:0006058,3.103110732018815,21990805.0,False,False
CHEBI:50663,MONDO:0005212,3.076866747596065,26451400.0,False,False
CHEBI:8776,MONDO:0005212,3.1045665229574326,21761287.0,False,False
UNII:59UA429E5G,MONDO:0005212,3.075683835941799,26666004.0,False,False
CHEBI:232328,MONDO:0000141,3.0772736172437107,26377365.0,False,False
CHEBI:34385,MONDO:0009759,3.1061728985745187,21511058.0,False,False
UNII:0J8RN2W0HK,MONDO:0006058,3.076264887045938,26560704.0,False,False
CHEBI:75179,MONDO:0013582,3.075999845220859,26608784.0,False,False
CHEBI:31536,MONDO:0005212,3.0760291834803084,26603446.0,False,False
CHEBI:7444,MONDO:0013582,3.103031050788355,22003306.0,False,False
CHEBI:59173,MONDO:0005212,3.163360951776467,14110141.0,False,False
CHEBI:47381,MONDO:0000141,3.075361801363492,26724966.0,False,False
UNII:2XOI31YC4N,MONDO:0006058,3.1693988290869433,13488482.0,False,False
CHEBI:53796,MONDO:0006058,3.1073280601974678,21332433.0,False,False
CHEBI:7443,MONDO:0013582,3.105918408337642,21550686.0,False,False
UNII:37CQ2C7X93,MONDO:0000141,3.075534149500034,26693338.0,False,False
CHEBI:575568,MONDO:0006058,3.1037495520819487,21890269.0,False,False
CHEBI:6067,MONDO:0013582,3.1687782515527445,13550796.0,False,False
UNII:DLE8519RWM,MONDO:0013582,3.0752015913228368,26754279.0,False,False
CHEBI:91858,MONDO:0013582,3.0762348997106628,26566143.0,False,False
CHEBI:49040,MONDO:0000141,3.1044473501412693,21779961.0,False,False
CHEBI:32192,MONDO:0005212,3.106313972347083,21489394.0,False,False
CHEBI:2663,MONDO:0005212,3.1665030530962053,13782969.0,False,False
CHEBI:31794,MONDO:0005212,3.106172003930074,21511192.0,False,False
CHEBI:6367,MONDO:0009759,3.1452144837042146,16154469.0,False,False
CHEBI:8310,MONDO:0006058,3.282853208646855,5803868.0,False,False
CHEBI:77776,MONDO:0006058,3.147560570907922,15874993.0,False,False
CHEBI:71193,MONDO:0000141,3.2715920707246706,6305181.0,False,False
CHEBI:8024,MONDO:0005212,3.2775452088194106,6034991.0,False,False
CHEBI:32127,MONDO:0006058,3.1426888088511635,16459642.0,False,False
CHEBI:5103,MONDO:0009759,3.3708861246699664,3065819.0,False,False
CHEBI:63580,MONDO:0000141,3.143619921422009,16346054.0,False,False
CHEBI:50122,MONDO:0000141,3.145355288585734,16137597.0,False,False
CHEBI:61390,MONDO:0006058,3.365484711630852,3187237.0,False,False
CHEBI:16467,MONDO:0005212,3.3858908742327305,2754501.0,False,False
DRUGBANK:DB16738,MONDO:0006058,3.3721540129038967,3038283.0,False,False
CHEBI:3011,MONDO:0006058,3.2782721101926215,6003240.0,False,False
CHEBI:7823,MONDO:0005212,3.1438130643298683,16322692.0,False,False
CHEBI:3638,MONDO:0005212,3.3835420023708473,2800857.0,False,False
CHEBI:6129,MONDO:0006058,3.1477662161285442,15850843.0,False,False
UNII:L4C1UY2NYH,MONDO:0006058,3.2770873723252496,6055161.0,False,False
CHEBI:5000,MONDO:0009759,3.1419494713113822,16549763.0,False,False
CHEBI:9674,MONDO:0005212,3.271318104397148,6317968.0,False,False
CHEBI:3640,MONDO:0006058,3.4006029458313094,2481609.0,False,False
UNII:RR6P8L282I,MONDO:0005212,3.3968678730626922,2548240.0,False,False
CHEBI:8069,MONDO:0006058,3.274081386322733,6190626.0,False,False
CHEBI:231350,MONDO:0006058,3.287408334747743,5612836.0,False,False
CHEBI:39867,MONDO:0000141,3.1455927081500468,16109003.0,False,False
UNII:2CN60TN6ZS,MONDO:0006058,3.366081677225859,3173717.0,False,False
UNII:RRN67GMB0V,MONDO:0006058,3.1459214897910064,16069575.0,False,False
UNII:NQX9KB6PCL,MONDO:0005212,3.3704281495291477,3076022.0,False,False
UNII:E3B2GI648A,MONDO:0006058,3.388712844329895,2699517.0,False,False
CHEBI:15551,MONDO:0013582,3.270306050385457,6365511.0,False,False
UNII:QEN1X95CIX,MONDO:0005212,3.3832226713059503,2807330.0,False,False
CHEBI:85083,MONDO:0005212,3.1424175322817494,16492474.0,False,False
CHEBI:8077,MONDO:0006058,3.2783311901421577,6000585.0,False,False
DRUGBANK:DB15572,MONDO:0005212,3.2816801743192574,5854352.0,False,False
CHEBI:3181,MONDO:0005212,3.3942852611328487,2594835.0,False,False
CHEBI:66919,MONDO:0005212,3.38398993463192,2792066.0,False,False
CHEBI:7009,MONDO:0013582,3.3686771731328884,3114822.0,False,False
CHEBI:8805,MONDO:0013582,3.141628258441603,16589699.0,False,False
CHEBI:16469,MONDO:0013582,3.1262609244286317,18583772.0,False,False
CHEBI:681850,MONDO:0006058,3.1116612716824275,20673990.0,False,False
CHEBI:17750,MONDO:0000141,3.12570018250233,18660618.0,False,False
CHEBI:44915,MONDO:0009759,3.1261386339026194,18600582.0,False,False
CHEBI:29105,MONDO:0005212,3.112817943713794,20501339.0,False,False
CHEBI:64187,MONDO:0006058,3.1111164389028523,20756600.0,False,False
CHEBI:9622,MONDO:0009759,3.108473360514891,21156985.0,False,False
CHEBI:6456,MONDO:0009759,3.1284748046851476,18283661.0,False,False
CHEBI:16359,MONDO:0005212,3.1291039389415216,18199586.0,False,False
CHEBI:5779,MONDO:0005212,3.124142553526161,18874903.0,False,False
CHEBI:41774,MONDO:0009759,3.111523415390537,20694903.0,False,False
UNII:8680B21W73,MONDO:0006058,3.1092138252508392,21044628.0,False,False
CHEBI:3286,MONDO:0013582,3.1270507923051465,18476705.0,False,False
CHEBI:47612,MONDO:0009759,3.129199160211285,18186846.0,False,False
UNII:S76B51L5AM,MONDO:0005212,3.1284720047055465,18284029.0,False,False
CHEBI:116735,MONDO:0006058,3.06366743817523,28904312.0,False,False
CHEBI:5106,MONDO:0009759,3.1248557729142794,18776109.0,False,False
CHEBI:16796,MONDO:0013582,3.124438888257157,18833896.0,False,False
CHEBI:291342,MONDO:0005212,3.127700083344279,18388438.0,False,False
CHEBI:6121,MONDO:0000141,3.125898710911712,18633294.0,False,False
CHEBI:229652,MONDO:0013582,3.0622076103492226,29182507.0,False,False
CHEBI:132774,MONDO:0005212,3.0656955176823963,28520562.0,False,False
CHEBI:135285,MONDO:0013582,3.111002221642875,20773758.0,False,False
CHEBI:85979,MONDO:0009759,3.0633351477443207,28967289.0,False,False
CHEBI:31397,MONDO:0000141,3.0655639233618137,28545112.0,False,False
CHEBI:167638,MONDO:0000141,3.0638124764542103,28876665.0,False,False
CHEBI:50659,MONDO:0006058,3.1085024177235274,21152560.0,False,False
UNII:DE2O63YV8R,MONDO:0009759,3.066201397050616,28425135.0,False,False
CHEBI:64355,MONDO:0009759,3.0660984908174918,28444478.0,False,False
CHEBI:83168,MONDO:0005212,3.1295071635515743,18145798.0,False,False
RXCUI:379383,MONDO:0005212,3.1100674162248954,20914555.0,False,False
UNII:DLG4EML025,MONDO:0000141,3.0653096775054607,28593208.0,False,False
CHEBI:50381,MONDO:0005212,3.12483777641705,18778675.0,False,False
CHEBI:28300,MONDO:0009759,3.0652379924244486,28606710.0,False,False
CHEBI:45081,MONDO:0013582,3.0624006107544677,29145412.0,False,False
CHEBI:9738,MONDO:0009759,3.128421045544103,18290894.0,False,False
CHEBI:40009,MONDO:0009759,3.124602308740661,18811127.0,False,False
CHEBI:9620,MONDO:0006058,3.065539499300409,28549570.0,False,False
CHEBI:17141,MONDO:0005212,3.128823232200161,18237156.0,False,False
CHEBI:31857,MONDO:0013582,3.06551690769219,28553894.0,False,False
CHEBI:7640,MONDO:0013582,3.066253233844858,28415204.0,False,False
CHEBI:28241,MONDO:0009759,3.1259293150927094,18629112.0,False,False
CHEBI:135990,MONDO:0009759,3.0625046824536843,29125515.0,False,False
UNII:2HLC17MX9G,MONDO:0006058,3.1282436918844567,18314906.0,False,False
CHEBI:73274,MONDO:0009759,3.126002515294327,18619229.0,False,False
CHEBI:8228,MONDO:0013582,3.1206837280698787,19358896.0,False,False
CHEBI:78540,MONDO:0006058,3.2649926433712873,6620156.0,False,False
UNII:N19A0T0E5J,MONDO:0005212,3.2566624367307586,7040582.0,False,False
CHEBI:28241,MONDO:0005212,3.256743920211382,7036279.0,False,False
CHEBI:31781,MONDO:0005212,3.254472540164868,7155659.0,False,False
CHEBI:2637,MONDO:0013582,3.1195626414357243,19518051.0,False,False
CHEBI:6887,MONDO:0006058,3.2125559585072807,9771552.0,False,False
CHEBI:6504,MONDO:0009759,3.2131403700158567,9729470.0,False,False
CHEBI:87681,MONDO:0000141,3.1208417797292984,19336514.0,False,False
CHEBI:5778,MONDO:0009759,3.259036258925149,6917380.0,False,False
CHEBI:5103,MONDO:0006058,3.2052295323784765,10321722.0,False,False
CHEBI:145430,MONDO:0006058,3.212380616348955,9784315.0,False,False
CHEBI:4856,MONDO:0006058,3.205599321525275,10293181.0,False,False
CHEBI:64317,MONDO:0005212,3.2603795332413297,6848999.0,False,False
CHEBI:65173,MONDO:0006058,3.258387111653284,6950918.0,False,False
CHEBI:3636,MONDO:0009759,3.1200758874554078,19445240.0,False,False
CHEBI:53775,MONDO:0005212,3.2137117017184567,9687917.0,False,False
CHEBI:231693,MONDO:0005212,3.2543487312102863,7162243.0,False,False
CHEBI:3403,MONDO:0005212,3.262637821141379,6735941.0,False,False
CHEBI:3814,MONDO:0000141,3.1191997929913997,19570204.0,False,False
CHEBI:77181,MONDO:0005212,3.2632090407949494,6707797.0,False,False
CHEBI:6539,MONDO:0005212,3.207309121547511,10162115.0,False,False
CHEBI:3441,MONDO:0013582,3.2108942938579337,9893138.0,False,False
CHEBI:6128,MONDO:0009759,3.1183948735936013,19685540.0,False,False
CHEBI:209807,MONDO:0005212,3.267198654038612,6513054.0,False,False
CHEBI:16796,MONDO:0009759,3.1222165023845303,19142742.0,False,False
CHEBI:8805,MONDO:0009759,3.121368830309952,19261860.0,False,False
CHEBI:27953,MONDO:0009759,3.210307823325479,9936912.0,False,False
UNII:3JGY52XJNA,MONDO:0005212,3.2577449838887578,6984254.0,False,False
CHEBI:61033,MONDO:0006058,3.268525238612314,6449603.0,False,False
CHEBI:9757,MONDO:0009759,3.122704759354482,19074469.0,False,False
DRUGBANK:DB13932,MONDO:0005212,3.2695598398611203,6400433.0,False,False
CHEBI:4784,MONDO:0005212,3.267682110396074,6489508.0,False,False
CHEBI:5130,MONDO:0006058,3.264900819048667,6624646.0,False,False
UMLS:C2699571,MONDO:0006058,3.2618286509434085,6776008.0,False,False
CHEBI:100241,MONDO:0006058,3.209818611150821,9973582.0,False,False
UNII:F925RR824R,MONDO:0006058,3.2650503873661663,6617441.0,False,False
CHEBI:71272,MONDO:0006058,3.258760230292572,6931553.0,False,False
CHEBI:6741,MONDO:0006058,3.2686411200579126,6444142.0,False,False
CHEBI:135342,MONDO:0006058,3.121722112854388,19211901.0,False,False
CHEBI:3125,MONDO:0006058,3.2053257112273656,10314413.0,False,False
CHEBI:26710,MONDO:0013582,3.1187899114679105,19628497.0,False,False
CHEBI:7459,MONDO:0009759,3.2945770168948476,5325182.0,False,False
CHEBI:77733,MONDO:0013582,3.306687160305785,4874797.0,False,False
CHEBI:2955,MONDO:0009759,3.0887610486987653,24353027.0,False,False
UNII:961YV2O515,MONDO:0005212,3.15353587112567,15183534.0,False,False
CHEBI:4055,MONDO:0006058,3.088586592373432,24382897.0,False,False
CHEBI:3508,MONDO:0005212,3.301039601742425,5079913.0,False,False
CHEBI:31859,MONDO:0005212,3.089630359207157,24204051.0,False,False
CHEBI:5950,MONDO:0006058,3.0901308782712347,24118873.0,False,False
CHEBI:4046,MONDO:0013582,3.1496906736848027,15624990.0,False,False
CHEBI:8378,MONDO:0000141,3.1494833145890366,15649473.0,False,False
CHEBI:229236,MONDO:0005212,3.3064476251198602,4883337.0,False,False
CHEBI:27953,MONDO:0000141,3.15054789572686,15525480.0,False,False
CHEBI:17439,MONDO:0006058,3.305077574044632,4932255.0,False,False
CHEBI:50861,MONDO:0009759,3.151887022199917,15371021.0,False,False
CHEBI:3371,MONDO:0000141,3.0900087622545005,24139561.0,False,False
CHEBI:170007,MONDO:0006058,3.148627616988451,15749395.0,False,False
PUBCHEM.COMPOUND:54681908,MONDO:0005212,3.0900364400162283,24134798.0,False,False
CHEBI:3994,MONDO:0000141,3.090086677546349,24126409.0,False,False
CHEBI:3640,MONDO:0000141,3.3031528274739923,5002371.0,False,False
CHEBI:8107,MONDO:0013582,3.088461773975157,24404481.0,False,False
CHEBI:229657,MONDO:0005212,3.150367371060551,15546262.0,False,False
UNII:PTB4X93HE1,MONDO:0006058,3.2997703612496005,5126954.0,False,False
CHEBI:28680,MONDO:0013582,3.091726384292447,23848845.0,False,False
UNII:3VHF2ZD92J,MONDO:0005212,3.3041798141296925,4964725.0,False,False
UNII:8A7F670F2Y,MONDO:0005212,3.2905829587094226,5483545.0,False,False
CHEBI:107736,MONDO:0000141,3.0909928576905505,23972622.0,False,False
CHEBI:102166,MONDO:0006058,3.0923216827692275,23748558.0,False,False
CHEBI:48390,MONDO:0006058,3.1512410166860114,15445536.0,False,False
CHEBI:6472,MONDO:0006058,3.1482491608671195,15793767.0,False,False
CHEBI:47426,MONDO:0000141,3.297049677295896,5229581.0,False,False
UNII:97IQ273H4L,MONDO:0005212,3.153822958218468,15150716.0,False,False
CHEBI:95341,MONDO:0005212,3.292611561048444,5402375.0,False,False
UNII:5IB2J79MCX,MONDO:0005212,3.3057736410648753,4907400.0,False,False
CHEBI:83168,MONDO:0006058,3.0884961795350776,24398561.0,False,False
CHEBI:3647,MONDO:0005212,3.2916393189041546,5440978.0,False,False
UNII:06P3KLK2J8,MONDO:0005212,3.1478492183003817,15841010.0,False,False
UNII:2W150K0UUC,MONDO:0009759,3.0884842524511265,24400606.0,False,False
CHEBI:6887,MONDO:0009759,3.298862347635538,5160874.0,False,False
UNII:4G86Y4JT3F,MONDO:0005212,3.149187155844992,15684203.0,False,False
CHEBI:30830,MONDO:0013582,3.088499551128293,24397943.0,False,False
UMLS:C2826078,MONDO:0013582,3.0927497661425436,23676802.0,False,False
CHEBI:6729,MONDO:0005212,3.3063989842733164,4885091.0,False,False
CHEBI:8888,MONDO:0005212,3.0920948515732345,23786673.0,False,False
CHEBI:59750,MONDO:0006058,3.1528004984276707,15266684.0,False,False
CHEBI:520985,MONDO:0006058,3.1533429469374283,15205251.0,False,False
UNII:71TH42O2CQ,MONDO:0006058,3.148255564596259,15793011.0,False,False
CHEBI:18357,MONDO:0013582,3.301891831906458,5048564.0,False,False
CHEBI:7447,MONDO:0009759,3.093011853621282,23633239.0,False,False
CHEBI:2663,MONDO:0013582,3.296134203131798,5264682.0,False,False
CHEBI:9571,MONDO:0006058,3.3057242533183206,4909146.0,False,False
UNII:P93RUU11P7,MONDO:0005212,3.327310830086076,4196332.0,False,False
CHEBI:31236,MONDO:0005212,3.225492265166592,8873187.0,False,False
CHEBI:94688,MONDO:0006058,3.2229355757080387,9044333.0,False,False
CHEBI:3374,MONDO:0005212,3.3243119627265534,4288478.0,False,False
UNII:71492GE1FX,MONDO:0005212,3.3113475331652333,4711911.0,False,False
CHEBI:41423,MONDO:0013582,3.169508173416148,13477486.0,False,False
CHEBI:177453,MONDO:0005212,3.2177972032324775,9397123.0,False,False
CHEBI:93752,MONDO:0005212,3.317996606263003,4489248.0,False,False
CHEBI:6690,MONDO:0009759,3.177461635730235,12700346.0,False,False
UMLS:C0003993,MONDO:0005212,3.172078264464032,13221287.0,False,False
CHEBI:8435,MONDO:0005212,3.172163435949993,13212898.0,False,False
CHEBI:132233,MONDO:0013582,3.171345459449692,13294070.0,False,False
CHEBI:5931,MONDO:0005212,3.3190130340273463,4456255.0,False,False
CHEBI:7445,MONDO:0005212,3.3085913014263455,4807197.0,False,False
CHEBI:3655,MONDO:0009759,3.1716961977013023,13259081.0,False,False
CHEBI:135899,MONDO:0006058,3.220547414535317,9206450.0,False,False
CHEBI:5441,MONDO:0013582,3.22341070771439,9012446.0,False,False
CHEBI:8059,MONDO:0009759,3.1708501068870025,13343314.0,False,False
CHEBI:50212,MONDO:0009759,3.1751451149523966,12921305.0,False,False
CHEBI:3387,MONDO:0006058,3.3082611627570757,4818806.0,False,False
UNII:Z80293URPV,MONDO:0006058,3.329987241189999,4115567.0,False,False
CHEBI:50173,MONDO:0006058,3.1749443884863675,12940696.0,False,False
CHEBI:36795,MONDO:0005212,3.224852841157191,8915819.0,False,False
UNII:AIW6036FAS,MONDO:0006058,3.3091107858107733,4789205.0,False,False
CHEBI:60773,MONDO:0005212,3.1707417896122863,13354122.0,False,False
CHEBI:7735,MONDO:0000141,3.176801199101932,12762866.0,False,False
CHEBI:9637,MONDO:0006058,3.32548858790942,4251782.0,False,False
CHEBI:91583,MONDO:0009759,3.1722768019464542,13201562.0,False,False
PUBCHEM.COMPOUND:26945,MONDO:0006058,3.171989195994704,13230171.0,False,False
CHEBI:3478,MONDO:0006058,3.3103502960058053,4746678.0,False,False
CHEBI:71229,MONDO:0005212,3.3249535472185103,4268320.0,False,False
CHEBI:63622,MONDO:0006058,3.3185344211016963,4471585.0,False,False
CHEBI:44185,MONDO:0000141,3.1751164390240696,12924063.0,False,False
UNII:7D0YB67S97,MONDO:0006058,3.2211223194129817,9167335.0,False,False
CHEBI:32184,MONDO:0006058,3.170215967998553,13406704.0,False,False
CHEBI:7956,MONDO:0006058,3.2231127402067483,9032517.0,False,False
UNII:K0N0Z40J3W,MONDO:0006058,3.3233111660103707,4319635.0,False,False
CHEBI:6741,MONDO:0000141,3.171711965110128,13257527.0,False,False
CHEBI:3207,MONDO:0006058,3.218935333807176,9317800.0,False,False
CHEBI:33324,MONDO:0005212,3.219887813389896,9251669.0,False,False
CHEBI:3654,MONDO:0009759,3.321058714579209,4390660.0,False,False
CHEBI:31527,MONDO:0006058,3.317361445533081,4510185.0,False,False
PUBCHEM.COMPOUND:3467,MONDO:0005212,3.324579088762688,4280104.0,False,False
UMLS:C1881890,MONDO:0005212,3.1737108263582625,13060430.0,False,False
CHEBI:64064,MONDO:0009759,3.1773117754070923,12714419.0,False,False
CHEBI:76607,MONDO:0006058,3.2232480029637394,9023362.0,False,False
CHEBI:5558,MONDO:0009759,3.2226249466307513,9065246.0,False,False
UNII:4B93MGE4AL,MONDO:0005212,3.224953440327879,8909186.0,False,False
CHEBI:71025,MONDO:0005212,3.3240401408083913,4296868.0,False,False
CHEBI:4876,MONDO:0009759,3.223695418211628,8993468.0,False,False
CHEBI:145373,MONDO:0005212,3.2256412579780216,8863346.0,False,False
CHEBI:6706,MONDO:0009759,3.224518131226005,8938119.0,False,False
CHEBI:42797,MONDO:0000141,3.170041563156685,13424182.0,False,False
CHEBI:6797,MONDO:0009759,3.219834795780363,9255292.0,False,False
CHEBI:63620,MONDO:0005212,3.326305664220273,4226891.0,False,False
CHEBI:135949,MONDO:0006058,3.2210820824144912,9170099.0,False,False
CHEBI:94449,MONDO:0006058,3.177329748225766,12712678.0,False,False
CHEBI:7822,MONDO:0006058,3.2230031826133523,9039894.0,False,False
UNII:3VHF2ZD92J,MONDO:0006058,3.309053220213708,4791212.0,False,False
CHEBI:474053,MONDO:0009759,3.0975383103667493,22885828.0,False,False
CHEBI:4702,MONDO:0005212,3.1549618361429212,15022983.0,False,False
CHEBI:309594,MONDO:0006058,3.0664783215708975,28372877.0,False,False
CHEBI:92769,MONDO:0013582,3.1596579088198444,14505909.0,False,False
CHEBI:50838,MONDO:0000141,3.0970416196149824,22967083.0,False,False
UNII:438HCF2X0M,MONDO:0000141,3.0694388249498954,27818273.0,False,False
CHEBI:50922,MONDO:0000141,3.0666466400654233,28341360.0,False,False
UNII:83G67E21XI,MONDO:0009759,3.097956506001491,22817654.0,False,False
CHEBI:9622,MONDO:0000141,3.158312699085168,14652289.0,False,False
CHEBI:3561,MONDO:0005212,3.158708765403154,14608989.0,False,False
CHEMBL.COMPOUND:CHEMBL1256744,MONDO:0013582,3.0954990185540803,23219895.0,False,False
CHEBI:46295,MONDO:0000141,3.067551308861655,28171421.0,False,False
CHEBI:6832,MONDO:0000141,3.097032893879322,22968520.0,False,False
UMLS:C1172255,MONDO:0013582,3.069974493700898,27718524.0,False,False
UNII:4T36H88UA7,MONDO:0013582,3.1556709562097796,14943597.0,False,False
CHEBI:3504,MONDO:0006058,3.0966750105040814,23026545.0,False,False
CHEBI:6843,MONDO:0005212,3.095125434325677,23281526.0,False,False
CHEBI:9649,MONDO:0005212,3.069579830075904,27792072.0,False,False
CHEBI:2788,MONDO:0013582,3.0952842935323615,23255543.0,False,False
CHEBI:91834,MONDO:0000141,3.0678964715902626,28106744.0,False,False
UNII:53O87HA2QU,MONDO:0009759,3.069775177833806,27755882.0,False,False
CHEBI:63629,MONDO:0013582,3.158814558979739,14597411.0,False,False
CHEBI:10124,MONDO:0005212,3.0940865048026223,23453921.0,False,False
CHEBI:45081,MONDO:0009759,3.0683088840135446,28028975.0,False,False
CHEBI:5855,MONDO:0009759,3.1599706491946957,14471748.0,False,False
CHEBI:77776,MONDO:0005212,3.1553489699975747,14979540.0,False,False
CHEBI:34385,MONDO:0005212,3.1571866523504157,14775407.0,False,False
CHEBI:27999,MONDO:0013582,3.1566847654091506,14830738.0,False,False
UNII:XOI2Q0ZF7G,MONDO:0005212,3.0962975299062223,23088238.0,False,False
CHEBI:91327,MONDO:0000141,3.095023437332692,23298471.0,False,False
CHEBI:6775,MONDO:0009759,3.1577700393850447,14711656.0,False,False
CHEBI:8354,MONDO:0005212,3.097672217762825,22864066.0,False,False
CHEBI:65173,MONDO:0000141,3.0680678461038617,28074341.0,False,False
CHEBI:134743,MONDO:0005212,3.157399415426065,14751998.0,False,False
CHEBI:6888,MONDO:0000141,3.160493521614054,14415504.0,False,False
RXCUI:866851,MONDO:0009759,3.069749326561377,27760686.0,False,False
UNII:8RW88Y506K,MONDO:0006058,3.159027010275286,14574222.0,False,False
CHEBI:9649,MONDO:0013582,3.0970877010776405,22959555.0,False,False
CHEBI:51137,MONDO:0005212,3.0669293357680214,28287969.0,False,False
CHEBI:135888,MONDO:0000141,3.0692105793146585,27860518.0,False,False
CHEBI:10112,MONDO:0000141,3.0695786208564355,27792295.0,False,False
CHEBI:63612,MONDO:0009759,3.0700704274877966,27700518.0,False,False
CHEBI:2636,MONDO:0009759,3.0966809702849996,23025556.0,False,False
CHEBI:8888,MONDO:0000141,3.0672370326376024,28230242.0,False,False
CHEBI:60761,MONDO:0013582,3.0675723017254266,28167483.0,False,False
CHEBI:50659,MONDO:0009759,3.070195505393535,27677481.0,False,False
PUBCHEM.COMPOUND:122173801,MONDO:0000141,3.0969518594012966,22981679.0,False,False
CHEBI:28918,MONDO:0009759,3.1567686309010323,14821477.0,False,False
CHEBI:232328,MONDO:0009759,3.071850314371622,27370120.0,False,False
CHEBI:3996,MONDO:0013582,3.0732021206028795,27120312.0,False,False
CHEBI:5001,MONDO:0009759,3.1982006310189375,10877457.0,False,False
CHEBI:4464,MONDO:0009759,3.0721440950232397,27315553.0,False,False
CHEBI:3479,MONDO:0000141,3.0585562078566984,29881977.0,False,False
UNII:73SM5SF3OR,MONDO:0005212,3.204262754262837,10396457.0,False,False
CHEBI:84883,MONDO:0009759,3.071883740821062,27363980.0,False,False
CHEBI:142773,MONDO:0005212,3.1997703095930907,10750945.0,False,False
UNII:RSA8KO39WH,MONDO:0000141,3.1957965836635838,11075126.0,False,False
UNII:DPT0O3T46P,MONDO:0000141,3.058173514466829,29955712.0,False,False
CHEBI:83804,MONDO:0013582,3.0587932049380724,29835970.0,False,False
CHEBI:135499,MONDO:0006058,3.194869715022274,11151817.0,False,False
CHEBI:7809,MONDO:0013582,3.061537591389415,29310504.0,False,False
CHEBI:309594,MONDO:0009759,3.0719688533540017,27348132.0,False,False
CHEBI:17688,MONDO:0013582,3.074614595469565,26861336.0,False,False
UNII:438HCF2X0M,MONDO:0009759,3.0715977146460562,27417186.0,False,False
CHEBI:228304,MONDO:0009759,3.0580873664610366,29972340.0,False,False
CHEBI:27436,MONDO:0009759,3.2037222373009264,10438277.0,False,False
CHEBI:70752,MONDO:0013582,3.060169674564048,29572429.0,False,False
CHEBI:131169,MONDO:0000141,3.0605205106509255,29504859.0,False,False
CHEBI:5128,MONDO:0006058,3.201808345916327,10588847.0,False,False
CHEBI:71941,MONDO:0000141,3.0712313939072304,27484805.0,False,False
CHEBI:231416,MONDO:0006058,3.20224282580792,10554685.0,False,False
CHEBI:16469,MONDO:0009759,3.0618590640696923,29248867.0,False,False
CHEBI:10110,MONDO:0000141,3.072549274589674,27240726.0,False,False
CHEBI:28674,MONDO:0013582,3.07467300917698,26850691.0,False,False
CHEBI:17252,MONDO:0000141,3.0590975090414947,29778038.0,False,False
CHEBI:136009,MONDO:0006058,3.1950929421330576,11133302.0,False,False
CHEBI:36578,MONDO:0009759,3.196636791470814,11005545.0,False,False
UNII:0IEO0F56LV,MONDO:0005212,3.07477071534889,26832904.0,False,False
CHEBI:17561,MONDO:0013582,3.0713792916419598,27457610.0,False,False
UNII:N19A0T0E5J,MONDO:0009759,3.060152260803206,29575644.0,False,False
UNII:0H8KZ470DW,MONDO:0006058,3.0611672123734994,29381220.0,False,False
CHEBI:135810,MONDO:0005212,3.1984249281624897,10859289.0,False,False
CHEBI:177703,MONDO:0000141,3.0710785307705555,27513075.0,False,False
CHEBI:9448,MONDO:0013582,3.0590819502564583,29781044.0,False,False
CHEBI:9328,MONDO:0005212,3.1955042413560877,11099100.0,False,False
UNII:NA1U919MRO,MONDO:0009759,3.0580352121132117,29982402.0,False,False
CHEBI:44185,MONDO:0013582,3.0727767575315847,27198653.0,False,False
CHEBI:177453,MONDO:0006058,3.1967333021035387,10997506.0,False,False
CHEBI:7009,MONDO:0005212,3.0600466452936885,29596080.0,False,False
CHEBI:65349,MONDO:0009759,3.0736540190213333,27037357.0,False,False
CHEBI:4868,MONDO:0013582,3.0714741494457676,27440242.0,False,False
CHEBI:26710,MONDO:0000141,3.0592565805791514,29747722.0,False,False
CHEBI:453011,MONDO:0013582,3.060566089899839,29496171.0,False,False
CHEBI:63717,MONDO:0006058,3.1969960669278668,10975914.0,False,False
CHEBI:7447,MONDO:0005212,3.196920013503726,10982081.0,False,False
CHEMBL.COMPOUND:CHEMBL1256744,MONDO:0005212,3.2010597225377175,10648100.0,False,False
CHEBI:101278,MONDO:0005212,3.201801000051499,10589410.0,False,False
UNII:71492GE1FX,MONDO:0000141,3.058960969881263,29804102.0,False,False
CHEBI:16469,MONDO:0000141,3.058985391385227,29799368.0,False,False
CHEBI:49668,MONDO:0009759,3.0585885377780215,29875659.0,False,False
CHEBI:135738,MONDO:0005212,3.0617068171483055,29278129.0,False,False
CHEBI:4876,MONDO:0000141,3.1998381964803038,10745634.0,False,False
CHEBI:7573,MONDO:0000141,3.1992671439504416,10791346.0,False,False
CHEBI:63115,MONDO:0006058,3.1983611114106685,10864683.0,False,False
CHEBI:18243,MONDO:0009759,3.200954307386895,10656680.0,False,False
CHEBI:9014,MONDO:0006058,3.1991977471662114,10796882.0,False,False
CHEBI:6923,MONDO:0006058,3.2025398780277694,10531407.0,False,False
CHEBI:28787,MONDO:0000141,3.1954919510357374,11100081.0,False,False
CHEBI:27999,MONDO:0005212,3.0595028448296153,29700533.0,False,False
CHEBI:6438,MONDO:0009759,3.1371725789184897,17145891.0,False,False
CHEBI:88249,MONDO:0000141,3.0406249333789366,33364664.0,False,False
CHEBI:94707,MONDO:0013582,3.041253792526047,33243024.0,False,False
UNII:03KSI6WLXH,MONDO:0006058,3.136896858069412,17181041.0,False,False
CHEBI:7640,MONDO:0000141,3.1381327512094153,17024291.0,False,False
CHEBI:8412,MONDO:0000141,3.13463897927836,17471244.0,False,False
UNII:P76B05O5V6,MONDO:0013582,3.039272852428878,33625902.0,False,False
CHEBI:3082,MONDO:0006058,3.1367150552638616,17204252.0,False,False
CHEBI:28445,MONDO:0009759,3.1346536018747972,17469357.0,False,False
CHEBI:31236,MONDO:0000141,3.13579487079575,17322010.0,False,False
CHEBI:7492,MONDO:0006058,3.1382265002901732,17012307.0,False,False
UNII:2W150K0UUC,MONDO:0013582,3.0389168550258363,33694639.0,False,False
UNII:7D96IR0PPM,MONDO:0009759,3.138978296621579,16917999.0,False,False
CHEBI:50730,MONDO:0013582,3.0382185775858135,33829167.0,False,False
CHEBI:4708,MONDO:0013582,3.140211415395519,16764432.0,False,False
CHEBI:85010,MONDO:0000141,3.0398248366362157,33519602.0,False,False
CHEBI:6030,MONDO:0000141,3.130380696314311,18029149.0,False,False
CHEBI:17141,MONDO:0013582,3.0411647289456063,33260276.0,False,False
UNII:DVF0PR037D,MONDO:0006058,3.137530160122494,17100397.0,False,False
CHEBI:204928,MONDO:0000141,3.0390201722765555,33674608.0,False,False
CHEBI:4392,MONDO:0006058,3.130623563125474,17996684.0,False,False
UNII:LIA7Z4002P,MONDO:0013582,3.037728589465855,33923322.0,False,False
UNII:BI6GY4U9CW,MONDO:0009759,3.040248801090444,33437633.0,False,False
CHEBI:27779,MONDO:0013582,3.0380816918681828,33855514.0,False,False
CHEBI:135720,MONDO:0000141,3.0397058408272835,33542492.0,False,False
CHEBI:4798,MONDO:0013582,3.1308379349235365,17968350.0,False,False
CHEBI:184555,MONDO:0000141,3.0406533362564625,33359129.0,False,False
CHEBI:59224,MONDO:0013582,3.039463846781547,33589273.0,False,False
CHEBI:4995,MONDO:0005212,3.140468986273291,16732582.0,False,False
UNII:Z5N076G8YQ,MONDO:0009759,3.0379512856733757,33880634.0,False,False
CHEBI:72323,MONDO:0009759,3.1393259377193985,16874513.0,False,False
CHEBI:135983,MONDO:0000141,3.1370865722246895,17156757.0,False,False
CHEBI:85089,MONDO:0006058,3.1361062014834125,17281944.0,False,False
CHEBI:31000,MONDO:0005212,3.1337308908905115,17588768.0,False,False
UNII:L929CBB126,MONDO:0009759,3.0376057240675447,33946705.0,False,False
UNII:XOI2Q0ZF7G,MONDO:0000141,3.038027260356217,33865916.0,False,False
CHEBI:16382,MONDO:0005212,3.138170380847292,17019499.0,False,False
UNII:PVI5M0M1GW,MONDO:0013582,3.0383226900028055,33809093.0,False,False
CHEBI:63681,MONDO:0013582,3.0396163947962895,33559739.0,False,False
CHEBI:92875,MONDO:0006058,3.039956736201752,33494008.0,False,False
CHEBI:18332,MONDO:0009759,3.1302836031523666,18042197.0,False,False
CHEBI:39585,MONDO:0009759,3.1297503700225384,18113265.0,False,False
CHEBI:9449,MONDO:0013582,3.1332068645799223,17657016.0,False,False
PUBCHEM.COMPOUND:78383862,MONDO:0009759,3.039370415267342,33607269.0,False,False
CHEBI:49603,MONDO:0013582,3.037775532155627,33914355.0,False,False
CHEBI:6832,MONDO:0006058,3.13890483291576,16927363.0,False,False
UNII:976X9VXC3Z,MONDO:0013582,3.0409774623956136,33296529.0,False,False
CHEBI:31403,MONDO:0005212,3.082305629463268,25477049.0,False,False
CHEBI:291902,MONDO:0013582,3.0566968487403567,30240441.0,False,False
CHEBI:5147,MONDO:0009759,3.054389312832132,30687908.0,False,False
CHEBI:47499,MONDO:0005212,3.1849500214237962,12008990.0,False,False
CHEBI:47612,MONDO:0013582,3.1807120595959164,12395670.0,False,False
CHEBI:3398,MONDO:0013582,3.054832565700405,30602234.0,False,False
CHEBI:52172,MONDO:0000141,3.081297454571339,25655153.0,False,False
DRUGBANK:DB13932,MONDO:0009759,3.083302918062479,25301305.0,False,False
CHEBI:35677,MONDO:0006058,3.179754445617852,12484750.0,False,False
CHEBI:9334,MONDO:0009759,3.0559689658166764,30381821.0,False,False
UNII:939U7C91AI,MONDO:0013582,3.057168788353107,30149547.0,False,False
PUBCHEM.COMPOUND:92043599,MONDO:0000141,3.1811203132704398,12358152.0,False,False
UNII:XN7MM8XG2M,MONDO:0000141,3.0804224336458805,25811385.0,False,False
UNII:2XOI31YC4N,MONDO:0009759,3.0568963447180195,30202149.0,False,False
CHEBI:3032,MONDO:0009759,3.0800348539977236,25880923.0,False,False
UNII:DE2O63YV8R,MONDO:0000141,3.0811323060034916,25684195.0,False,False
CHEBI:77898,MONDO:0006058,3.0815114020289243,25617094.0,False,False
CHEBI:83527,MONDO:0009759,3.082826962926916,25385159.0,False,False
CHEBI:90951,MONDO:0000141,3.0563381464750705,30310090.0,False,False
CHEBI:32687,MONDO:0009759,3.0576152013946025,30063516.0,False,False
CHEBI:28864,MONDO:0009759,3.0562666703577186,30324072.0,False,False
UNII:ODJ69JZG85,MONDO:0006058,3.182807225207184,12203314.0,False,False
CHEBI:135954,MONDO:0009759,3.0573230814315866,30119777.0,False,False
CHEBI:72323,MONDO:0013582,3.1845576719489452,12044278.0,False,False
CHEBI:2682,MONDO:0009759,3.0831679203189992,25325166.0,False,False
UNII:3XVL385Q0M,MONDO:0013582,3.083916125853788,25194324.0,False,False
CHEBI:135938,MONDO:0000141,3.055460875073873,30480315.0,False,False
UNII:4EQZ6YO2HI,MONDO:0000141,3.083315337660309,25299112.0,False,False
CHEBI:30745,MONDO:0005212,3.0811520349590626,25680738.0,False,False
CHEBI:45409,MONDO:0009759,3.082787087217749,25392134.0,False,False
CHEBI:135907,MONDO:0000141,3.0565180271682193,30275261.0,False,False
CHEBI:18385,MONDO:0000141,3.0573155366673217,30121245.0,False,False
CHEBI:228302,MONDO:0000141,3.054880899810793,30592845.0,False,False
CHEBI:63618,MONDO:0006058,3.1849533723887897,12008703.0,False,False
UNII:4RA0KN46E0,MONDO:0000141,3.0559463451095787,30386138.0,False,False
CHEBI:7934,MONDO:0000141,3.0830556753768397,25344974.0,False,False
CHEBI:7915,MONDO:0005212,3.1780903514779055,12641347.0,False,False
UNII:53O87HA2QU,MONDO:0013582,3.0797813036998285,25926468.0,False,False
CHEBI:5118,MONDO:0006058,3.1793277013024754,12524565.0,False,False
CHEBI:6121,MONDO:0013582,3.0838386535118993,25207500.0,False,False
CHEBI:68610,MONDO:0000141,3.181637345690536,12310517.0,False,False
CHEBI:4670,MONDO:0009759,3.1842796622091476,12069291.0,False,False
CHEBI:465284,MONDO:0013582,3.053960125653383,30771412.0,False,False
CHEBI:2379,MONDO:0000141,3.056544529524962,30270118.0,False,False
CHEBI:90933,MONDO:0000141,3.0564459967362128,30289184.0,False,False
CHEBI:2914,MONDO:0006058,3.0833725216025636,25289089.0,False,False
CHEBI:5801,MONDO:0013582,3.0823979258524075,25460693.0,False,False
CHEBI:167574,MONDO:0005212,3.0570180651179273,30178727.0,False,False
UNII:090IP5RV8F,MONDO:0013582,3.080847403350652,25735395.0,False,False
CHEBI:7915,MONDO:0000141,3.07971152713903,25939033.0,False,False
UNII:2XOI31YC4N,MONDO:0005212,3.1850882419038538,11996586.0,False,False
CHEBI:5001,MONDO:0013582,3.185112681298822,11994440.0,False,False
UNII:0IEO0F56LV,MONDO:0009759,3.057047248370617,30173116.0,False,False
CHEBI:9570,MONDO:0013582,3.054447397441557,30676694.0,False,False
CHEBI:50659,MONDO:0000141,3.0471349521735203,32099433.0,False,False
CHEBI:229226,MONDO:0000141,3.0466816095803075,32187631.0,False,False
CHEBI:28621,MONDO:0005212,3.1875802836277325,11775913.0,False,False
CHEBI:51137,MONDO:0006058,3.0881100134058714,24465120.0,False,False
CHEBI:84050,MONDO:0009759,3.045878387448359,32343780.0,False,False
CHEBI:8768,MONDO:0000141,3.0855327980133995,24911049.0,False,False
CHEBI:149836,MONDO:0005212,3.1904104980866315,11529164.0,False,False
CHEBI:7983,MONDO:0013582,3.04713673630428,32099067.0,False,False
CHEBI:135948,MONDO:0006058,3.084916096418666,25019299.0,False,False
CHEBI:2719,MONDO:0005212,3.1862893865230184,11890017.0,False,False
CHEBI:75984,MONDO:0009759,3.0883168542361337,24429250.0,False,False
CHEBI:90865,MONDO:0006058,3.0477958731743087,31969985.0,False,False
CHEBI:2618,MONDO:0000141,3.1861444965542254,11902872.0,False,False
CHEBI:6761,MONDO:0013582,3.086944726583156,24666152.0,False,False
CHEBI:63607,MONDO:0013582,3.0875572918423457,24560568.0,False,False
CHEBI:71028,MONDO:0013582,3.0474743608223984,32033212.0,False,False
CHEBI:32016,MONDO:0009759,3.0478890607033584,31952010.0,False,False
CHEBI:134745,MONDO:0005212,3.0471247373027186,32101341.0,False,False
UNII:R43D2573WO,MONDO:0005212,3.0479605925478506,31938097.0,False,False
CHEBI:31897,MONDO:0005212,3.0867434060092482,24700962.0,False,False
CHEBI:74460,MONDO:0006058,3.191572720924688,11429252.0,False,False
CHEBI:194527,MONDO:0013582,3.0485138140638446,31830685.0,False,False
RXCUI:866851,MONDO:0005212,3.047489513255402,32030220.0,False,False
CHEBI:3127,MONDO:0000141,3.0867741017248718,24695712.0,False,False
CHEBI:9927,MONDO:0009759,3.0471811488282787,32090449.0,False,False
CHEBI:28304,MONDO:0013582,3.1915616266550844,11430238.0,False,False
CHEBI:6149,MONDO:0013582,3.049046457083559,31726867.0,False,False
CHEBI:29013,MONDO:0000141,3.087010856682656,24654645.0,False,False
CHEBI:3223,MONDO:0006058,3.192648202661184,11337809.0,False,False
CHEBI:3216,MONDO:0005212,3.191758111405443,11413283.0,False,False
UNII:RRN67GMB0V,MONDO:0000141,3.049113112787701,31713849.0,False,False
CHEBI:74460,MONDO:0000141,3.049189373806401,31699034.0,False,False
CHEBI:6923,MONDO:0000141,3.048392098448062,31854196.0,False,False
CHEBI:78538,MONDO:0000141,3.048936508900746,31748099.0,False,False
CHEBI:91817,MONDO:0006058,3.1878430440261605,11752856.0,False,False
CHEBI:33130,MONDO:0013582,3.0876980165995978,24536115.0,False,False
CHEBI:36704,MONDO:0009759,3.0474627712731945,32035440.0,False,False
CHEBI:35045,MONDO:0000141,3.048926403924823,31750011.0,False,False
UNII:5W8JGG2651,MONDO:0009759,3.0478509166622256,31959353.0,False,False
CHEBI:48538,MONDO:0000141,3.086272565528377,24782510.0,False,False
CHEBI:4450,MONDO:0005212,3.1861294881526807,11904275.0,False,False
CHEBI:4753,MONDO:0005212,3.0861380670423317,24805979.0,False,False
CHEBI:8481,MONDO:0006058,3.1929528571875396,11311948.0,False,False
CHEBI:63598,MONDO:0005212,3.1931454333770253,11295786.0,False,False
CHEBI:77776,MONDO:0000141,3.0492806593876782,31680838.0,False,False
CHEBI:45409,MONDO:0000141,3.0465404953226862,32215129.0,False,False
UNII:TL60C27RLH,MONDO:0000141,3.0482405472526093,31883918.0,False,False
CHEBI:91858,MONDO:0005212,3.0841723880389935,25149395.0,False,False
CHEBI:474053,MONDO:0006058,3.1932418458049687,11287562.0,False,False
CHEBI:104017,MONDO:0006058,3.0489374771600213,31747902.0,False,False
CHEBI:64318,MONDO:0005212,3.085247697765478,24961054.0,False,False
CHEBI:59173,MONDO:0013582,3.0494759789915316,31642952.0,False,False
CHEBI:86158,MONDO:0009759,3.0456537051507,32387553.0,False,False
UNII:0R4NLX88O4,MONDO:0000141,3.0146428068346722,37983393.0,False,False
CHEBI:66913,MONDO:0013582,3.0242878761460545,36411623.0,False,False
CHEBI:5106,MONDO:0013582,3.014941202336554,37939052.0,False,False
UNII:P85X70RZWS,MONDO:0013582,3.015065071199378,37920548.0,False,False
UNII:089658A12D,MONDO:0013582,3.0247498386359952,36330660.0,False,False
CHEBI:76609,MONDO:0000141,3.011990629090286,38359481.0,False,False
UNII:1FQ2RY5YHH,MONDO:0009759,3.0424095866860004,33018017.0,False,False
CHEBI:82941,MONDO:0000141,3.014253993419411,38040103.0,False,False
CHEBI:94759,MONDO:0013582,3.0215577944143988,36881596.0,False,False
UNII:41KZS5432U,MONDO:0000141,3.012742851434815,38255802.0,False,False
CHEBI:2950,MONDO:0013582,3.02441339393474,36389410.0,False,False
CHEBI:183811,MONDO:0009759,3.0417439897795093,33147676.0,False,False
CHEBI:4392,MONDO:0013582,3.021742222104557,36850462.0,False,False
UNII:2R27AB6766,MONDO:0009759,3.0454675961435753,32424100.0,False,False
UNII:PTB4X93HE1,MONDO:0009759,3.042772930528101,32946797.0,False,False
CHEBI:8673,MONDO:0013582,3.0240249425449965,36457535.0,False,False
CHEBI:63616,MONDO:0013582,3.013091912575875,38206871.0,False,False
UNII:6ZA31Y954Z,MONDO:0009759,3.023922623914518,36475300.0,False,False
CHEBI:3240,MONDO:0013582,3.011057861981416,38484231.0,False,False
CHEBI:47657,MONDO:0000141,3.0441479081757006,32680247.0,False,False
CHEBI:29105,MONDO:0000141,3.0105066773391806,38555995.0,False,False
CHEBI:5128,MONDO:0013582,3.012396333039515,38304220.0,False,False
CHEBI:32243,MONDO:0000141,3.044169459966022,32676082.0,False,False
DRUGBANK:DB15699,MONDO:0013582,3.0141294900315625,38058442.0,False,False
CHEBI:142418,MONDO:0009759,3.014158793988879,38054184.0,False,False
DRUGBANK:DB13881,MONDO:0000141,3.0428474167654533,32932554.0,False,False
CHEBI:127780,MONDO:0009759,3.042091730707792,33079839.0,False,False
CHEBI:92511,MONDO:0013582,3.014459581250782,38010259.0,False,False
CHEBI:90863,MONDO:0000141,3.0228982252141483,36652322.0,False,False
CHEBI:17549,MONDO:0013582,3.0425641524947693,32987363.0,False,False
CHEBI:31638,MONDO:0013582,3.010478444560041,38559574.0,False,False
CHEBI:3508,MONDO:0000141,3.044524994796739,32607107.0,False,False
CHEBI:90908,MONDO:0009759,3.0112562473628417,38457903.0,False,False
CHEBI:229221,MONDO:0009759,3.0129868947800134,38221634.0,False,False
CHEBI:600520,MONDO:0000141,3.0152978306318143,37885648.0,False,False
CHEBI:2038,MONDO:0009759,3.021123003929442,36954713.0,False,False
CHEBI:90865,MONDO:0013582,3.015062146840013,37920970.0,False,False
UNII:1351PE5UGS,MONDO:0000141,3.04524185892659,32467613.0,False,False
CHEBI:228488,MONDO:0000141,3.011563392701913,38416976.0,False,False
UMLS:C3539881,MONDO:0000141,3.0440816441545846,32693017.0,False,False
CHEBI:196955,MONDO:0013582,3.0099113194927174,38631201.0,False,False
CHEBI:135930,MONDO:0009759,3.045482898570806,32421060.0,False,False
CHEBI:6843,MONDO:0000141,3.013388224942901,38164875.0,False,False
CHEBI:3499,MONDO:0000141,3.0105670586289603,38548203.0,False,False
UNII:760I9WM792,MONDO:0000141,3.0098956599710034,38633199.0,False,False
CHEBI:93363,MONDO:0005212,3.0251624753388437,36258020.0,False,False
UNII:4Q52C550XK,MONDO:0009759,3.0112794343268,38454789.0,False,False
UNII:4RA0KN46E0,MONDO:0009759,3.0141448759976175,38056200.0,False,False
UNII:P93RUU11P7,MONDO:0009759,3.025058978469632,36276260.0,False,False
CHEBI:59560,MONDO:0009759,3.0234522303611273,36557115.0,False,False
CHEBI:229233,MONDO:0000141,3.0100212861976603,38617449.0,False,False
CHEBI:144421,MONDO:0000141,3.011865442481752,38376451.0,False,False
CHEBI:6729,MONDO:0000141,3.011222727959784,38462352.0,False,False
CHEBI:65347,MONDO:0009759,3.0234157307024256,36563360.0,False,False
CHEBI:2687,MONDO:0000141,3.014144354799945,38056267.0,False,False
CHEBI:176399,MONDO:0000141,3.0432677898339158,32850599.0,False,False
CHEBI:134714,MONDO:0000141,3.0221098659154984,36788047.0,False,False
CHEBI:66901,MONDO:0013582,3.011362371123181,38443845.0,False,False
UNII:25CG88L0BB,MONDO:0013582,3.014929659413866,37940707.0,False,False
CHEBI:10102,MONDO:0013582,3.020948051487471,36984127.0,False,False
CHEBI:8694,MONDO:0000141,3.0120159322980413,38356079.0,False,False
CHEBI:64045,MONDO:0013582,3.043094221067679,32884330.0,False,False
PR:000007303,MONDO:0013582,3.0225419405991407,36713807.0,False,False
PUBCHEM.COMPOUND:9852982,MONDO:0000141,3.013944874499715,38085287.0,False,False
CHEBI:63599,MONDO:0013582,3.0209598957370063,36982170.0,False,False
DRUGBANK:DB10343,MONDO:0009759,3.024543098437339,36366986.0,False,False
CHEBI:64213,MONDO:0009759,3.02226321713811,36761945.0,False,False
UNII:91X1KLU43E,MONDO:0009759,3.014024558804035,38073764.0,False,False
CHEBI:4754,MONDO:0000141,3.0127708338428736,38251794.0,False,False
CHEBI:77260,MONDO:0000141,3.0244572047361107,36381789.0,False,False
UNII:MLU3LU3EVV,MONDO:0000141,3.015356750921174,37876647.0,False,False
CHEBI:31174,MONDO:0009759,3.0118833514509675,38373953.0,False,False
UMLS:C4287766,MONDO:0009759,3.013520486068219,38146220.0,False,False
UNII:0J8RN2W0HK,MONDO:0000141,3.0127948131429223,38248517.0,False,False
CHEBI:231087,MONDO:0009759,3.0437092919033604,32765154.0,False,False
UNII:420K487FSG,MONDO:0009759,3.023738963404624,36507161.0,False,False
CHEBI:9123,MONDO:0013582,3.0249955131126334,36287425.0,False,False
UNII:T8B2ORP1DW,MONDO:0009759,3.011942129873382,38366060.0,False,False
UNII:54E5P4SD4U,MONDO:0000141,3.014989251487936,37931899.0,False,False
CHEBI:75283,MONDO:0013582,3.022002064870676,36806207.0,False,False
UNII:39IS23Q1EW,MONDO:0000141,3.012968859962569,38224287.0,False,False
CHEBI:134699,MONDO:0000141,3.011525970859873,38421927.0,False,False
UNII:6D5766Q4OP,MONDO:0009759,3.010347322141378,38576158.0,False,False
CHEBI:145994,MONDO:0000141,3.011174376908162,38468901.0,False,False
UMLS:C4733597,MONDO:0013582,3.011366127066061,38443337.0,False,False
CHEBI:37924,MONDO:0013582,3.0224962763716365,36721564.0,False,False
UNII:U59UGK3IPC,MONDO:0009759,3.0204191638743794,37072780.0,False,False
CHEBI:229539,MONDO:0013582,3.01646058566528,37708110.0,False,False
CHEBI:79042,MONDO:0000141,3.019406926266588,37239470.0,False,False
CHEBI:60799,MONDO:0005212,3.050899793219612,31366565.0,False,False
CHEBI:6015,MONDO:0013582,3.050558077121053,31432951.0,False,False
CHEBI:9586,MONDO:0006058,3.0984129570677768,22743274.0,False,False
CHEBI:10102,MONDO:0000141,3.0504365606464323,31456092.0,False,False
CHEBI:77942,MONDO:0009759,3.018288517732209,37420765.0,False,False
CHEBI:51041,MONDO:0009759,3.0518063969286326,31190783.0,False,False
CHEBI:145371,MONDO:0000141,3.018026222040268,37462533.0,False,False
CHEBI:82975,MONDO:0000141,3.015531395724982,37850292.0,False,False
UNII:0JJ21K6L2I,MONDO:0009759,3.0163883693872577,37719187.0,False,False
CHEBI:232556,MONDO:0013582,3.050576958914008,31429287.0,False,False
UNII:XSZ53G39H5,MONDO:0013582,3.050181843039029,31505578.0,False,False
CHEBI:3777,MONDO:0000141,3.016863462255689,37645736.0,False,False
CHEBI:63587,MONDO:0009759,3.019892228875666,37159818.0,False,False
CHEBI:7478,MONDO:0013582,3.0527864907285522,30999128.0,False,False
CHEBI:4562,MONDO:0005212,3.0994180253194505,22580419.0,False,False
CHEBI:135552,MONDO:0000141,3.0520125225853185,31150560.0,False,False
CHEBI:27779,MONDO:0009759,3.053128255929268,30932783.0,False,False
CHEBI:8461,MONDO:0000141,3.05326177885493,30907057.0,False,False
CHEBI:567361,MONDO:0000141,3.099014764659517,22645887.0,False,False
CHEBI:71204,MONDO:0009759,3.015550435003673,37847391.0,False,False
CHEBI:38562,MONDO:0000141,3.052879916304251,30980854.0,False,False
CHEBI:5296,MONDO:0005212,3.100001250160973,22486213.0,False,False
CHEBI:75246,MONDO:0013582,3.01999564415088,37142805.0,False,False
CHEBI:50673,MONDO:0000141,3.0991501221716877,22623881.0,False,False
CHEBI:59204,MONDO:0009759,3.0513494090796804,31279452.0,False,False
CHEBI:9605,MONDO:0000141,3.0183139300563884,37416641.0,False,False
CHEBI:135935,MONDO:0013582,3.020313575174086,37090398.0,False,False
CHEBI:144093,MONDO:0000141,3.0984921330520234,22730559.0,False,False
CHEBI:132975,MONDO:0013582,3.017269212355335,37582180.0,False,False
UNII:LMQ24G57E9,MONDO:0006058,3.051276621667963,31293790.0,False,False
CHEBI:7566,MONDO:0000141,3.051821171353346,31187912.0,False,False
CHEBI:59269,MONDO:0013582,3.0159244878271316,37790510.0,False,False
UNII:306ERL82IR,MONDO:0005212,3.099961181362506,22492724.0,False,False
CHEBI:6965,MONDO:0013582,3.098213646742803,22775584.0,False,False
CHEBI:61076,MONDO:0013582,3.0179812638652668,37469608.0,False,False
CHEBI:6706,MONDO:0005212,3.102682409211165,22058213.0,False,False
CHEBI:68551,MONDO:0009759,3.0192465199746223,37265332.0,False,False
CHEBI:82702,MONDO:0009759,3.100220095683259,22450973.0,False,False
CHEBI:33130,MONDO:0009759,3.102205568551395,22134031.0,False,False
CHEBI:7457,MONDO:0009759,3.0523656777486705,31081230.0,False,False
CHEBI:59750,MONDO:0000141,3.0530447365408726,30949074.0,False,False
UNII:1351PE5UGS,MONDO:0009759,3.0178459648095055,37490919.0,False,False
CHEBI:8764,MONDO:0009759,3.0530062600878773,30956488.0,False,False
CHEBI:133538,MONDO:0013582,3.0534088100136296,30878342.0,False,False
CHEBI:3242,MONDO:0000141,3.0163850625348827,37719710.0,False,False
UNII:089658A12D,MONDO:0000141,3.099112473141171,22629958.0,False,False
CHEBI:102216,MONDO:0006058,3.0504987683767526,31444267.0,False,False
UNII:XRO4566Q4R,MONDO:0000141,3.01920025234011,37272890.0,False,False
UNII:306ERL82IR,MONDO:0000141,3.015539466702143,37849075.0,False,False
UNII:T12B44A1OE,MONDO:0009759,3.0162494840246956,37740521.0,False,False
CHEBI:94563,MONDO:0000141,3.016314506949019,37730527.0,False,False
UNII:PTB4X93HE1,MONDO:0013582,3.0179520575485412,37474190.0,False,False
UNII:DEW6X41BEK,MONDO:0000141,3.016926611768684,37635980.0,False,False
CHEBI:9130,MONDO:0000141,3.0201306656356204,37120657.0,False,False
UNII:NU90V55F8I,MONDO:0009759,3.0501867680152737,31504627.0,False,False
CHEBI:4511,MONDO:0000141,3.049830253169321,31573981.0,False,False
CHEBI:32192,MONDO:0000141,3.018387888124041,37404611.0,False,False
CHEBI:59594,MONDO:0009759,3.1007658658138886,22363571.0,False,False
UNII:RRN67GMB0V,MONDO:0013582,3.019318569859815,37253744.0,False,False
CHEBI:32315,MONDO:0013582,3.0164439645709242,37710738.0,False,False
CHEBI:229213,MONDO:0000141,3.0500578959656552,31529613.0,False,False
CHEBI:29105,MONDO:0009759,3.020391101377591,37077435.0,False,False
CHEBI:184555,MONDO:0005212,3.0983284291403184,22756981.0,False,False
CHEBI:61076,MONDO:0000141,3.050156064692178,31510558.0,False,False
CHEBI:7478,MONDO:0005212,3.0506107521441495,31422679.0,False,False
CHEBI:51141,MONDO:0013582,3.053016989980809,30954395.0,False,False
UNII:0K5743G68X,MONDO:0006058,3.0505189607753644,31440451.0,False,False
CHEBI:135899,MONDO:0000141,3.019276639506085,37260462.0,False,False
CHEBI:48947,MONDO:0013582,3.0028615662999307,39330328.0,False,False
UNII:0J8RN2W0HK,MONDO:0013582,3.00921491366118,38717079.0,False,False
CHEBI:135811,MONDO:0005212,3.0367324597756236,34113993.0,False,False
DRUGBANK:DB17132,MONDO:0013582,3.0084557197444455,38807142.0,False,False
CHEBI:8493,MONDO:0000141,3.034599139099859,34520242.0,False,False
CHEBI:50211,MONDO:0009759,3.00921046872449,38717633.0,False,False
CHEBI:51032,MONDO:0013582,3.002404048766087,39358690.0,False,False
UNII:LYO9XZ250J,MONDO:0000141,3.007445635229637,38920838.0,False,False
CHEBI:391960,MONDO:0000141,3.0352455236119713,34397886.0,False,False
CHEBI:135957,MONDO:0013582,3.0021021445544873,39375716.0,False,False
CHEBI:9720,MONDO:0000141,3.0341251500260458,34609907.0,False,False
CHEBI:50663,MONDO:0000141,3.0039782416974767,39250149.0,False,False
UNII:033072U4MZ,MONDO:0000141,3.0335971491688056,34709531.0,False,False
UNII:9927MT646M,MONDO:0013582,3.0061149878237368,39059768.0,False,False
UNII:6T8C155666,MONDO:0009759,3.0078598791179108,38875042.0,False,False
CHEBI:7496,MONDO:0013582,3.028788939112067,35604140.0,False,False
CHEBI:42068,MONDO:0009759,3.0354135483657516,34365789.0,False,False
CHEBI:71204,MONDO:0000141,3.0055103657005175,39117833.0,False,False
CHEBI:50173,MONDO:0009759,3.034997014760399,34445252.0,False,False
CHEBI:156095,MONDO:0013582,3.0088238968025625,38763891.0,False,False
CHEBI:90936,MONDO:0013582,3.036902605587823,34081741.0,False,False
UNII:O5ZD2TU2B7,MONDO:0000141,3.0338094162708122,34669614.0,False,False
CHEBI:39669,MONDO:0013582,3.03713479248622,34036903.0,False,False
CHEBI:41500,MONDO:0009759,3.0066499125295763,39005262.0,False,False
CHEBI:215747,MONDO:0013582,3.0056529937764918,39104423.0,False,False
UNII:SXA7YP6EKX,MONDO:0009759,3.029250276785308,35519183.0,False,False
CHEBI:94563,MONDO:0009759,3.0363988647035023,34178043.0,False,False
CHEBI:50378,MONDO:0009759,3.034798916168863,34482699.0,False,False
CHEBI:134966,MONDO:0000141,3.008849430763891,38760855.0,False,False
UNII:2Y3T5IF01Z,MONDO:0009759,3.0085687257670317,38793834.0,False,False
UMLS:C4684961,MONDO:0013582,3.0011332512952587,39420395.0,False,False
UNII:AG9MHG098Z,MONDO:0000141,3.0281177416383134,35726556.0,False,False
CHEBI:85980,MONDO:0000141,3.0085590552985386,38794993.0,False,False
CHEBI:60210,MONDO:0009759,3.0254061576700355,36214648.0,False,False
UNII:1H09Y5WO1F,MONDO:0013582,3.007640598573215,38899384.0,False,False
UNII:98DE7VN88D,MONDO:0013582,3.008014405304327,38857691.0,False,False
CHEBI:63621,MONDO:0009759,3.0272054841925042,35891940.0,False,False
CHEBI:71200,MONDO:0009759,3.0371426398338977,34035388.0,False,False
CHEBI:85089,MONDO:0000141,3.0082788414437784,38827451.0,False,False
CHEBI:135899,MONDO:0013582,3.028021851525469,35744225.0,False,False
CHEBI:45367,MONDO:0000141,3.0095406690834245,38677303.0,False,False
UNII:KE3U2023NP,MONDO:0000141,3.0258290667702834,36139374.0,False,False
UNII:O43472U9X8,MONDO:0013582,3.002327388428217,39363186.0,False,False
UNII:L0HR9A577V,MONDO:0013582,3.003911367272958,39255358.0,False,False
CHEBI:145373,MONDO:0013582,3.006892011551008,38980132.0,False,False
CHEBI:31000,MONDO:0009759,3.0059026793910073,39080470.0,False,False
CHEBI:7983,MONDO:0000141,3.0336006534436395,34708876.0,False,False
CHEBI:94458,MONDO:0006058,3.0334442423019565,34738482.0,False,False
CHEBI:3723,MONDO:0000141,3.036308431065099,34195286.0,False,False
UNII:2XOI31YC4N,MONDO:0013582,3.0336705085981457,34695735.0,False,False
CHEBI:2469,MONDO:0000141,3.025510320169479,36196300.0,False,False
CHEBI:30745,MONDO:0000141,3.0089971402956266,38743283.0,False,False
CHEBI:133023,MONDO:0013582,3.0046382875070083,39196019.0,False,False
CHEBI:7492,MONDO:0013582,3.0255328949544342,36192265.0,False,False
UNII:5M691HL4BO,MONDO:0009759,3.0292304205184397,35522785.0,False,False
CHEBI:2673,MONDO:0000141,3.0268357523501304,35958936.0,False,False
UMLS:C2316217,MONDO:0013582,3.034490894073411,34540648.0,False,False
PUBCHEM.COMPOUND:3467,MONDO:0013582,3.0053546062210925,39132231.0,False,False
CHEBI:134783,MONDO:0005212,3.036383552059048,34180877.0,False,False
CHEBI:85973,MONDO:0000141,3.0351465571664336,34416817.0,False,False
CHEBI:8673,MONDO:0009759,3.0267347249582492,35977106.0,False,False
UNII:98DE7VN88D,MONDO:0000141,3.0280014772999584,35747956.0,False,False
CHEBI:47499,MONDO:0000141,3.033452146308678,34737001.0,False,False
UNII:AVK0I6HY2U,MONDO:0013582,3.003824100785743,39262144.0,False,False
CHEBI:16163,MONDO:0013582,3.0050333254996913,39161525.0,False,False
UNII:7XL5ISS668,MONDO:0013582,3.00611982704796,39059302.0,False,False
CHEBI:183811,MONDO:0013582,3.004308629750613,39223550.0,False,False
UNII:TG8IQ19NG2,MONDO:0013582,3.005499321452188,39118878.0,False,False
UNII:L0HR9A577V,MONDO:0000141,3.0058460380840977,39085999.0,False,False
CHEBI:85979,MONDO:0000141,3.029227921201465,35523239.0,False,False
UNII:LDJ89SS0YG,MONDO:0013582,3.003173159826842,39309526.0,False,False
PUBCHEM.COMPOUND:9852982,MONDO:0013582,3.0359519495108636,34263538.0,False,False
UNII:E3B2GI648A,MONDO:0013582,3.007050053833957,38963287.0,False,False
CHEBI:132967,MONDO:0013582,3.007330493763686,38933460.0,False,False
UNII:F925RR824R,MONDO:0000141,3.0035084635270124,39285765.0,False,False
UNII:38RL9AE51Q,MONDO:0000141,3.02577372917586,36149255.0,False,False
CHEBI:176844,MONDO:0009759,3.028387894880148,35677426.0,False,False
CHEBI:231350,MONDO:0013582,3.036693235376566,34121568.0,False,False
CHEBI:33324,MONDO:0013582,3.00851211464924,38800562.0,False,False
CHEBI:6413,MONDO:0009759,3.034015535367428,34630506.0,False,False
CHEBI:133023,MONDO:0009759,3.003882566935969,39257572.0,False,False
CHEBI:41500,MONDO:0013582,3.006637447134368,39006547.0,False,False
CHEBI:231601,MONDO:0009759,3.0282216065049488,35707593.0,False,False
PUBCHEM.COMPOUND:54681908,MONDO:0000141,3.0018867622367953,39387170.0,False,False
CHEBI:102216,MONDO:0000141,3.0070581112889263,38962481.0,False,False
CHEBI:229230,MONDO:0000141,3.0257502942177625,36153507.0,False,False
UNII:8GZG754X6M,MONDO:0013582,3.000815984975292,39430925.0,False,False
CHEBI:85202,MONDO:0000141,3.001682727380767,39397087.0,False,False
UNII:NU90V55F8I,MONDO:0000141,3.0276837359701374,35805193.0,False,False
CHEBI:71028,MONDO:0000141,3.033983943073401,34636581.0,False,False
UNII:5TAA004E22,MONDO:0006058,3.853717036237883,114534.0,False,False
DRUGBANK:DB16410,MONDO:0005212,3.5656204514225784,792787.0,False,False
CHEBI:9168,MONDO:0006058,3.886379250333311,92019.0,False,False
CHEBI:5864,MONDO:0005212,4.137030025033145,17577.0,False,False
CHEBI:40279,MONDO:0006058,3.5668972972734183,785954.0,False,False
CHEBI:71219,MONDO:0005212,3.907290914236032,80064.0,False,False
UNII:2Y3T5IF01Z,MONDO:0005212,3.522262533697921,1064769.0,False,False
CHEBI:45716,MONDO:0006058,3.5749648836038688,744329.0,False,False
UNII:52CMI0WC3Y,MONDO:0006058,3.535907376980843,970030.0,False,False
UNII:28X28X9OKV,MONDO:0005212,3.5954779685729514,648212.0,False,False
CHEBI:63599,MONDO:0006058,3.8132663664359434,150115.0,False,False
CHEBI:173077,MONDO:0006058,3.5080314765881777,1173577.0,False,False
CHEBI:6970,MONDO:0005212,3.6074181753821684,598442.0,False,False
CHEBI:6427,MONDO:0006058,3.513510377099727,1130456.0,False,False
CHEBI:38940,MONDO:0005212,3.8561861909213766,112647.0,False,False
CHEBI:90942,MONDO:0005212,3.5267881006144117,1032415.0,False,False
CHEBI:15551,MONDO:0006058,3.526690089237561,1033105.0,False,False
CHEBI:229222,MONDO:0005212,3.4692554219892764,1534980.0,False,False
CHEBI:71223,MONDO:0005212,3.495619581735113,1278337.0,False,False
CHEBI:64064,MONDO:0005212,3.5065599624887462,1185480.0,False,False
CHEBI:8764,MONDO:0006058,3.6910188428872543,341853.0,False,False
UNII:L1F3R18W77,MONDO:0006058,3.475153649736787,1473436.0,False,False
CHEBI:72564,MONDO:0005212,3.999799997316903,43633.0,False,False
UNII:38RL9AE51Q,MONDO:0006058,3.5059654709622423,1190391.0,False,False
UNII:43K1W2T1M6,MONDO:0005212,4.352721209182867,4295.0,False,False
CHEBI:17347,MONDO:0005212,3.5735168084336815,751486.0,False,False
CHEBI:63605,MONDO:0005212,3.5971509306550926,640909.0,False,False
CHEBI:465284,MONDO:0005212,3.634417634450032,499357.0,False,False
CHEBI:3077,MONDO:0005212,3.667366038394036,400732.0,False,False
CHEBI:85990,MONDO:0005212,3.6904947578075995,343050.0,False,False
UNII:QMS40680K6,MONDO:0005212,3.490967322815213,1319954.0,False,False
UNII:AG9MHG098Z,MONDO:0005212,3.464319587046659,1587868.0,False,False
CHEBI:45783,MONDO:0006058,4.173663340569231,13819.0,False,False
CHEBI:84050,MONDO:0006058,3.732475292912571,258855.0,False,False
CHEBI:144093,MONDO:0006058,3.5504897594920033,878484.0,False,False
CHEBI:90936,MONDO:0006058,3.5103881296202024,1154798.0,False,False
CHEBI:135957,MONDO:0005212,3.488277446495987,1344850.0,False,False
CHEBI:6427,MONDO:0005212,3.616601081618412,562958.0,False,False
CHEBI:50742,MONDO:0005212,3.5434690267252407,921577.0,False,False
CHEBI:41423,MONDO:0005212,3.6083586107116306,594625.0,False,False
CHEBI:9637,MONDO:0009759,3.516375815510433,1108312.0,False,False
UNII:4F4X42SYQ6,MONDO:0006058,3.7277628162234593,267076.0,False,False
UNII:DPT0O3T46P,MONDO:0006058,3.4913995633850305,1315967.0,False,False
CHEBI:28177,MONDO:0005212,3.5171802523176217,1102274.0,False,False
CHEBI:63587,MONDO:0006058,3.548926859880301,887822.0,False,False
CHEBI:63616,MONDO:0006058,3.680786403628112,366047.0,False,False
CHEBI:41977,MONDO:0006058,4.065246833227805,28182.0,False,True
CHEBI:63791,MONDO:0005212,3.767352509929543,204051.0,False,False
UNII:A3ULP0F556,MONDO:0006058,3.6326465687824756,505303.0,False,False
CHEBI:28689,MONDO:0005212,3.7020431533818567,317365.0,False,False
CHEBI:3001,MONDO:0005212,3.483015876430569,1394845.0,False,False
CHEBI:16664,MONDO:0005212,3.530840274361365,1004309.0,False,False
CHEBI:49668,MONDO:0005212,3.788393276299402,177319.0,False,False
CHEBI:2704,MONDO:0009759,3.033363562174016,34753708.0,False,False
CHEBI:3441,MONDO:0006058,3.3351615845273415,3964284.0,False,False
UNII:7SQY4ZUD30,MONDO:0000141,3.033054916607748,34811883.0,False,False
CHEBI:50694,MONDO:0005212,3.4410485689000767,1867126.0,False,False
CHEBI:27732,MONDO:0006058,3.3485023419372357,3600278.0,False,False
CHEBI:3499,MONDO:0009759,3.029914193432523,35396939.0,False,False
CHEBI:82941,MONDO:0013582,3.031776750720878,35051613.0,False,False
CHEBI:27974,MONDO:0013582,3.0311420557691275,35169649.0,False,False
CHEBI:474053,MONDO:0000141,3.032786063602163,34862336.0,False,False
CHEBI:103855,MONDO:0000141,3.0324193572471696,34931750.0,False,False
UNII:2372V1TKXK,MONDO:0005212,3.405766685496931,2392930.0,False,False
CHEBI:93752,MONDO:0006058,3.448803776314417,1768861.0,False,False
UNII:2Y3T5IF01Z,MONDO:0000141,3.031558224530232,35092210.0,False,False
CHEBI:135907,MONDO:0005212,3.3454035305017333,3681570.0,False,False
UNII:F60NE4XB53,MONDO:0013582,3.0323236515727148,34949686.0,False,False
DRUGBANK:DB13915,MONDO:0006058,3.4560573175776907,1681821.0,False,False
CHEBI:50122,MONDO:0006058,3.4109230700438395,2307397.0,False,False
CHEBI:6759,MONDO:0013582,3.0328599761430004,34848481.0,False,False
CHEBI:78432,MONDO:0006058,3.449971978036003,1754607.0,False,False
CHEBI:8502,MONDO:0005212,3.349892062476183,3564543.0,False,False
CHEBI:85980,MONDO:0006058,3.0325692607277146,34903452.0,False,False
CHEBI:6759,MONDO:0000141,3.0333525150416314,34755802.0,False,False
UNII:2BT4C47RUI,MONDO:0006058,3.4419892803487606,1854890.0,False,False
UNII:8202AY8I7H,MONDO:0009759,3.031937613458653,35021345.0,False,False
CHEBI:3647,MONDO:0006058,3.3614190523223364,3281482.0,False,False
CHEBI:91583,MONDO:0006058,3.3364694573870723,3927118.0,False,False
UNII:5G7AKV2MKP,MONDO:0006058,3.4068557079354598,2374422.0,False,False
CHEBI:3001,MONDO:0013582,3.0299924287400115,35382533.0,False,False
UNII:NQX9KB6PCL,MONDO:0006058,3.42380939015354,2106890.0,False,False
CHEBI:44241,MONDO:0013582,3.0309389379777296,35207532.0,False,False
CHEBI:7492,MONDO:0000141,3.0321499612821414,34982123.0,False,False
UNII:4W3KFI3TN3,MONDO:0006058,3.344404705344017,3708267.0,False,False
UNII:YI437801BE,MONDO:0013582,3.0308944278444283,35215700.0,False,False
CHEBI:9334,MONDO:0005212,3.4204771589286267,2156602.0,False,False
UNII:8L7891MRB6,MONDO:0005212,3.403744195869481,2427180.0,False,False
CHEBI:9620,MONDO:0013582,3.0311747305843504,35163610.0,False,False
UNII:Y6BX7BL23K,MONDO:0006058,3.346246316037889,3659219.0,False,False
UNII:PQX0D8J21J,MONDO:0006058,3.404937548655674,2406976.0,False,False
CHEBI:229230,MONDO:0009759,3.0328850127832006,34843781.0,False,False
UNII:50FKX8CB2Y,MONDO:0000141,3.033244721340003,34776276.0,False,False
CHEBI:50567,MONDO:0006058,3.4023681865579687,2450981.0,False,False
UNII:YB18NF020M,MONDO:0006058,3.3334957384071675,4012363.0,False,False
CHEBI:145371,MONDO:0005212,3.338476943705408,3870374.0,False,False
UNII:T41737F88A,MONDO:0009759,3.0321610155170426,34980116.0,False,False
UNII:MLU3LU3EVV,MONDO:0009759,3.0299328938007273,35393480.0,False,False
CHEBI:9434,MONDO:0006058,3.4104942963668727,2314496.0,False,False
CHEBI:135923,MONDO:0009759,3.0298574180037376,35407342.0,False,False
UNII:L1F3R18W77,MONDO:0013582,3.0296378758629117,35447878.0,False,False
CHEBI:9635,MONDO:0005212,3.4318539163488513,1990833.0,False,False
CHEBI:63631,MONDO:0006058,3.411024847969509,2305707.0,False,False
RXCUI:1157354,MONDO:0005212,3.348899878232403,3590029.0,False,False
UNII:KXG2PJ551I,MONDO:0005212,3.4166326484213534,2216013.0,False,False
CHEBI:9241,MONDO:0005212,3.347091494366974,3637032.0,False,False
CHEBI:28876,MONDO:0005212,,,True,
UNII:PQX0D8J21J,MONDO:0009759,3.032246864568103,34964109.0,False,False
CHEBI:85993,MONDO:0006058,3.4225365298600345,2125613.0,False,False
CHEBI:94449,MONDO:0009759,3.3320165872127236,4055665.0,False,False
UNII:4W3KFI3TN3,MONDO:0000141,3.0328206187202698,34855813.0,False,False
CHEBI:3611,MONDO:0005212,3.4026813933247695,2445567.0,False,False
CHEBI:28445,MONDO:0005212,,,True,
CHEBI:16335,MONDO:0005212,3.4305928005254342,2008429.0,False,False
CHEBI:6437,MONDO:0005212,3.2371785662933754,8134286.0,False,False
CHEBI:144551,MONDO:0006058,3.231578804720125,8479256.0,False,False
CHEBI:63627,MONDO:0005212,3.241195664361344,7895016.0,False,False
CHEBI:63620,MONDO:0009759,3.1135885582734657,20386965.0,False,False
CHEBI:68610,MONDO:0013582,3.115967075699265,20036618.0,False,False
CHEBI:26580,MONDO:0005212,3.233705269355613,8346627.0,False,False
CHEBI:4717,MONDO:0005212,3.2306070195038474,8540793.0,False,False
CHEBI:8884,MONDO:0009759,3.1146770294109434,20226141.0,False,False
CHEBI:75722,MONDO:0013582,3.113381345308876,20417623.0,False,False
CHEBI:17045,MONDO:0013582,3.1174168181276176,19826524.0,False,False
CHEBI:84116,MONDO:0006058,3.1167830274499373,19918477.0,False,False
CHEBI:3013,MONDO:0006058,3.2440228305460277,7730886.0,False,False
CHEBI:7465,MONDO:0009759,3.2385885532515553,8049836.0,False,False
CHEBI:32184,MONDO:0000141,3.1137073368943184,20369619.0,False,False
CHEBI:9654,MONDO:0005212,3.1144466387290928,20259856.0,False,False
DRUGBANK:DB16802,MONDO:0005212,3.2412733042881143,7890385.0,False,False
CHEBI:6339,MONDO:0006058,3.246014250317327,7617904.0,False,False
CHEBI:229233,MONDO:0006058,3.232624528141055,8413823.0,False,False
UMLS:C4547518,MONDO:0005212,3.235646831733745,8227324.0,False,False
CHEBI:16480,MONDO:0006058,3.227856628979961,8717343.0,False,False
UMLS:C5238067,MONDO:0005212,3.1136007683405253,20385174.0,False,False
CHEBI:4814,MONDO:0013582,3.115562648730253,20095815.0,False,False
CHEBI:8448,MONDO:0009759,3.1177613786794587,19776447.0,False,False
UNII:0JJ21K6L2I,MONDO:0005212,3.113990098452626,20327623.0,False,False
CHEBI:7824,MONDO:0005212,3.240211860426991,7953362.0,False,False
UNII:L76T0ZCA8K,MONDO:0000141,3.229351416141565,8620936.0,False,False
UNII:T3U32GLJ0F,MONDO:0006058,3.24611462952299,7612274.0,False,False
CHEBI:31794,MONDO:0000141,3.1178218443732795,19767790.0,False,False
CHEBI:7575,MONDO:0009759,3.2441720093481328,7722370.0,False,False
CHEBI:91407,MONDO:0006058,3.2411188439243217,7899565.0,False,False
CHEBI:18243,MONDO:0013582,3.2335087881230544,8358823.0,False,False
CHEBI:9150,MONDO:0013582,3.1155799084479328,20093314.0,False,False
CHEBI:31794,MONDO:0009759,3.113809639961561,20354344.0,False,False
CHEBI:7660,MONDO:0006058,3.236132797586789,8197494.0,False,False
CHEBI:9757,MONDO:0013582,3.1151057186624467,20163280.0,False,False
UNII:35A26E427H,MONDO:0006058,3.23685491286896,8153555.0,False,False
UNII:9RV78Q2002,MONDO:0006058,3.2527660166560226,7246394.0,False,False
UMLS:C5421200,MONDO:0006058,3.2456151804515962,7640499.0,False,False
CHEBI:50730,MONDO:0005212,3.2471377406009685,7554875.0,False,False
CHEBI:64064,MONDO:0006058,3.248415864628222,7483600.0,False,False
CHEBI:3181,MONDO:0000141,3.2381930825399543,8073338.0,False,False
CHEBI:4466,MONDO:0013582,3.162701980717264,14179882.0,False,False
CHEBI:10102,MONDO:0005212,3.0767805237690964,26467090.0,False,False
CHEBI:229680,MONDO:0006058,3.16661987144411,13770960.0,False,False
CHEBI:134742,MONDO:0006058,3.1058345395580886,21563760.0,False,False
CHEBI:8405,MONDO:0009759,3.0789638403710047,26072760.0,False,False
CHEBI:135906,MONDO:0000141,3.0752469754202414,26746009.0,False,False
CHEBI:4887,MONDO:0006058,3.0772061056019897,26389718.0,False,False
CHEBI:38545,MONDO:0005212,3.162148802937402,14238778.0,False,False
CHEBI:48538,MONDO:0009759,3.106676454208496,21433150.0,False,False
CHEBI:10100,MONDO:0013582,3.0762690059290474,26559933.0,False,False
CHEBI:3044,MONDO:0006058,3.0789421409591737,26076695.0,False,False
CHEBI:135949,MONDO:0005212,3.076328235879587,26549260.0,False,False
CHEBI:17076,MONDO:0009759,3.076976934835412,26431200.0,False,False
CHEBI:5138,MONDO:0006058,3.165460888037841,13890552.0,False,False
CHEBI:47612,MONDO:0000141,3.1028248850108056,22035629.0,False,False
CHEBI:59773,MONDO:0013582,3.1038275436923897,21877847.0,False,False
CHEBI:7809,MONDO:0000141,3.1034790476635017,21932694.0,False,False
CHEBI:70735,MONDO:0005212,3.0754646237283647,26706050.0,False,False
CHEBI:45373,MONDO:0006058,3.163055185013809,14142334.0,False,False
CHEBI:50567,MONDO:0009759,3.1070397069589557,21376940.0,False,False
PUBCHEM.COMPOUND:11979316,MONDO:0013582,3.0769030598099727,26444777.0,False,False
CHEBI:174358,MONDO:0005212,3.075201096865146,26754375.0,False,False
CHEBI:134716,MONDO:0005212,3.1649484513279047,13943925.0,False,False
CHEBI:4724,MONDO:0006058,3.102944327490034,22016924.0,False,False
CHEBI:15940,MONDO:0009759,3.107025882668528,21379053.0,False,False
CHEBI:9328,MONDO:0013582,3.104273089544433,21807606.0,False,False
CHEBI:4885,MONDO:0000141,3.1670408879740544,13727738.0,False,False
CHEBI:3479,MONDO:0009759,3.106589866832412,21446519.0,False,False
CHEBI:6704,MONDO:0013582,3.104306710011949,21802220.0,False,False
CHEBI:3084,MONDO:0000141,3.1062771734546075,21495054.0,False,False
CHEBI:28077,MONDO:0009759,3.0781523469210725,26218534.0,False,False
CHEBI:70735,MONDO:0006058,3.1070469779741683,21375854.0,False,False
CHEBI:172943,MONDO:0006058,3.075904540152812,26626215.0,False,False
CHEBI:3311,MONDO:0006058,3.166359597649409,13797700.0,False,False
PR:000007303,MONDO:0005212,3.1070896531970966,21369189.0,False,False
UNII:TT0V5JLG5B,MONDO:0005212,3.0768228494169145,26459480.0,False,False
CHEBI:9288,MONDO:0000141,3.0760650150570914,26596930.0,False,False
PUBCHEM.COMPOUND:122173801,MONDO:0013582,3.103600743860154,21913570.0,False,False
CHEBI:9757,MONDO:0005212,3.103746203684352,21890810.0,False,False
CHEBI:4910,MONDO:0006058,3.1659682495730084,13838127.0,False,False
CHEBI:135014,MONDO:0009759,3.077704421575938,26299107.0,False,False
UNII:0H8KZ470DW,MONDO:0009759,3.079108664306677,26046836.0,False,False
UNII:SXA7YP6EKX,MONDO:0005212,3.104290745144862,21804703.0,False,False
CHEBI:71941,MONDO:0009759,3.163450590745993,14100671.0,False,False
CHEBI:4470,MONDO:0000141,3.0775915648899885,26319485.0,False,False
CHEBI:64310,MONDO:0005212,3.3830014752666653,2811776.0,False,False
CHEBI:64028,MONDO:0005212,3.1476337235473197,15866454.0,False,False
CHEBI:599440,MONDO:0005212,3.2709298263968445,6336204.0,False,False
CHEBI:9437,MONDO:0006058,3.3746970605103965,2983673.0,False,False
CHEBI:45951,MONDO:0000141,3.2718654374635623,6292477.0,False,False
CHEBI:31236,MONDO:0009759,3.386959088737914,2733568.0,False,False
CHEBI:9635,MONDO:0006058,3.2828693646517806,5803150.0,False,False
UMLS:C2827697,MONDO:0006058,3.371449165751619,3053600.0,False,False
CHEBI:68534,MONDO:0000141,3.3695282314246677,3095950.0,False,False
CHEBI:59594,MONDO:0013582,3.147392344479101,15894933.0,False,False
UNII:RR6P8L282I,MONDO:0006058,3.399904913444265,2494110.0,False,False
CHEBI:31515,MONDO:0005212,3.1420109983391056,16542304.0,False,False
CHEBI:47782,MONDO:0009759,3.143397412878956,16373332.0,False,False
CHEBI:86158,MONDO:0006058,3.142424016755049,16491656.0,False,False
CHEBI:63635,MONDO:0005212,3.2701195395421996,6374297.0,False,False
CHEBI:82717,MONDO:0006058,3.1469801539612314,15943706.0,False,False
CHEBI:16335,MONDO:0006058,3.382489881905715,2822028.0,False,False
CHEBI:37924,MONDO:0006058,3.1439301858113664,16308666.0,False,False
CHEBI:59224,MONDO:0006058,3.2807087450389787,5896502.0,False,False
CHEBI:145499,MONDO:0006058,3.285160372624059,5706236.0,False,False
UNII:54534MX6Z9,MONDO:0005212,3.3954090389369007,2574480.0,False,False
CHEBI:15365,MONDO:0009759,3.370043244675001,3084500.0,False,False
UNII:5G7AKV2MKP,MONDO:0005212,3.391719223357156,2642484.0,False,False
UNII:7NL2E3F6K3,MONDO:0006058,3.2776076255730597,6032199.0,False,False
CHEBI:71253,MONDO:0006058,3.1413666774272913,16621810.0,False,False
CHEBI:49575,MONDO:0005212,3.373000189985663,3019915.0,False,False
UNII:7V4A8U16MB,MONDO:0005212,3.144908732112276,16190886.0,False,False
CHEBI:50694,MONDO:0006058,3.27980751119769,5935413.0,False,False
CHEBI:50378,MONDO:0006058,3.282993796954222,5797820.0,False,False
CHEBI:6965,MONDO:0006058,3.147294774158711,15906549.0,False,False
CHEBI:63629,MONDO:0000141,3.14686694611866,15957166.0,False,False
CHEBI:6437,MONDO:0000141,3.1452415101499245,16151229.0,False,False
CHEBI:3732,MONDO:0006058,3.3920048155951763,2637170.0,False,False
CHEBI:133011,MONDO:0005212,3.363781907049107,3226141.0,False,False
UNII:K2J09EMJ52,MONDO:0009759,3.1423252182160275,16503696.0,False,False
CHEBI:17698,MONDO:0005212,3.3765030020381683,2945334.0,False,False
CHEBI:8499,MONDO:0009759,3.2866313449576325,5645063.0,False,False
CHEBI:4530,MONDO:0009759,3.2738813170592636,6199651.0,False,False
CHEBI:68579,MONDO:0013582,3.141854103765767,16561639.0,False,False
CHEBI:232328,MONDO:0005212,3.2875104951178518,5608566.0,False,False
CHEBI:45367,MONDO:0006058,3.1453635378250477,16136589.0,False,False
CHEBI:90942,MONDO:0006058,3.3950626889979065,2580741.0,False,False
UNII:7D0YB67S97,MONDO:0005212,3.2779009839566378,6019410.0,False,False
CHEBI:4858,MONDO:0005212,3.273711889288421,6207343.0,False,False
DRUGBANK:DB00058,MONDO:0005212,3.3814508545631523,2843076.0,False,False
CHEBI:64356,MONDO:0006058,3.385487552443776,2762467.0,False,False
CHEBI:27470,MONDO:0000141,3.2789478315976957,5973161.0,False,False
UNII:AD0O8X2QJR,MONDO:0006058,3.2848656732945014,5718561.0,False,False
CHEBI:36578,MONDO:0013582,3.145515413890357,16118339.0,False,False
CHEBI:52139,MONDO:0005212,3.147282660908128,15908004.0,False,False
CHEBI:5856,MONDO:0009759,3.145683576072175,16097962.0,False,False
CHEBI:49040,MONDO:0006058,3.277525335085174,6035865.0,False,False
CHEBI:27690,MONDO:0000141,3.386238499447364,2747604.0,False,False
CHEBI:7862,MONDO:0005212,3.1103575163862205,20870784.0,False,False
CHEBI:135627,MONDO:0009759,3.0653088459018125,28593368.0,False,False
CHEBI:134709,MONDO:0000141,3.1104609430244174,20854829.0,False,False
UNII:LKC0U3A8NJ,MONDO:0009759,3.062595849889399,29108135.0,False,False
UNII:5Q6TZN2HNM,MONDO:0005212,3.1077737014415288,21264118.0,False,False
CHEBI:134689,MONDO:0000141,3.0625156362160832,29123484.0,False,False
CHEBI:134700,MONDO:0006058,3.108120168813361,21210791.0,False,False
CHEBI:534,MONDO:0005212,3.110400861733791,20864021.0,False,False
CHEBI:3814,MONDO:0009759,3.1120656233124415,20613337.0,False,False
CHEBI:174690,MONDO:0005212,3.1247962330837633,18784368.0,False,False
CHEBI:10125,MONDO:0006058,3.1097237983145662,20966732.0,False,False
CHEBI:5141,MONDO:0009759,3.1262096429036603,18590722.0,False,False
CHEBI:391960,MONDO:0009759,3.1093300369601966,21026895.0,False,False
CHEBI:17698,MONDO:0009759,3.063466398228642,28942312.0,False,False
CHEBI:8412,MONDO:0006058,3.128338363216957,18302060.0,False,False
CHEBI:63607,MONDO:0000141,3.0650518532057376,28642058.0,False,False
UNII:AD4J2O47FQ,MONDO:0005212,3.0646257317611347,28722534.0,False,False
CHEBI:43755,MONDO:0005212,3.1264745559675498,18554773.0,False,False
UNII:T9FVH03HMZ,MONDO:0000141,3.062849769637097,29059844.0,False,False
UNII:23OW28RS7P,MONDO:0005212,3.1102696907041327,20883924.0,False,False
CHEBI:45652,MONDO:0005212,3.0644560551355733,28754440.0,False,False
RXCUI:967089,MONDO:0013582,3.064679252011145,28712488.0,False,False
CHEBI:72323,MONDO:0000141,3.1123326499464,20573477.0,False,False
CHEBI:87715,MONDO:0005212,3.0629416782224084,29042228.0,False,False
CHEBI:4636,MONDO:0006058,3.1082884617206683,21185442.0,False,False
CHEBI:135737,MONDO:0005212,3.063962457705265,28848338.0,False,False
CHEBI:82960,MONDO:0005212,3.1293035213848874,18172866.0,False,False
CHEBI:3508,MONDO:0009759,3.1125288171772016,20544175.0,False,False
PUBCHEM.COMPOUND:139399801,MONDO:0006058,3.1277927140517434,18375792.0,False,False
CHEBI:135530,MONDO:0013582,3.0660634525381383,28451111.0,False,False
CHEBI:135962,MONDO:0006058,3.1095585470743403,20992068.0,False,False
UNII:1B56C968OA,MONDO:0000141,3.1111388598129253,20753228.0,False,False
CHEBI:27436,MONDO:0013582,3.062326130560276,29159805.0,False,False
CHEBI:8357,MONDO:0013582,3.0639843533191025,28844163.0,False,False
UMLS:C2316217,MONDO:0009759,3.0635546588819773,28925655.0,False,False
CHEBI:261649,MONDO:0005212,3.065814285523614,28498128.0,False,False
CHEBI:8357,MONDO:0009759,3.1292485796288547,18180175.0,False,False
CHEBI:8597,MONDO:0005212,3.1118446499046115,20646592.0,False,False
CHEBI:135956,MONDO:0009759,3.1253042083318654,18714856.0,False,False
CHEBI:31687,MONDO:0000141,3.1085851252445744,21139864.0,False,False
CHEBI:36578,MONDO:0006058,3.1105695765701062,20838559.0,False,False
CHEBI:103855,MONDO:0006058,3.1246146269997257,18809449.0,False,False
CHEBI:16714,MONDO:0006058,3.1279380593941397,18356257.0,False,False
CHEBI:94501,MONDO:0009759,3.108077565073467,21217401.0,False,False
CHEBI:68478,MONDO:0009759,3.125730225286139,18656503.0,False,False
CHEBI:9321,MONDO:0005212,3.1276396388582652,18396371.0,False,False
CHEBI:90865,MONDO:0009759,3.1287971317609093,18240584.0,False,False
CHEBI:8869,MONDO:0009759,3.066291511955682,28408115.0,False,False
CHEBI:133538,MONDO:0000141,3.062715060090693,29085457.0,False,False
CHEBI:85973,MONDO:0006058,3.2568334747217156,7031572.0,False,False
CHEBI:71417,MONDO:0013582,3.121637013081717,19224050.0,False,False
UNII:420K487FSG,MONDO:0005212,3.207340741339711,10159724.0,False,False
CHEBI:133017,MONDO:0005212,3.1192661992565434,19560536.0,False,False
CHEBI:17026,MONDO:0013582,3.257734323608626,6984812.0,False,False
CHEBI:63622,MONDO:0005212,3.123822168249442,18919391.0,False,False
CHEBI:68642,MONDO:0000141,3.2131810784150514,9726495.0,False,False
CHEBI:125354,MONDO:0006058,3.2697229824366643,6392809.0,False,False
CHEBI:68556,MONDO:0006058,3.2060078436274235,10261582.0,False,False
UNII:7C00L34NB9,MONDO:0006058,3.210193572850753,9945408.0,False,False
CHEBI:76016,MONDO:0005212,3.2119449432164098,9816324.0,False,False
CHEBI:133023,MONDO:0005212,3.266087762563955,6566673.0,False,False
UNII:4B93MGE4AL,MONDO:0006058,3.2086763096799267,10058881.0,False,False
CHEBI:132975,MONDO:0005212,3.259084095686396,6914913.0,False,False
CHEBI:45285,MONDO:0000141,3.1202952507405417,19413992.0,False,False
CHEBI:4027,MONDO:0013582,3.1232115888874215,19004018.0,False,False
UNII:07896928ZC,MONDO:0006058,3.2658302468020546,6579259.0,False,False
CHEBI:18258,MONDO:0005212,3.2647081050523683,6634068.0,False,False
CHEBI:3534,MONDO:0005212,3.21012410746719,9950841.0,False,False
CHEBI:42944,MONDO:0006058,3.258511551353781,6944415.0,False,False
CHEBI:4717,MONDO:0006058,3.20853287838609,10069624.0,False,False
CHEBI:3996,MONDO:0005212,3.2643338131820614,6652747.0,False,False
CHEBI:617099,MONDO:0006058,3.2580375568245596,6969133.0,False,False
UNII:25CG88L0BB,MONDO:0005212,3.2683417097456577,6458309.0,False,False
CHEBI:90841,MONDO:0006058,3.1193884918065713,19543091.0,False,False
CHEBI:38562,MONDO:0006058,3.2643092397938434,6653934.0,False,False
UNII:55KHL3P693,MONDO:0006058,3.266745713725349,6534661.0,False,False
CHEBI:6456,MONDO:0000141,3.123547030904558,18957632.0,False,False
CHEBI:9671,MONDO:0000141,3.1212497012269202,19278660.0,False,False
CHEBI:85164,MONDO:0006058,3.2622495152426003,6755279.0,False,False
CHEBI:70708,MONDO:0013582,3.2642772177165744,6655489.0,False,False
CHEBI:3380,MONDO:0013582,3.268764590695376,6438208.0,False,False
CHEBI:71028,MONDO:0006058,3.2598406950163055,6876418.0,False,False
CHEBI:50848,MONDO:0006058,3.213032633884833,9737061.0,False,False
PUBCHEM.COMPOUND:11979316,MONDO:0005212,3.210932696005055,9890210.0,False,False
CHEBI:15407,MONDO:0013582,3.205567241191112,10295584.0,False,False
CHEBI:7465,MONDO:0006058,3.266997494805701,6522641.0,False,False
UNII:GB4I2JI8UI,MONDO:0005212,3.1196331600601717,19508208.0,False,False
CHEBI:17754,MONDO:0005212,3.2668294899381234,6530532.0,False,False
CHEBI:9738,MONDO:0006058,3.213027623798423,9737420.0,False,False
CHEBI:28621,MONDO:0006058,3.2144476401260014,9635058.0,False,False
CHEBI:15552,MONDO:0009759,3.215267886387603,9576120.0,False,False
CHEBI:85183,MONDO:0006058,3.1195839184046905,19515082.0,False,False
CHEBI:8024,MONDO:0013582,3.2153880624828433,9567622.0,False,False
CHEBI:3654,MONDO:0000141,3.263375902631979,6699672.0,False,False
CHEBI:71941,MONDO:0005212,3.1497011220270625,15623823.0,False,False
CHEBI:40237,MONDO:0005212,3.091517199003629,23884246.0,False,False
CHEBI:77898,MONDO:0005212,3.3015552369331918,5060984.0,False,False
CHEBI:3749,MONDO:0006058,3.154359755947089,15090264.0,False,False
CHEBI:8874,MONDO:0000141,3.1503558511386434,15547608.0,False,False
CHEBI:180905,MONDO:0013582,3.152069115975464,15350032.0,False,False
CHEBI:16899,MONDO:0005212,3.3035783561419496,4986863.0,False,False
UNII:L76T0ZCA8K,MONDO:0006058,3.29255110518328,5404707.0,False,False
CHEBI:48669,MONDO:0009759,3.151359034613442,15431747.0,False,False
UNII:2P6O7CFW5K,MONDO:0006058,3.2986870859071726,5167456.0,False,False
CHEBI:4877,MONDO:0009759,3.0922268412453433,23764591.0,False,False
CHEBI:7514,MONDO:0005212,3.3076790933952775,4839422.0,False,False
CHEBI:49566,MONDO:0000141,3.0897114312494773,24190145.0,False,False
CHEBI:63637,MONDO:0006058,3.295980066907027,5270700.0,False,False
CHEBI:50729,MONDO:0013582,3.0921526599571276,23777009.0,False,False
CHEBI:94405,MONDO:0006058,3.0912328126969877,23932183.0,False,False
CHEBI:125354,MONDO:0005212,3.2888651661597823,5553115.0,False,False
CHEBI:9599,MONDO:0009759,3.14993434090257,15596464.0,False,False
CHEBI:15940,MONDO:0000141,3.089001603305422,24311833.0,False,False
CHEBI:85979,MONDO:0006058,3.0884598064032014,24404811.0,False,False
CHEBI:4784,MONDO:0000141,3.1528825023491978,15257426.0,False,False
CHEBI:39501,MONDO:0013582,3.0886433359793273,24373209.0,False,False
UNII:MCN858TCP0,MONDO:0009759,3.0926234600825406,23697765.0,False,False
CHEBI:3215,MONDO:0005212,3.2894570141620796,5529018.0,False,False
DRUGBANK:DB17635,MONDO:0005212,3.300303830817768,5107192.0,False,False
CHEBI:31781,MONDO:0006058,3.2891476871787013,5541594.0,False,False
CHEBI:45906,MONDO:0000141,3.0909045764985965,23987264.0,False,False
CHEBI:31530,MONDO:0006058,3.2886452074654144,5562178.0,False,False
CHEBI:62984,MONDO:0000141,3.3033331297939066,4995801.0,False,False
UNII:P7186074QC,MONDO:0005212,3.2959744016375243,5270930.0,False,False
CHEBI:31524,MONDO:0005212,3.089854201011291,24165939.0,False,False
CHEBI:46195,MONDO:0009759,3.3000370513538755,5117139.0,False,False
CHEBI:8412,MONDO:0013582,3.1512472182535562,15444852.0,False,False
CHEBI:71025,MONDO:0000141,3.0910492882077403,23963093.0,False,False
CHEBI:229217,MONDO:0005212,3.151051291445571,15467408.0,False,False
UNII:DLG4EML025,MONDO:0006058,3.287944053842901,5590860.0,False,False
CHEBI:50648,MONDO:0006058,3.2920275094420797,5425409.0,False,False
CHEBI:184381,MONDO:0006058,3.1531678093851534,15225190.0,False,False
CHEBI:27882,MONDO:0013582,3.089608882932892,24207770.0,False,False
UNII:9RV78Q2002,MONDO:0005212,3.3042770279694618,4961170.0,False,False
CHEBI:7872,MONDO:0000141,3.0923198262074685,23748869.0,False,False
CHEBI:63608,MONDO:0005212,3.319828326587295,4430018.0,False,False
CHEBI:28887,MONDO:0006058,3.3263769230085716,4224758.0,False,False
CHEBI:5959,MONDO:0005212,3.22165789203259,9130906.0,False,False
UNII:GNWE7KJ995,MONDO:0005212,3.2268446845767405,8783920.0,False,False
DRUGBANK:DB17381,MONDO:0005212,3.3291029839843587,4142193.0,False,False
CHEBI:5775,MONDO:0013582,3.2242879295919353,8953559.0,False,False
CHEBI:39867,MONDO:0009759,3.3157298188566537,4563826.0,False,False
CHEBI:188719,MONDO:0006058,3.31265922222531,4666951.0,False,False
CHEBI:15552,MONDO:0013582,3.318140049167969,4484555.0,False,False
CHEBI:724125,MONDO:0005212,3.1766961320535385,12772807.0,False,False
CHEBI:32687,MONDO:0006058,3.1756300759306555,12874556.0,False,False
CHEBI:51230,MONDO:0013582,3.1732914608485316,13101298.0,False,False
CHEBI:180905,MONDO:0005212,3.1746271334984293,12971567.0,False,False
CHEBI:145430,MONDO:0005212,3.1729083637663367,13139167.0,False,False
UNII:2J3H5C81A5,MONDO:0006058,3.171176251699196,13310934.0,False,False
UNII:5G1WE425BI,MONDO:0005212,3.22470521445611,8925609.0,False,False
CHEBI:4975,MONDO:0005212,3.17617246827053,12822915.0,False,False
CHEBI:3766,MONDO:0006058,3.3152821579200538,4578676.0,False,False
CHEBI:6933,MONDO:0009759,3.3306573538257123,4095678.0,False,False
CHEBI:6965,MONDO:0009759,3.3157781431707827,4562223.0,False,False
CHEBI:9571,MONDO:0000141,3.226466206972851,8808767.0,False,False
CHEBI:45285,MONDO:0006058,3.1711709878130807,13311472.0,False,False
CHEBI:63613,MONDO:0005212,3.1730664879864365,13123560.0,False,False
CHEBI:7825,MONDO:0005212,3.170076530700193,13420772.0,False,False
UNII:X8R2D92QP1,MONDO:0006058,3.1730234896917633,13127776.0,False,False
CHEBI:66901,MONDO:0005212,3.1733733965643034,13093320.0,False,False
CHEBI:135738,MONDO:0009759,3.170225727979226,13405751.0,False,False
CHEBI:149836,MONDO:0006058,3.1707194145197843,13356243.0,False,False
CHEBI:135947,MONDO:0006058,3.3110003792151637,4723940.0,False,False
CHEBI:16480,MONDO:0005212,3.324729281083689,4275328.0,False,False
UMLS:C0042971,MONDO:0006058,3.3134207682355368,4641285.0,False,False
CHEBI:8890,MONDO:0005212,3.3312240149393126,4078931.0,False,False
CHEBI:3479,MONDO:0005212,3.3187063011145668,4466112.0,False,False
CHEBI:45373,MONDO:0005212,3.225890182050837,8846847.0,False,False
UNII:C3VX249T6L,MONDO:0005212,3.315399242221087,4574786.0,False,False
CHEBI:17750,MONDO:0009759,3.1720390851558156,13225223.0,False,False
CHEBI:85010,MONDO:0005212,3.2164606366161395,9491538.0,False,False
UNII:LIA7Z4002P,MONDO:0005212,3.1724605829875916,13183332.0,False,False
CHEBI:9570,MONDO:0000141,3.3134847443298607,4639110.0,False,False
CHEBI:4754,MONDO:0005212,3.170678152898785,13360364.0,False,False
UNII:6D848RA61B,MONDO:0006058,3.2265782129515417,8801377.0,False,False
CHEBI:174358,MONDO:0000141,3.070304784724449,27657047.0,False,False
UNII:54E5P4SD4U,MONDO:0005212,3.067569855711793,28167983.0,False,False
RXCUI:967089,MONDO:0009759,3.068936617210344,27911914.0,False,False
UNII:438HCF2X0M,MONDO:0005212,3.160461720255982,14418984.0,False,False
CHEBI:228302,MONDO:0013582,3.0957665325255883,23175673.0,False,False
UMLS:C3714737,MONDO:0013582,3.0691330367738976,27875143.0,False,False
CHEBI:51380,MONDO:0009759,3.158714936741185,14608296.0,False,False
CHEBI:5130,MONDO:0000141,3.093730039129987,23513182.0,False,False
CHEBI:229220,MONDO:0009759,3.07035234403528,27648163.0,False,False
CHEBI:4527,MONDO:0009759,3.070117423501358,27691869.0,False,False
CHEBI:47898,MONDO:0000141,3.068444327132654,28003927.0,False,False
UNII:7C00L34NB9,MONDO:0013582,3.0672300634015635,28231535.0,False,False
CHEBI:136040,MONDO:0006058,3.068902856666699,27918179.0,False,False
CHEBI:37943,MONDO:0013582,3.094733566257063,23346443.0,False,False
CHEBI:261649,MONDO:0013582,3.0956099198117237,23201418.0,False,False
CHEBI:9168,MONDO:0013582,3.068929324611659,27913287.0,False,False
CHEBI:6794,MONDO:0013582,3.1585679848231503,14624431.0,False,False
CHEBI:63638,MONDO:0009759,3.160564548695656,14407955.0,False,False
CHEBI:229526,MONDO:0013582,3.0959258873846682,23149529.0,False,False
CHEBI:6775,MONDO:0013582,3.094348703815414,23410052.0,False,False
CHEBI:4464,MONDO:0006058,3.097137213944043,22951407.0,False,False
CHEBI:5123,MONDO:0013582,3.095575604154414,23207021.0,False,False
CHEBI:8802,MONDO:0009759,3.0692140240507646,27859867.0,False,False
CHEBI:4672,MONDO:0009759,3.067216355865381,28234073.0,False,False
CHEBI:134745,MONDO:0006058,3.0975822524465175,22878771.0,False,False
CHEBI:4445,MONDO:0005212,3.1565741680814696,14842946.0,False,False
CHEBI:18385,MONDO:0009759,3.096861482021705,22996267.0,False,False
CHEBI:6015,MONDO:0005212,3.1545384187286567,15070224.0,False,False
CHEBI:64317,MONDO:0009759,3.069155815394778,27870911.0,False,False
CHEBI:91834,MONDO:0009759,3.0970179719232735,22970923.0,False,False
CHEBI:3638,MONDO:0009759,3.1583262426213414,14650795.0,False,False
CHEBI:63681,MONDO:0000141,3.1605720322325,14407202.0,False,False
CHEBI:204928,MONDO:0009759,3.0942201334523904,23431516.0,False,False
CHEBI:50378,MONDO:0000141,3.0944065073263163,23400546.0,False,False
CHEBI:4798,MONDO:0009759,3.09753117435052,22887013.0,False,False
CHEBI:2682,MONDO:0000141,3.0692908493171824,27845736.0,False,False
CHEBI:47781,MONDO:0013582,3.157078418786017,14787109.0,False,False
UNII:7IK8Z952OK,MONDO:0006058,3.0955988358996294,23203227.0,False,False
UNII:UA8U0KJM72,MONDO:0013582,3.0938682691279835,23490099.0,False,False
DRUGBANK:DB15699,MONDO:0006058,3.1553277918193676,14981925.0,False,False
CHEBI:68478,MONDO:0013582,3.066566125178727,28356249.0,False,False
RXCUI:1152373,MONDO:0009759,3.070041135880295,27706008.0,False,False
CHEBI:66964,MONDO:0000141,3.069056891092789,27889512.0,False,False
CHEBI:51860,MONDO:0005212,3.1615981536839914,14297623.0,False,False
CHEBI:72317,MONDO:0000141,3.0700318314251875,27707703.0,False,False
CHEBI:40237,MONDO:0009759,3.067864556134353,28112628.0,False,False
CHEBI:142432,MONDO:0005212,3.096471628954128,23059726.0,False,False
CHEBI:5134,MONDO:0013582,3.0678707011361857,28111534.0,False,False
CHEBI:5959,MONDO:0013582,3.09631556646909,23085383.0,False,False
CHEBI:7822,MONDO:0013582,3.0663169902260954,28403276.0,False,False
CHEBI:42355,MONDO:0006058,3.0978106934113647,22841731.0,False,False
CHEBI:28864,MONDO:0006058,3.1601279288225324,14454737.0,False,False
UNII:8NZ41MIK1O,MONDO:0009759,3.066978594994846,28278608.0,False,False
CHEBI:7488,MONDO:0009759,3.0714869459597525,27437812.0,False,False
UNII:07896928ZC,MONDO:0013582,3.071548247125313,27426298.0,False,False
CHEBI:3777,MONDO:0013582,3.0585333850988308,29886343.0,False,False
CHEBI:2666,MONDO:0005212,3.1953497455198026,11111886.0,False,False
CHEBI:92609,MONDO:0000141,3.0587259725416693,29849216.0,False,False
CHEBI:3219,MONDO:0000141,3.0720685604684568,27329533.0,False,False
UNII:3E3D8T1GIX,MONDO:0009759,3.0608404980461223,29443446.0,False,False
UNII:UA8U0KJM72,MONDO:0009759,3.0744465246753854,26892036.0,False,False
CHEBI:6128,MONDO:0000141,3.0597640468749168,29650293.0,False,False
CHEBI:43602,MONDO:0000141,3.070826595127398,27559912.0,False,False
CHEBI:38940,MONDO:0013582,3.0603001055452546,29547334.0,False,False
UNII:2S9ZZM9Q9V,MONDO:0009759,3.0618396877273724,29252585.0,False,False
CHEBI:8354,MONDO:0009759,3.0578410023266844,30020022.0,False,False
CHEBI:75179,MONDO:0000141,3.073920386054078,26988585.0,False,False
CHEBI:60761,MONDO:0009759,3.0600598240484027,29593505.0,False,False
CHEBI:116735,MONDO:0009759,3.0604617476252183,29516252.0,False,False
CHEBI:90908,MONDO:0005212,3.0719058485200845,27359866.0,False,False
CHEBI:82866,MONDO:0005212,3.0717061172586373,27397071.0,False,False
CHEBI:77590,MONDO:0005212,3.0721958898641937,27306162.0,False,False
CHEBI:3176,MONDO:0006058,3.195560111902106,11094591.0,False,False
CHEBI:74947,MONDO:0009759,3.070860950383197,27553623.0,False,False
CHEBI:45081,MONDO:0000141,3.0707733243551933,27569916.0,False,False
CHEBI:52717,MONDO:0013582,3.0587761783026624,29839360.0,False,False
CHEBI:3698,MONDO:0005212,3.0586647524379798,29860913.0,False,False
UNII:DTI67O9503,MONDO:0005212,3.071338122956267,27465167.0,False,False
UNII:L929CBB126,MONDO:0013582,3.0741783232133892,26941302.0,False,False
CHEBI:17594,MONDO:0005212,3.200020915838727,10730901.0,False,False
CHEBI:9328,MONDO:0000141,3.0614354298147006,29329830.0,False,False
CHEBI:230905,MONDO:0000141,3.072604511601562,27230632.0,False,False
CHEBI:71219,MONDO:0000141,3.0606394319828087,29482047.0,False,False
CHEBI:7565,MONDO:0009759,3.1958248233450814,11072804.0,False,False
CHEBI:2569,MONDO:0006058,3.072775558383202,27198843.0,False,False
CHEBI:63630,MONDO:0009759,3.2022955958993062,10550490.0,False,False
UNII:7XZ4062R17,MONDO:0005212,3.0736760581150255,27033341.0,False,False
CHEBI:71019,MONDO:0013582,3.0607312500573824,29464421.0,False,False
CHEBI:91083,MONDO:0005212,3.201241542672821,10633628.0,False,False
UNII:8M7V7Q6537,MONDO:0006058,3.20004291236817,10729190.0,False,False
CHEBI:50122,MONDO:0009759,3.0589304033229627,29809826.0,False,False
UNII:13ZT6YG5SD,MONDO:0009759,3.0617749536996537,29265040.0,False,False
CHEBI:92875,MONDO:0000141,3.0712626903664852,27479114.0,False,False
CHEBI:109549,MONDO:0005212,3.1973069456106007,10950209.0,False,False
CHEBI:27565,MONDO:0013582,3.0613708349475712,29342377.0,False,False
CHEBI:136051,MONDO:0006058,3.202152742165688,10561885.0,False,False
CHEBI:229526,MONDO:0005212,3.0720115199522398,27340269.0,False,False
CHEBI:178699,MONDO:0005212,3.0600155909292632,29602033.0,False,False
CHEBI:50730,MONDO:0000141,3.0727348407143804,27206291.0,False,False
UNII:WP58SVM6R4,MONDO:0005212,3.2037028599278767,10439826.0,False,False
CHEBI:30746,MONDO:0009759,3.0739448919774564,26984096.0,False,False
PUBCHEM.COMPOUND:71349,MONDO:0000141,3.060814693881659,29448402.0,False,False
UNII:KG6VO684Z6,MONDO:0005212,3.194865920945329,11152129.0,False,False
CHEBI:85966,MONDO:0013582,3.204082847610128,10410286.0,False,False
CHEBI:7447,MONDO:0013582,3.0594156531280787,29717231.0,False,False
PUBCHEM.COMPOUND:71349,MONDO:0005212,3.1971145513943373,10966190.0,False,False
CHEBI:135351,MONDO:0006058,3.060175753129383,29571215.0,False,False
UMLS:C1172255,MONDO:0009759,3.0734514529398362,27074395.0,False,False
CHEBI:31547,MONDO:0013582,3.1335060395761856,17617853.0,False,False
CHEBI:31905,MONDO:0009759,3.0409994644112412,33292274.0,False,False
CHEBI:229233,MONDO:0005212,3.1331039343502303,17670516.0,False,False
CHEBI:51860,MONDO:0013582,3.1357129265442856,17332688.0,False,False
CHEBI:8080,MONDO:0013582,3.138974665689755,16918456.0,False,False
UNII:4B33BGI082,MONDO:0005212,3.140885664161351,16681149.0,False,False
CHEBI:85984,MONDO:0005212,3.1385021933510218,16977609.0,False,False
CHEBI:8776,MONDO:0009759,3.135957524457844,17301034.0,False,False
CHEBI:2668,MONDO:0005212,3.134884107664613,17439493.0,False,False
CHEBI:50867,MONDO:0005212,3.13841596365143,16988452.0,False,False
UNII:Y6BX7BL23K,MONDO:0009759,3.0414025301569048,33214166.0,False,False
CHEBI:61049,MONDO:0009759,3.1313032368705382,17906943.0,False,False
CHEBI:6128,MONDO:0005212,3.1392885883065627,16879162.0,False,False
CHEBI:59582,MONDO:0009759,3.038732425900914,33730640.0,False,False
CHEBI:5523,MONDO:0009759,3.0409343476564694,33305028.0,False,False
CHEBI:5384,MONDO:0013582,3.1385017840274707,16977655.0,False,False
CHEBI:4530,MONDO:0006058,3.130055448041055,18072400.0,False,False
CHEBI:135530,MONDO:0000141,3.1335200367657743,17616047.0,False,False
CHEBI:229539,MONDO:0006058,3.1315767468192033,17871063.0,False,False
CHEBI:64310,MONDO:0009759,3.0413258145937623,33229200.0,False,False
CHEBI:231087,MONDO:0000141,3.040035415091608,33478754.0,False,False
CHEBI:47781,MONDO:0005212,3.139182616358586,16892607.0,False,False
CHEBI:39548,MONDO:0013582,3.134673077269735,17466800.0,False,False
CHEBI:8871,MONDO:0000141,3.1301346474354483,18061783.0,False,False
UNII:8G388563M7,MONDO:0000141,3.0391502306638536,33649489.0,False,False
CHEBI:83531,MONDO:0013582,3.0383348882714256,33806842.0,False,False
CHEBI:39112,MONDO:0000141,3.040537938256044,33381653.0,False,False
CHEBI:63845,MONDO:0005212,3.137193331077537,17143301.0,False,False
UNII:5Q6TZN2HNM,MONDO:0006058,3.133948919283486,17560534.0,False,False
CHEBI:63791,MONDO:0013582,3.0406542715853906,33358970.0,False,False
CHEBI:135905,MONDO:0009759,3.1327798169515546,17712698.0,False,False
CHEBI:15854,MONDO:0006058,3.1372382098791487,17137547.0,False,False
UNII:2NU6F9601K,MONDO:0009759,3.0390681921589757,33665359.0,False,False
CHEBI:3215,MONDO:0000141,3.037862606381484,33897559.0,False,False
CHEBI:291342,MONDO:0006058,3.13179384458991,17842589.0,False,False
CHEBI:94187,MONDO:0000141,3.1407516808428273,16697647.0,False,False
CHEBI:145372,MONDO:0009759,3.040087598985335,33468706.0,False,False
CHEBI:3699,MONDO:0013582,3.132881934427364,17699433.0,False,False
CHEBI:94501,MONDO:0013582,3.038540262909388,33767376.0,False,False
UNII:997WVV895X,MONDO:0006058,3.1356903771870055,17335564.0,False,False
UMLS:C4547971,MONDO:0005212,3.13119021715512,17921887.0,False,False
CHEBI:135014,MONDO:0013582,3.039040020992589,33670738.0,False,False
CHEBI:2567,MONDO:0000141,3.141091412868154,16655799.0,False,False
CHEBI:48390,MONDO:0009759,3.0814270876590912,25632158.0,False,False
CHEBI:75037,MONDO:0009759,3.0567619193416506,30228001.0,False,False
CHEBI:6402,MONDO:0009759,3.0575044834872305,30084787.0,False,False
CHEBI:2788,MONDO:0006058,3.184988504668481,12005660.0,False,False
CHEBI:94501,MONDO:0000141,3.0570811309023753,30166602.0,False,False
CHEBI:76018,MONDO:0000141,3.082918789211929,25369033.0,False,False
CHEBI:94461,MONDO:0006058,3.1794774253669713,12510586.0,False,False
CHEBI:10112,MONDO:0009759,3.081417137224884,25633893.0,False,False
CHEBI:75984,MONDO:0000141,3.057558907596194,30074313.0,False,False
CHEBI:132774,MONDO:0013582,3.0542564380974486,30713622.0,False,False
UNII:LR3UXN0193,MONDO:0009759,3.057597403300856,30067008.0,False,False
UNII:9XW757O13D,MONDO:0000141,3.0573881681359296,30107324.0,False,False
UNII:3H8GSZ4SQL,MONDO:0006058,3.182082501249137,12269579.0,False,False
CHEBI:91514,MONDO:0009759,3.079787316351407,25925357.0,False,False
UNII:5TAA004E22,MONDO:0013582,3.0798532636297873,25913453.0,False,False
CHEBI:7825,MONDO:0000141,3.0551689458717934,30536923.0,False,False
CHEBI:66910,MONDO:0013582,3.081773067577836,25570730.0,False,False
CHEBI:173077,MONDO:0000141,3.0540963985229337,30745024.0,False,False
CHEBI:52717,MONDO:0009759,3.0540782608154995,30748670.0,False,False
CHEBI:27565,MONDO:0000141,3.056567493194396,30265739.0,False,False
CHEBI:4877,MONDO:0000141,3.0829421355921,25364869.0,False,False
CHEBI:16359,MONDO:0000141,3.0827492383415915,25398754.0,False,False
CHEBI:228488,MONDO:0006058,3.057289419960474,30126158.0,False,False
UNII:5Z9SP3X666,MONDO:0000141,3.0575567909194827,30074699.0,False,False
CHEBI:135207,MONDO:0005212,3.057541374857636,30077703.0,False,False
CHEBI:136048,MONDO:0006058,3.080200532505395,25850926.0,False,False
UNII:3U02EL437C,MONDO:0013582,3.0542454742972662,30715833.0,False,False
CHEBI:100246,MONDO:0013582,3.0575991378571414,30066663.0,False,False
CHEBI:15765,MONDO:0009759,3.1845570639901473,12044342.0,False,False
CHEBI:2469,MONDO:0005212,3.184970276299051,12007243.0,False,False
CHEBI:172944,MONDO:0005212,3.0833875467831326,25286455.0,False,False
CHEBI:5790,MONDO:0006058,3.0819294634673016,25543087.0,False,False
CHEBI:9150,MONDO:0000141,3.0563470310308816,30308406.0,False,False
CHEBI:8426,MONDO:0000141,3.180262544277608,12437477.0,False,False
CHEBI:3655,MONDO:0000141,3.181696042167655,12305172.0,False,False
CHEBI:3032,MONDO:0005212,3.080449543808127,25806515.0,False,False
UNII:YK2K6N3ZVU,MONDO:0006058,3.184290413686406,12068341.0,False,False
UNII:54K37P50KH,MONDO:0006058,3.081636961620478,25594950.0,False,False
CHEBI:63618,MONDO:0013582,3.083178290623118,25323274.0,False,False
CHEBI:134714,MONDO:0013582,3.081553145638338,25609739.0,False,False
CHEBI:15891,MONDO:0009759,3.0558056798592297,30413420.0,False,False
CHEBI:4636,MONDO:0009759,3.08256487673017,25431158.0,False,False
CHEBI:8448,MONDO:0013582,3.0839491481186636,25188505.0,False,False
CHEBI:82718,MONDO:0005212,3.056208676129505,30335350.0,False,False
CHEBI:7577,MONDO:0005212,3.080082678873599,25872265.0,False,False
CHEBI:63598,MONDO:0013582,3.0819625644041677,25537140.0,False,False
UMLS:C2316217,MONDO:0005212,3.0797687000164564,25928696.0,False,False
CHEBI:63608,MONDO:0000141,3.0575327467331155,30079381.0,False,False
CHEBI:63613,MONDO:0009759,3.0541809664330333,30728432.0,False,False
CHEBI:32020,MONDO:0009759,3.083341686961292,25294539.0,False,False
CHEBI:49040,MONDO:0009759,3.0569667573034867,30188603.0,False,False
CHEBI:3699,MONDO:0009759,3.183020264918402,12183793.0,False,False
CHEBI:49566,MONDO:0009759,3.079675218570676,25945486.0,False,False
CHEBI:5818,MONDO:0000141,3.0572744633243385,30128963.0,False,False
CHEBI:135949,MONDO:0013582,3.0824686892483424,25448037.0,False,False
CHEBI:84883,MONDO:0013582,3.0799554404773506,25895151.0,False,False
CHEBI:3732,MONDO:0013582,3.0554331744147847,30485688.0,False,False
CHEBI:229659,MONDO:0009759,3.0569578753822584,30190391.0,False,False
CHEBI:229764,MONDO:0000141,3.0837957111951155,25214886.0,False,False
CHEBI:408174,MONDO:0000141,3.053622780853055,30836779.0,False,False
CHEBI:17439,MONDO:0000141,3.0570740257913576,30167991.0,False,False
UNII:LYO9XZ250J,MONDO:0009759,3.054288533250344,30707368.0,False,False
CHEBI:60761,MONDO:0000141,3.0814510246512734,25627986.0,False,False
CHEBI:4657,MONDO:0000141,3.056713394339906,30237212.0,False,False
CHEBI:134991,MONDO:0000141,3.081335649176561,25648303.0,False,False
CHEBI:27882,MONDO:0000141,3.1842826561370474,12069028.0,False,False
CHEBI:6129,MONDO:0005212,3.189872889205914,11575596.0,False,False
UNII:ROV204583W,MONDO:0009759,3.0459104496593303,32337599.0,False,False
UNII:CEGM9YBNGD,MONDO:0009759,3.0458381027348387,32351691.0,False,False
CHEBI:30746,MONDO:0013582,3.045630231589067,32392128.0,False,False
CHEBI:94805,MONDO:0005212,3.186573796775556,11864919.0,False,False
CHEBI:3515,MONDO:0013582,3.04694905239562,32135603.0,False,False
UMLS:C2826229,MONDO:0013582,3.04682327362241,32159938.0,False,False
UNII:RRN67GMB0V,MONDO:0009759,3.047818953625841,31965613.0,False,False
CHEBI:82721,MONDO:0006058,3.08706110823201,24645913.0,False,False
CHEBI:72296,MONDO:0000141,3.0477721574872865,31974607.0,False,False
UNII:70BSQ12069,MONDO:0005212,3.0466906435025294,32185844.0,False,False
CHEBI:36560,MONDO:0006058,3.1928837556577636,11317791.0,False,False
CHEBI:233362,MONDO:0000141,3.08445504479486,25099939.0,False,False
UNII:T432289GYZ,MONDO:0013582,3.0464713206140135,32228775.0,False,False
RXCUI:2119698,MONDO:0006058,3.1872061080407015,11808966.0,False,False
UNII:WGD229O42W,MONDO:0005212,3.194223521728484,11205573.0,False,False
DRUGBANK:DB16257,MONDO:0005212,3.0867002324109705,24708586.0,False,False
CHEBI:10056,MONDO:0005212,3.08415796099686,25151905.0,False,False
CHEBI:72296,MONDO:0013582,3.0864936905417655,24744542.0,False,False
CHEBI:93363,MONDO:0006058,3.0865792718542875,24729617.0,False,False
RXCUI:1429358,MONDO:0005212,3.049659903245248,31606962.0,False,False
UNII:73SM5SF3OR,MONDO:0000141,3.048958842728151,31743853.0,False,False
UNII:WYD79216A6,MONDO:0013582,3.0458308384710557,32353078.0,False,False
CHEBI:145994,MONDO:0005212,3.1894709536219397,11610614.0,False,False
UNII:QC4F7FKK7I,MONDO:0009759,3.0464677680797596,32229492.0,False,False
CHEBI:63619,MONDO:0013582,3.19378922495469,11241880.0,False,False
CHEBI:59590,MONDO:0000141,3.04964853081311,31609193.0,False,False
CHEBI:94805,MONDO:0000141,3.08678306139932,24694150.0,False,False
CHEBI:6402,MONDO:0000141,3.048689435187762,31796101.0,False,False
CHEBI:4514,MONDO:0006058,3.088148789309596,24458435.0,False,False
UNII:7SQY4ZUD30,MONDO:0013582,3.0461164818740203,32297895.0,False,False
CHEBI:6729,MONDO:0006058,3.19432159868835,11197324.0,False,False
CHEBI:5441,MONDO:0000141,3.18692311784137,11833978.0,False,False
CHEBI:6722,MONDO:0013582,3.190954330207795,11482267.0,False,False
CHEBI:4453,MONDO:0013582,3.08702119110563,24652875.0,False,False
CHEBI:50275,MONDO:0006058,3.1919190194302987,11399724.0,False,False
UNII:834YJF89WO,MONDO:0013582,3.0492583629207104,31685277.0,False,False
CHEBI:72690,MONDO:0000141,3.0493802217318926,31661635.0,False,False
CHEBI:90863,MONDO:0006058,3.1941821915556092,11209090.0,False,False
CHEBI:73038,MONDO:0006058,3.190776290780108,11497684.0,False,False
CHEBI:567361,MONDO:0009759,3.04717566018418,32091485.0,False,False
CHEBI:16714,MONDO:0009759,3.1877504319180616,11760966.0,False,False
CHEBI:64045,MONDO:0000141,3.045730249922395,32372765.0,False,False
CHEBI:72296,MONDO:0009759,3.087890326768698,24503200.0,False,False
CHEBI:4514,MONDO:0009759,3.1862332229897246,11895046.0,False,False
CHEBI:7798,MONDO:0006058,3.1899024054723117,11572982.0,False,False
UNII:FYS6T7F842,MONDO:0000141,3.0867748514258175,24695581.0,False,False
CHEBI:3506,MONDO:0006058,3.0857161704094755,24879416.0,False,False
CHEBI:2663,MONDO:0000141,3.084693886512505,25058198.0,False,False
CHEBI:85155,MONDO:0009759,3.0470875762015694,32108672.0,False,False
CHEBI:6375,MONDO:0013582,3.049094064594243,31717615.0,False,False
CHEBI:53766,MONDO:0013582,3.190393875485234,11530593.0,False,False
CHEBI:49375,MONDO:0000141,3.0472889954178495,32069398.0,False,False
CHEBI:16382,MONDO:0009759,3.0477286393843785,31983207.0,False,False
CHEBI:63619,MONDO:0000141,3.047454081810133,32037159.0,False,False
CHEBI:134714,MONDO:0005212,3.088353859954898,24422878.0,False,False
UNII:I5I8VB78VT,MONDO:0000141,3.0132734612147543,38181363.0,False,False
CHEBI:2569,MONDO:0000141,3.0214537538635504,36899084.0,False,False
CHEBI:6375,MONDO:0009759,3.0250379308342055,36279920.0,False,False
CHEBI:167707,MONDO:0009759,3.0245087599552565,36372911.0,False,False
UNII:Q4K217VGA9,MONDO:0013582,3.01530066771012,37885204.0,False,False
CHEBI:72292,MONDO:0000141,3.0251564556286046,36259129.0,False,False
CHEBI:145536,MONDO:0013582,3.0220069717639078,36805417.0,False,False
UNII:5IB2J79MCX,MONDO:0000141,3.012411315058581,38302173.0,False,False
CHEBI:91408,MONDO:0013582,3.013308789495224,38176235.0,False,False
CHEBI:167450,MONDO:0009759,3.0217410983302986,36850648.0,False,False
UNII:RR6P8L282I,MONDO:0000141,3.020630822447594,37037498.0,False,False
CHEBI:28971,MONDO:0013582,3.0440701769487633,32695202.0,False,False
CHEBI:31536,MONDO:0013582,3.0120268823016074,38354599.0,False,False
UNII:K0N0Z40J3W,MONDO:0009759,3.0209656933226032,36981210.0,False,False
CHEBI:77181,MONDO:0000141,3.044358451711757,32639564.0,False,False
UNII:5Z9SP3X666,MONDO:0009759,3.013224430187657,38188235.0,False,False
UNII:K4YTU42T8G,MONDO:0013582,3.0132487093841203,38184863.0,False,False
CHEBI:145374,MONDO:0013582,3.0226809627502007,36690006.0,False,False
UNII:6QVL057INT,MONDO:0000141,3.0215115727697244,36889436.0,False,False
CHEBI:2675,MONDO:0000141,3.043466634570593,32812047.0,False,False
UNII:98DE7VN88D,MONDO:0009759,3.0243922846795535,36393138.0,False,False
CHEBI:608828,MONDO:0009759,3.0228717096255187,36656974.0,False,False
PUBCHEM.COMPOUND:137229597,MONDO:0013582,3.02215458890688,36780405.0,False,False
CHEBI:61397,MONDO:0009759,3.0245440989101304,36366810.0,False,False
CHEBI:95341,MONDO:0013582,3.0118677342464975,38376119.0,False,False
CHEBI:50867,MONDO:0009759,3.0433074057653053,32842913.0,False,False
CHEBI:9435,MONDO:0000141,3.012846462958013,38241331.0,False,False
UNII:4W3KFI3TN3,MONDO:0009759,3.042176244587733,33063395.0,False,False
CHEBI:135923,MONDO:0005212,3.0419199093463565,33113274.0,False,False
CHEBI:82752,MONDO:0009759,3.0218114266017424,36838878.0,False,False
CHEBI:90844,MONDO:0000141,3.0143145957037767,38031469.0,False,False
CHEBI:4953,MONDO:0009759,3.0135088092833353,38147850.0,False,False
UNII:DPT0O3T46P,MONDO:0013582,3.042995879726969,32903355.0,False,False
CHEBI:134699,MONDO:0009759,3.0448853318400797,32537032.0,False,False
CHEBI:4974,MONDO:0009759,3.0243918210798455,36393245.0,False,False
CHEBI:4995,MONDO:0013582,3.044914612395067,32531399.0,False,False
CHEBI:47499,MONDO:0013582,3.045134934522393,32488661.0,False,False
UNII:TG8IQ19NG2,MONDO:0000141,3.022461355771561,36727602.0,False,False
UNII:9R3D3Y0UHS,MONDO:0000141,3.0236759090283316,36518251.0,False,False
UNII:90ZX3Q3FR7,MONDO:0009759,3.0108769710833965,38507991.0,False,False
UNII:WTT295HSY5,MONDO:0013582,3.014100809231321,38062508.0,False,False
CHEBI:49603,MONDO:0009759,3.014369352636421,38023392.0,False,False
UNII:D99YVK4L0X,MONDO:0000141,3.0224323714548937,36732708.0,False,False
UNII:31YO63LBSN,MONDO:0009759,3.0105616412764395,38548882.0,False,False
UNII:T8B2ORP1DW,MONDO:0000141,3.0242545971444943,36417414.0,False,False
CHEBI:52139,MONDO:0000141,3.0099032760536657,38632222.0,False,False
UMLS:C2827697,MONDO:0013582,3.020607031178991,37041513.0,False,False
CHEBI:82557,MONDO:0000141,3.0444631192174727,32619121.0,False,False
CHEBI:229649,MONDO:0013582,3.021688219354119,36859501.0,False,False
CHEMBL.COMPOUND:CHEMBL4582651,MONDO:0013582,3.0130991137758363,38205876.0,False,False
CHEBI:5103,MONDO:0013582,3.042820513377249,32937671.0,False,False
UNII:7K5O7P6QIU,MONDO:0000141,3.0113242483723104,38448858.0,False,False
CHEBI:31485,MONDO:0009759,3.014614626571989,37987551.0,False,False
CHEBI:31000,MONDO:0013582,3.013214043412356,38189645.0,False,False
UNII:GN465U8B72,MONDO:0009759,3.024238111676226,36420314.0,False,False
CHEBI:90914,MONDO:0000141,3.0228144444434037,36666899.0,False,False
CHEBI:16714,MONDO:0013582,3.020704843865663,37025167.0,False,False
UNII:760I9WM792,MONDO:0013582,3.01088705231343,38506663.0,False,False
UNII:G6UF363ECX,MONDO:0000141,3.012128956672625,38340800.0,False,False
UNII:YB18NF020M,MONDO:0009759,3.04181803576512,33133153.0,False,False
RXCUI:616538,MONDO:0000141,3.020848849343883,37000839.0,False,False
CHEBI:231702,MONDO:0013582,3.042083100575133,33081540.0,False,False
UNII:54534MX6Z9,MONDO:0000141,3.0135014744637383,38148829.0,False,False
CHEBI:177836,MONDO:0013582,3.045414369568997,32434311.0,False,False
CHEBI:5950,MONDO:0009759,3.0098459298592117,38639409.0,False,False
UNII:2P471X1Z11,MONDO:0009759,3.0113122605794738,38450450.0,False,False
CHEBI:136048,MONDO:0013582,3.044750877092423,32562907.0,False,False
CHEBI:88316,MONDO:0009759,3.0241573275757396,36434505.0,False,False
UNII:06P3KLK2J8,MONDO:0013582,3.024860301638046,36311129.0,False,False
CHEBI:4639,MONDO:0000141,3.0434634326439483,32812689.0,False,False
UNII:90ZX3Q3FR7,MONDO:0013582,3.0106152967997524,38542015.0,False,False
DRUGBANK:DB16257,MONDO:0013582,3.0236751779415307,36518380.0,False,False
CHEBI:31527,MONDO:0013582,3.042996644400171,32903222.0,False,False
PUBCHEM.COMPOUND:54585,MONDO:0013582,3.0122611401381665,38322791.0,False,False
UNII:03KSI6WLXH,MONDO:0009759,3.0126516881724896,38268555.0,False,False
CHEBI:367163,MONDO:0000141,3.0236350651686275,36525244.0,False,False
CHEBI:184555,MONDO:0013582,3.011444317208177,38432902.0,False,False
PUBCHEM.COMPOUND:160283094,MONDO:0009759,3.0131836957098086,38193965.0,False,False
UNII:KE3U2023NP,MONDO:0009759,3.041762645164213,33144064.0,False,False
UNII:4Z63YK6E0E,MONDO:0000141,3.012763943176732,38252831.0,False,False
UNII:UMD7G2653W,MONDO:0013582,3.0444499203355804,32621782.0,False,False
UNII:L7451S9126,MONDO:0009759,3.0145178897271956,38001782.0,False,False
CHEBI:474180,MONDO:0009759,3.0221168696442238,36786866.0,False,False
CHEBI:75998,MONDO:0009759,3.02159589402281,36875257.0,False,False
CHEBI:133021,MONDO:0013582,3.010998615584043,38492049.0,False,False
UNII:UMD07X179E,MONDO:0009759,3.0110215348825253,38489024.0,False,False
UNII:35A26E427H,MONDO:0000141,3.01376007057544,38111723.0,False,False
UNII:P0GVQ9A4S5,MONDO:0000141,3.023719366735068,36510656.0,False,False
CHEBI:135990,MONDO:0013582,3.0225965782302513,36704592.0,False,False
CHEBI:133833,MONDO:0000141,3.0141016742297015,38062362.0,False,False
CHEBI:144093,MONDO:0013582,3.012202146027673,38330856.0,False,False
CHEBI:2567,MONDO:0013582,3.0420875873635844,33080578.0,False,False
UNII:8Q622VDR18,MONDO:0000141,3.024239167207333,36420119.0,False,False
CHEBI:6950,MONDO:0013582,3.0222186237958306,36769452.0,False,False
CHEBI:5847,MONDO:0009759,3.011051348358547,38485071.0,False,False
CHEBI:70707,MONDO:0000141,3.023507386386802,36547445.0,False,False
CHEBI:63608,MONDO:0009759,3.022818679997835,36666172.0,False,False
UNII:EUT3557RT5,MONDO:0000141,3.0229989819819725,36634989.0,False,False
UNII:D6OMY2L0WA,MONDO:0013582,3.010897292539785,38505325.0,False,False
UMLS:C5237999,MONDO:0013582,3.0126107620284546,38274402.0,False,False
CHEBI:75247,MONDO:0005212,3.0513399634942795,31281325.0,False,False
UNII:LYO9XZ250J,MONDO:0013582,3.017088614154334,37610658.0,False,False
CHEBI:135956,MONDO:0013582,3.1001114662452975,22468403.0,False,False
CHEBI:59204,MONDO:0000141,3.015827672918685,37805349.0,False,False
CHEBI:135919,MONDO:0000141,3.0991359052571426,22626185.0,False,False
CHEBI:144093,MONDO:0009759,3.017846708499996,37490787.0,False,False
UNII:06P3KLK2J8,MONDO:0009759,3.0158534106036647,37801372.0,False,False
UNII:PY79D6C8RX,MONDO:0013582,3.0182051311123113,37434077.0,False,False
CHEBI:142773,MONDO:0009759,3.0517895434011253,31194063.0,False,False
CHEBI:85980,MONDO:0005212,3.0499347851966983,31553457.0,False,False
CHEBI:6912,MONDO:0009759,3.0516035100467374,31230326.0,False,False
CHEBI:2676,MONDO:0009759,3.0985624086585353,22719087.0,False,False
CHEBI:230905,MONDO:0013582,3.019206096036585,37271914.0,False,False
CHEBI:93752,MONDO:0009759,3.050214652057029,31499295.0,False,False
CHEBI:6822,MONDO:0000141,3.0159728400549684,37783074.0,False,False
CHEBI:3568,MONDO:0000141,3.0507842339558184,31389143.0,False,False
CHEBI:71193,MONDO:0005212,3.050481334754261,31447564.0,False,False
CHEBI:28887,MONDO:0013582,3.0167282843854495,37666993.0,False,False
CHEBI:31759,MONDO:0005212,3.0998035890558344,22518367.0,False,False
CHEBI:37941,MONDO:0000141,3.0533539562480265,30889285.0,False,False
CHEBI:3001,MONDO:0000141,3.09889783715021,22664769.0,False,False
CHEBI:4562,MONDO:0000141,3.0162451251837106,37741186.0,False,False
CHEBI:134689,MONDO:0013582,3.018670114696169,37359450.0,False,False
CHEBI:6931,MONDO:0009759,3.100088980006319,22472015.0,False,False
UNII:3S252O2Z4X,MONDO:0000141,3.015605954242338,37838896.0,False,False
CHEBI:478164,MONDO:0000141,3.0190232564938055,37302006.0,False,False
UMLS:C0042971,MONDO:0000141,3.020048349610959,37134190.0,False,False
DRUGBANK:DB16802,MONDO:0009759,3.017927155163673,37478171.0,False,False
CHEBI:65347,MONDO:0013582,3.0190865114378242,37291646.0,False,False
CHEBI:31403,MONDO:0000141,3.0183571575442345,37409674.0,False,False
UNII:SHA6U5FJZL,MONDO:0005212,3.100487173854053,22408206.0,False,False
CHEBI:8364,MONDO:0009759,3.0987801823231225,22683730.0,False,False
UNII:PF9462I9HX,MONDO:0009759,3.018999568958471,37305737.0,False,False
CHEBI:585948,MONDO:0000141,3.053183270518077,30922163.0,False,False
CHEBI:9754,MONDO:0009759,3.098983625012801,22650865.0,False,False
CHEBI:61058,MONDO:0000141,3.0520211311543672,31148807.0,False,False
CHEBI:61080,MONDO:0000141,3.018026798754284,37462453.0,False,False
UNII:15C2VL427D,MONDO:0009759,3.0502730418206028,31487965.0,False,False
UNII:DQA630RIE9,MONDO:0009759,3.051866958192489,31179026.0,False,False
CHEBI:5098,MONDO:0009759,3.0197269201740835,37186982.0,False,False
UNII:B72HH48FLU,MONDO:0013582,3.0503940513147847,31464453.0,False,False
UNII:70BSQ12069,MONDO:0009759,3.0994369954900085,22577219.0,False,False
CHEBI:31527,MONDO:0000141,3.0519082540039033,31170912.0,False,False
CHEBI:85083,MONDO:0013582,3.0157098888863585,37823215.0,False,False
CHEBI:7825,MONDO:0013582,3.0186843373822803,37357246.0,False,False
CHEBI:78543,MONDO:0013582,3.018324796207551,37414867.0,False,False
UNII:8GZG754X6M,MONDO:0009759,3.0181476435907113,37443275.0,False,False
CHEBI:28876,MONDO:0013582,3.051788503865848,31194300.0,False,False
CHEBI:3216,MONDO:0013582,3.0177266880212206,37510147.0,False,False
CHEBI:50841,MONDO:0000141,3.100886755203661,22344513.0,False,False
CHEBI:35149,MONDO:0013582,3.0178055829599306,37497349.0,False,False
CHEBI:91327,MONDO:0013582,3.099226566012393,22611603.0,False,False
CHEBI:32888,MONDO:0013582,3.0195257183234867,37220155.0,False,False
UNII:TT0V5JLG5B,MONDO:0009759,3.051651751170424,31220980.0,False,False
CHEBI:75247,MONDO:0013582,3.050594381293859,31425926.0,False,False
UNII:GE2T1418SV,MONDO:0009759,3.0517764791207904,31196603.0,False,False
UNII:RJ1IW3B4QX,MONDO:0000141,3.0514254539756918,31264769.0,False,False
CHEBI:45783,MONDO:0009759,3.052524821492664,31050054.0,False,False
CHEBI:31857,MONDO:0005212,3.1024445453641176,22095958.0,False,False
CHEBI:8707,MONDO:0013582,3.050952345948275,31356291.0,False,False
CHEBI:66876,MONDO:0000141,3.016300844870387,37732609.0,False,False
UNII:7SE5582Q2P,MONDO:0013582,3.019044473064258,37298575.0,False,False
CHEBI:3561,MONDO:0013582,3.0502442190285803,31493649.0,False,False
UNII:953A26OA1Y,MONDO:0009759,3.0524220776430306,31070036.0,False,False
UMLS:C4331966,MONDO:0009759,3.0203182510253566,37089631.0,False,False
CHEBI:7773,MONDO:0005212,3.1020618312549324,22156826.0,False,False
UNII:PX9FTM69BF,MONDO:0009759,3.016820884903383,37652432.0,False,False
PUBCHEM.COMPOUND:261004,MONDO:0013582,3.0201955511941807,37110028.0,False,False
CHEBI:8485,MONDO:0005212,3.0989233741393374,22660661.0,False,False
CHEBI:133023,MONDO:0000141,3.0196205678900183,37204488.0,False,False
UNII:P85X70RZWS,MONDO:0000141,3.015870086529713,37798829.0,False,False
UNII:P85X70RZWS,MONDO:0009759,3.0502993340153477,31482768.0,False,False
CHEBI:4511,MONDO:0013582,3.0340293872689337,34627933.0,False,False
CHEBI:63637,MONDO:0009759,3.025196530078947,36252054.0,False,False
CHEBI:180653,MONDO:0013582,3.002177383528803,39371591.0,False,False
CHEBI:102216,MONDO:0013582,3.0093212214041962,38704114.0,False,False
UNII:T8B2ORP1DW,MONDO:0013582,3.037287347009862,34007575.0,False,False
UNII:S76B51L5AM,MONDO:0000141,3.009274864045692,38709730.0,False,False
UMLS:C2587184,MONDO:0013582,3.028147869016816,35721138.0,False,False
UMLS:C4549048,MONDO:0000141,3.028826031858498,35597196.0,False,False
CHEBI:196955,MONDO:0009759,3.034483015336103,34542083.0,False,False
UNII:681K1JDI8M,MONDO:0013582,3.034413317623371,34555484.0,False,False
UNII:P7186074QC,MONDO:0000141,3.0262748522638363,36059747.0,False,False
UNII:X8R2D92QP1,MONDO:0000141,3.027275088856838,35879403.0,False,False
UNII:8RW88Y506K,MONDO:0000141,3.0373059426662907,34004076.0,False,False
CHEBI:474180,MONDO:0013582,3.0031078850662434,39313994.0,False,False
CHEBI:36791,MONDO:0000141,3.0267738890835236,35970145.0,False,False
RXCUI:1429358,MONDO:0006058,3.0291831214932663,35531338.0,False,False
CHEBI:2719,MONDO:0000141,3.008496744200344,38802360.0,False,False
UNII:P0GVQ9A4S5,MONDO:0013582,3.0022684063149105,39366501.0,False,False
CHEBI:63036,MONDO:0000141,3.006668238187841,39003346.0,False,False
CHEBI:28262,MONDO:0013582,3.0355705423994905,34336053.0,False,False
CHEBI:143117,MONDO:0013582,3.0067609565580775,38993784.0,False,False
CHEBI:309594,MONDO:0000141,3.037437731550656,33978867.0,False,False
UNII:AVK0I6HY2U,MONDO:0000141,3.0079347370013627,38866715.0,False,False
UNII:2WTV10SIKH,MONDO:0009759,3.025254351253623,36241708.0,False,False
CHEBI:31292,MONDO:0000141,3.03518371513377,34409799.0,False,False
UNII:74T7185BMM,MONDO:0009759,3.034806446702348,34481285.0,False,False
CHEBI:90914,MONDO:0009759,3.028631795778826,35633001.0,False,False
CHEBI:10124,MONDO:0000141,3.0283914295084635,35676803.0,False,False
UNII:N0A21N6RAU,MONDO:0013582,3.0095764527544207,38672911.0,False,False
CHEBI:85155,MONDO:0000141,3.007107923516508,38957262.0,False,False
UNII:KG6VO684Z6,MONDO:0000141,3.026470572236591,36024601.0,False,False
CHEBI:103855,MONDO:0013582,3.0338610972658273,34659845.0,False,False
CHEBI:4325,MONDO:0009759,3.0275852459517676,35823052.0,False,False
UNII:L1Q2K5JYO8,MONDO:0000141,3.0263373463092997,36048527.0,False,False
CHEBI:59224,MONDO:0000141,3.03599867351649,34254571.0,False,False
UNII:25E79B5CTM,MONDO:0000141,3.008501037049678,38801848.0,False,False
UNII:LMQ24G57E9,MONDO:0000141,3.033682066826281,34693548.0,False,False
UNII:39HBQ4A67L,MONDO:0013582,3.008466940528608,38805849.0,False,False
CHEBI:253342,MONDO:0000141,3.0369972745944716,34063354.0,False,False
DRUGBANK:DB17132,MONDO:0000141,3.0074778442189967,38917279.0,False,False
CHEBI:8354,MONDO:0013582,3.0269678411341223,35935031.0,False,False
UNII:DEW6X41BEK,MONDO:0009759,3.009067096480667,38734887.0,False,False
CHEBI:5847,MONDO:0013582,3.0066134534800355,39009027.0,False,False
CHEBI:45924,MONDO:0000141,3.0339302371193266,34646637.0,False,False
UNII:3A189DH42V,MONDO:0009759,3.035723364551962,34306862.0,False,False
UNII:0JSR7Z0NB6,MONDO:0009759,3.0065453831815394,39016120.0,False,False
UNII:AIW6036FAS,MONDO:0000141,3.005698667874107,39100137.0,False,False
CHEBI:60210,MONDO:0013582,3.0054488433434163,39123551.0,False,False
UNII:7XZ4062R17,MONDO:0013582,3.0053396939348915,39133599.0,False,False
CHEBI:82699,MONDO:0000141,3.0279491244867733,35757376.0,False,False
CHEBI:135934,MONDO:0013582,3.0030791539017656,39315897.0,False,False
UNII:W4141180YD,MONDO:0009759,3.007730205319207,38889431.0,False,False
CHEBI:48947,MONDO:0000141,3.007424953888074,38923253.0,False,False
CHEBI:229222,MONDO:0009759,3.0341976867195144,34596118.0,False,False
CHEBI:59173,MONDO:0000141,3.025688051788834,36164762.0,False,False
CHEBI:135906,MONDO:0009759,3.0067683556467153,38992985.0,False,False
UNII:08GY9K1EUO,MONDO:0000141,3.0360600198848715,34242801.0,False,False
CHEBI:7660,MONDO:0000141,3.0369997176005854,34062919.0,False,False
CHEBI:48273,MONDO:0000141,3.0281579302556008,35719227.0,False,False
CHEBI:33324,MONDO:0009759,3.0070625868247287,38962014.0,False,False
CHEBI:94405,MONDO:0000141,3.0271243544169026,35906569.0,False,False
UMLS:C1879680,MONDO:0009759,3.0082314251203854,38832937.0,False,False
UNII:492M3I304T,MONDO:0013582,3.0082135766615163,38835025.0,False,False
CHEBI:51210,MONDO:0000141,3.00465647540511,39194460.0,False,False
CHEBI:177849,MONDO:0009759,3.033537380044852,34720833.0,False,False
CHEBI:93403,MONDO:0000141,3.0337848856527625,34674214.0,False,False
CHEBI:8066,MONDO:0013582,3.028719623936345,35616889.0,False,False
CHEBI:291902,MONDO:0000141,3.029170761410897,35533648.0,False,False
UMLS:C4733597,MONDO:0000141,3.006031753208772,39067855.0,False,False
UNII:4Z63YK6E0E,MONDO:0013582,3.002618102960695,39345896.0,False,False
CHEBI:3561,MONDO:0006058,3.0268136461583253,35962916.0,False,False
CHEBI:134783,MONDO:0000141,3.0036324953401623,39276600.0,False,False
CHEBI:9288,MONDO:0009759,3.0266620887514852,35990100.0,False,False
UNII:8Q622VDR18,MONDO:0013582,3.0078641390562404,38874551.0,False,False
CHEBI:4659,MONDO:0000141,3.0355850059001384,34333163.0,False,False
UMLS:C4547518,MONDO:0009759,3.027487365549034,35840858.0,False,False
UNII:1FQ2RY5YHH,MONDO:0000141,3.0259294738064995,36121481.0,False,False
UNII:GB4I2JI8UI,MONDO:0013582,3.0047210762909433,39188920.0,False,False
CHEBI:50131,MONDO:0005212,3.8088868097061876,154692.0,False,False
CHEBI:9671,MONDO:0006058,3.4613659511827466,1620997.0,False,False
CHEBI:28876,MONDO:0006058,4.000543072179024,43437.0,False,False
CHEBI:63612,MONDO:0006058,3.6191244843519903,553375.0,False,False
CHEBI:233362,MONDO:0006058,3.5551403597688473,851389.0,False,False
CHEBI:27504,MONDO:0005212,4.016760239430717,38934.0,False,False
UNII:PVI5M0M1GW,MONDO:0006058,3.5618392123778673,813368.0,False,False
CHEBI:31941,MONDO:0006058,3.8579877901193322,111307.0,False,False
CHEBI:91327,MONDO:0006058,3.7618439478277033,211746.0,False,False
CHEBI:229764,MONDO:0006058,3.513842460547376,1127881.0,False,False
CHEBI:48669,MONDO:0005212,3.5074716955650445,1178037.0,False,False
CHEBI:44423,MONDO:0005212,4.175004803582542,13688.0,False,False
CHEBI:9437,MONDO:0005212,3.46368458544671,1594969.0,False,False
UNII:43K1W2T1M6,MONDO:0006058,4.229829280200639,9581.0,False,False
UNII:98DE7VN88D,MONDO:0006058,3.5461887709907574,904485.0,False,False
CHEBI:5847,MONDO:0005212,3.5689640767853974,775095.0,False,False
CHEBI:28901,MONDO:0006058,3.9518769380480028,59626.0,False,False
CHEBI:41977,MONDO:0005212,3.973804530762039,51677.0,False,False
CHEBI:27974,MONDO:0006058,3.4823165799333538,1401583.0,False,False
CHEBI:39867,MONDO:0006058,3.648178990806722,455501.0,False,False
UNII:3A189DH42V,MONDO:0005212,3.6585192217325835,425196.0,False,False
CHEBI:42068,MONDO:0006058,3.968655489501754,53451.0,False,False
CHEBI:50692,MONDO:0005212,3.724181079094619,273643.0,False,False
CHEBI:92769,MONDO:0006058,3.6645015687701243,408525.0,False,False
UNII:8GZG754X6M,MONDO:0005212,3.46508816771013,1579453.0,False,False
CHEBI:142290,MONDO:0006058,3.5307364488016986,1005044.0,False,False
UNII:2S9ZZM9Q9V,MONDO:0006058,3.7733191563719632,196086.0,False,False
UNII:4EQZ6YO2HI,MONDO:0006058,3.5042843766109986,1204111.0,False,False
CHEBI:39501,MONDO:0006058,3.4591218973286626,1646186.0,False,False
CHEBI:3077,MONDO:0006058,3.6142700487095722,571692.0,False,False
CHEBI:8389,MONDO:0006058,3.5115481161172615,1145637.0,False,False
CHEBI:46557,MONDO:0006058,4.03527602378341,34383.0,False,False
UNII:83G67E21XI,MONDO:0005212,3.6759831495011523,378090.0,False,False
CHEBI:15640,MONDO:0005212,3.7938392050551677,170944.0,False,False
UNII:7D96IR0PPM,MONDO:0005212,3.9204197892020027,73467.0,False,False
CHEBI:28680,MONDO:0006058,4.016612937666727,38977.0,False,False
CHEBI:8871,MONDO:0009759,3.5251313614418214,1044154.0,False,False
UNII:2S9ZZM9Q9V,MONDO:0005212,3.9205079119414403,73422.0,False,False
UNII:1B56C968OA,MONDO:0006058,3.507756124147702,1175792.0,False,False
CHEBI:101278,MONDO:0013582,3.4680022991708914,1548223.0,False,False
CHEBI:63587,MONDO:0005212,3.648650215005527,454089.0,False,False
CHEBI:26710,MONDO:0006058,3.482869846940863,1396240.0,False,False
CHEBI:135876,MONDO:0006058,3.5217681873137483,1068336.0,False,False
CHEBI:76612,MONDO:0006058,3.4925541499363177,1305520.0,False,False
CHEBI:49603,MONDO:0006058,3.6445468311506932,466659.0,False,False
CHEBI:52172,MONDO:0006058,3.8062939019784063,157397.0,False,False
CHEBI:68534,MONDO:0005212,3.5423715494723904,928524.0,False,False
CHEBI:75998,MONDO:0006058,3.5144396985042787,1123222.0,False,False
CHEBI:9168,MONDO:0005212,4.0622475787907435,28756.0,False,False
CHEBI:90943,MONDO:0005212,3.567239559571154,784141.0,False,False
UNII:K16AIQ8CTM,MONDO:0005212,3.5567478692852807,842043.0,False,False
CHEBI:50729,MONDO:0005212,4.26274314618631,7720.0,False,False
CHEBI:6067,MONDO:0005212,3.889997597034714,89806.0,False,False
UNII:PVI5M0M1GW,MONDO:0005212,3.738426043946487,248621.0,False,False
CHEBI:79699,MONDO:0005212,3.58398157683935,700561.0,False,False
CHEBI:8378,MONDO:0005212,3.7149179878823624,291051.0,False,False
CHEBI:27470,MONDO:0006058,3.5200973110004683,1080369.0,False,False
UNII:90Z2UF0E52,MONDO:0005212,3.4955127209152415,1279273.0,False,False
UMLS:C1268876,MONDO:0005212,3.630062170488007,514209.0,False,False
CHEBI:8378,MONDO:0006058,3.625415590108924,530465.0,False,False
CHEBI:47426,MONDO:0006058,3.6153693391612993,567545.0,False,False
CHEBI:63791,MONDO:0006058,3.9285551959885296,69559.0,False,False
CHEBI:72317,MONDO:0006058,3.5662245247107114,789557.0,False,False
CHEBI:15367,MONDO:0006058,3.7538573635953907,223482.0,False,False
UNII:A10SJL62JY,MONDO:0005212,3.4552089426815673,1691903.0,False,False
CHEBI:8665,MONDO:0000141,3.0333347534338153,34759245.0,False,False
CHEBI:4885,MONDO:0005212,3.355107042827473,3432913.0,False,False
CHEBI:51364,MONDO:0000141,3.0305767767509226,35274577.0,False,False
CHEBI:72292,MONDO:0009759,3.029502914198842,35472824.0,False,False
CHEBI:7770,MONDO:0013582,3.0315309439031877,35097346.0,False,False
CHEBI:39211,MONDO:0009759,3.0304059679714124,35306018.0,False,False
CHEBI:6076,MONDO:0005212,3.4185553948449803,2186227.0,False,False
CHEBI:187893,MONDO:0006058,3.4210455718637647,2148077.0,False,False
CHEBI:3387,MONDO:0005212,3.3326189615307524,4037991.0,False,False
UNII:789Q85GA8P,MONDO:0013582,3.030209747711594,35342386.0,False,False
UNII:T4H8FMA7IM,MONDO:0005212,3.3533089414959547,3477354.0,False,False
UNII:S51J6N56M7,MONDO:0009759,3.031355633357743,35129982.0,False,False
CHEBI:16899,MONDO:0006058,3.4321910431781477,1986109.0,False,False
CHEBI:71200,MONDO:0005212,3.428146169065438,2043571.0,False,False
CHEBI:80343,MONDO:0006058,3.408906809565952,2340350.0,False,False
CHEBI:261649,MONDO:0009759,3.0323691305836804,34941208.0,False,False
DRUGBANK:DB00055,MONDO:0000141,3.033146920637031,34794602.0,False,False
CHEBI:28445,MONDO:0006058,,,True,
UMLS:C0032140,MONDO:0009759,3.031362884707101,35128634.0,False,False
UNII:7CDW97HUEX,MONDO:0000141,3.031616846455123,35081386.0,False,False
CHEBI:4875,MONDO:0013582,3.0304188468367284,35303687.0,False,False
CHEBI:6539,MONDO:0009759,3.4426777118233876,1846059.0,False,False
UNII:21904A5386,MONDO:0006058,3.416699569702999,2214907.0,False,False
CHEBI:9421,MONDO:0009759,3.031675966729885,35070470.0,False,False
CHEBI:3387,MONDO:0009759,3.4109659484938706,2306675.0,False,False
CHEBI:10033,MONDO:0005212,3.362107858396068,3265123.0,False,False
CHEBI:8081,MONDO:0006058,3.33262983875779,4037666.0,False,False
CHEBI:7465,MONDO:0005212,3.332861142628044,4030952.0,False,False
CHEBI:63631,MONDO:0005212,3.3371861595146495,3906646.0,False,False
CHEBI:50859,MONDO:0006058,3.428988698473151,2031372.0,False,False
UNII:PX9FTM69BF,MONDO:0013582,3.0306170575537212,35267046.0,False,False
CHEBI:9150,MONDO:0006058,3.3565775718116675,3397000.0,False,False
CHEBI:91083,MONDO:0006058,3.3533408575531447,3476528.0,False,False
CHEBI:90943,MONDO:0006058,3.4070705378966637,2370786.0,False,False
CHEBI:6073,MONDO:0000141,3.033285474643278,34768634.0,False,False
UNII:4SED7F4BSG,MONDO:0006058,3.343307293369013,3737757.0,False,False
CHEBI:4392,MONDO:0000141,3.032071004144849,34996834.0,False,False
UNII:8L7891MRB6,MONDO:0006058,3.452795020556482,1720578.0,False,False
CHEBI:135948,MONDO:0000141,3.033133963817539,34797031.0,False,False
CHEBI:7025,MONDO:0009759,3.031191015559936,35160689.0,False,False
CHEBI:72690,MONDO:0005212,3.418338317778163,2189517.0,False,False
CHEBI:63635,MONDO:0006058,3.3373866124466174,3901026.0,False,False
UMLS:C3539881,MONDO:0005212,3.339372172199134,3845272.0,False,False
CHEBI:83766,MONDO:0009759,3.0310206059140197,35192281.0,False,False
CHEBI:94405,MONDO:0005212,3.033395481285571,34747564.0,False,False
UMLS:C5443833,MONDO:0009759,3.030088109742913,35364780.0,False,False
UMLS:C2827697,MONDO:0005212,3.4212397557724143,2145154.0,False,False
CHEBI:27666,MONDO:0006058,,,True,
CHEBI:2682,MONDO:0006058,3.4503662606442793,1749878.0,False,False
UNII:2W150K0UUC,MONDO:0005212,3.0313789783767193,35125710.0,False,False
CHEBI:2453,MONDO:0006058,3.4253142866323056,2084593.0,False,False
CHEBI:8354,MONDO:0000141,3.0316254304962333,35079792.0,False,False
CHEBI:135010,MONDO:0009759,3.0331597847743814,34792181.0,False,False
CHEBI:51141,MONDO:0009759,3.117344534724923,19836941.0,False,False
CHEBI:119915,MONDO:0006058,3.2466495407921396,7582194.0,False,False
UNII:438HCF2X0M,MONDO:0006058,3.227309724666946,8753342.0,False,False
CHEBI:69478,MONDO:0009759,3.114056184653877,20317859.0,False,False
CHEBI:91583,MONDO:0000141,3.2327154753642704,8408174.0,False,False
CHEBI:135622,MONDO:0005212,3.2292033941342044,8630404.0,False,False
UNII:XZA0KB1BDQ,MONDO:0006058,3.1175525810002886,19806700.0,False,False
CHEBI:4822,MONDO:0005212,3.1172169363154243,19855585.0,False,False
CHEBI:41948,MONDO:0005212,3.2493634221536483,7431460.0,False,False
CHEBI:6942,MONDO:0005212,3.237984178696581,8085784.0,False,False
CHEBI:32588,MONDO:0013582,3.1139669721508634,20330985.0,False,False
UNII:15C2VL427D,MONDO:0000141,3.2469470812025025,7565495.0,False,False
CHEBI:31159,MONDO:0006058,3.2398389045511418,7975489.0,False,False
UNII:PTB4X93HE1,MONDO:0005212,3.232455263682414,8424370.0,False,False
CHEBI:3215,MONDO:0006058,3.245530991286035,7645278.0,False,False
UNII:492M3I304T,MONDO:0006058,3.113523934272476,20396543.0,False,False
CHEBI:421707,MONDO:0005212,3.243830961451599,7741889.0,False,False
UNII:UMD7G2653W,MONDO:0006058,3.243806182916101,7743269.0,False,False
CHEBI:2637,MONDO:0000141,3.1163522621039745,19980901.0,False,False
CHEBI:6838,MONDO:0009759,3.114573686594147,20241261.0,False,False
CHEBI:39548,MONDO:0005212,3.2385780701646962,8050444.0,False,False
CHEBI:136050,MONDO:0005212,3.231137722955842,8506835.0,False,False
CHEBI:3175,MONDO:0006058,3.11672736437953,19926487.0,False,False
UNII:E3B2GI648A,MONDO:0005212,3.2440203553309037,7731017.0,False,False
CHEBI:4710,MONDO:0006058,3.252162089342269,7279087.0,False,False
UNII:1RXS4UE564,MONDO:0006058,3.227718970853866,8726331.0,False,False
CHEBI:229652,MONDO:0005212,3.114937826243785,20187708.0,False,False
UNII:7K28NB895L,MONDO:0006058,3.2382369674711438,8070693.0,False,False
CHEBI:63638,MONDO:0005212,3.2365144431498942,8174044.0,False,False
CHEBI:8869,MONDO:0000141,3.1165218397053285,19956203.0,False,False
CHEBI:4786,MONDO:0013582,3.237244095830792,8130447.0,False,False
CHEBI:3371,MONDO:0009759,3.1166549851780223,19937053.0,False,False
CHEBI:8405,MONDO:0005212,3.2364326049061876,8179056.0,False,False
CHEBI:4856,MONDO:0009759,3.2513379957676767,7323590.0,False,False
CHEBI:28864,MONDO:0005212,3.2427514291408173,7804182.0,False,False
CHEBI:6690,MONDO:0013582,3.1131411175052834,20453332.0,False,False
CHEBI:9139,MONDO:0013582,3.2295588881457853,8607655.0,False,False
RXCUI:2465553,MONDO:0000141,3.1161330701013394,20012576.0,False,False
CHEBI:82557,MONDO:0006058,3.240515264128765,7935424.0,False,False
CHEBI:31663,MONDO:0005212,3.231803241315384,8465058.0,False,False
CHEBI:478164,MONDO:0006058,3.233940315674304,8332034.0,False,False
CHEBI:3814,MONDO:0005212,3.235107416122479,8260228.0,False,False
CHEBI:132268,MONDO:0005212,3.252516755634031,7259880.0,False,False
CHEBI:50659,MONDO:0005212,3.117823172220799,19767591.0,False,False
CHEBI:63611,MONDO:0005212,3.2385063220307395,8054704.0,False,False
CHEBI:229236,MONDO:0006058,3.239399937059291,8001331.0,False,False
CHEBI:9434,MONDO:0005212,3.239533076908431,7993449.0,False,False
CHEBI:3398,MONDO:0005212,3.116652273630116,19937477.0,False,False
CHEBI:195280,MONDO:0005212,3.115321095752771,20131335.0,False,False
CHEBI:9588,MONDO:0009759,3.1129824475152477,20476881.0,False,False
CHEBI:7824,MONDO:0006058,3.233277337049845,8373289.0,False,False
CHEBI:6541,MONDO:0000141,3.117915623867147,19754302.0,False,False
UNII:WTT295HSY5,MONDO:0006058,3.2519168673146677,7292386.0,False,False
CHEBI:6761,MONDO:0009759,3.233403914146223,8365310.0,False,False
CHEBI:48131,MONDO:0005212,3.228932427798486,8647869.0,False,False
CHEBI:15407,MONDO:0005212,3.114511644680164,20250279.0,False,False
CHEBI:83804,MONDO:0009759,3.2280278130590743,8706308.0,False,False
CHEBI:8428,MONDO:0006058,3.2486272022149856,7471872.0,False,False
CHEBI:32315,MONDO:0005212,3.1680212595002097,13627378.0,False,False
CHEBI:6717,MONDO:0005212,3.1636791909775885,14076442.0,False,False
CHEBI:7852,MONDO:0009759,3.1653659650227906,13900548.0,False,False
CHEBI:80343,MONDO:0013582,3.0756534580362906,26671512.0,False,False
CHEBI:8081,MONDO:0013582,3.1047739369492016,21728732.0,False,False
CHEBI:8107,MONDO:0009759,3.1668415900350997,13748110.0,False,False
UNII:033072U4MZ,MONDO:0009759,3.079155470730096,26038605.0,False,False
CHEBI:68534,MONDO:0009759,3.104153817541194,21826442.0,False,False
CHEBI:195280,MONDO:0009759,3.0760183915437205,26605388.0,False,False
CHEBI:72289,MONDO:0005212,3.166651403947059,13767757.0,False,False
CHEBI:5050,MONDO:0006058,3.1691568857312147,13512616.0,False,False
CHEBI:63627,MONDO:0013582,3.1029086187360764,22022517.0,False,False
CHEBI:3419,MONDO:0013582,3.1047143985661605,21738019.0,False,False
CHEBI:27958,MONDO:0006058,3.1061620967035073,21512753.0,False,False
CHEBI:138865,MONDO:0009759,3.0770016406848226,26426726.0,False,False
CHEBI:8378,MONDO:0013582,3.0753731387473318,26722844.0,False,False
CHEBI:63036,MONDO:0006058,3.1054549604712505,21622553.0,False,False
CHEBI:8066,MONDO:0006058,3.1064242235262327,21472218.0,False,False
CHEBI:231702,MONDO:0000141,3.0754369729095896,26711175.0,False,False
CHEBI:59590,MONDO:0009759,3.1073094626136646,21335304.0,False,False
CHEBI:7852,MONDO:0006058,3.1045722673780998,21760387.0,False,False
CHEBI:27834,MONDO:0013582,3.163940486960466,14049225.0,False,False
CHEBI:7025,MONDO:0005212,3.1682468601413545,13604526.0,False,False
UNII:ROV204583W,MONDO:0005212,3.078923362767142,26080047.0,False,False
CHEBI:7581,MONDO:0009759,3.166493100693824,13783976.0,False,False
UNII:033ECH6IFG,MONDO:0005212,3.1621292398735026,14240907.0,False,False
CHEBI:140407,MONDO:0006058,3.1646960398301363,13970002.0,False,False
CHEBI:7457,MONDO:0005212,3.103060827327063,21998621.0,False,False
CHEBI:17924,MONDO:0009759,3.077507869131325,26334675.0,False,False
UMLS:C1881890,MONDO:0006058,3.1627455398714304,14175278.0,False,False
CHEBI:4325,MONDO:0000141,3.0759711074067226,26614061.0,False,False
CHEBI:82700,MONDO:0005212,3.079503036601985,25976398.0,False,False
CHEBI:9448,MONDO:0000141,3.1671235545431324,13719328.0,False,False
CHEBI:49960,MONDO:0013582,3.075500401605457,26699504.0,False,False
CHEBI:63630,MONDO:0013582,3.104618969383843,21753089.0,False,False
CHEBI:8888,MONDO:0009759,3.10640364921701,21475398.0,False,False
CHEBI:8713,MONDO:0013582,3.1686726380499244,13561459.0,False,False
CHEBI:72291,MONDO:0006058,3.077186210191831,26393332.0,False,False
CHEBI:50169,MONDO:0005212,3.0780587508742308,26235340.0,False,False
CHEBI:75922,MONDO:0005212,3.07585104634887,26635706.0,False,False
CHEBI:4717,MONDO:0013582,3.107096954104938,21368073.0,False,False
CHEBI:5128,MONDO:0009759,3.078866324623723,26090207.0,False,False
CHEBI:63036,MONDO:0005212,3.0751244739423313,26768409.0,False,False
CHEBI:28830,MONDO:0009759,3.1034153202079806,21942906.0,False,False
CHEBI:7577,MONDO:0009759,3.103087206496949,21994459.0,False,False
CHEBI:28300,MONDO:0005212,3.1632488628615514,14121911.0,False,False
CHEBI:17688,MONDO:0000141,3.0786959331029555,26120863.0,False,False
CHEBI:43755,MONDO:0000141,3.162306205571048,14221995.0,False,False
UNII:4B33BGI082,MONDO:0009759,3.1029508137845996,22015909.0,False,False
UNII:23HYE36B0I,MONDO:0006058,3.102834248756305,22034156.0,False,False
CHEBI:17594,MONDO:0013582,3.077918751912618,26260535.0,False,False
CHEBI:103855,MONDO:0009759,3.077812902039613,26279532.0,False,False
CHEBI:71025,MONDO:0006058,3.393242128488292,2613969.0,False,False
UNII:8NZ41MIK1O,MONDO:0006058,3.2870909815349005,5625884.0,False,False
CHEBI:3515,MONDO:0009759,3.144549252174948,16234068.0,False,False
CHEBI:63584,MONDO:0006058,3.383175080321527,2808275.0,False,False
DRUGBANK:DB17362,MONDO:0006058,3.277215392350097,6049531.0,False,False
CHEBI:7640,MONDO:0009759,3.2874488885536155,5611107.0,False,False
CHEBI:8028,MONDO:0009759,3.2781780222203296,6007385.0,False,False
CHEBI:92712,MONDO:0009759,3.142531195981967,16478601.0,False,False
CHEBI:6904,MONDO:0006058,3.2699909498313637,6380386.0,False,False
CHEBI:31897,MONDO:0006058,3.2835628247510824,5773576.0,False,False
CHEBI:42944,MONDO:0009759,3.276670518286851,6073711.0,False,False
CHEBI:63577,MONDO:0005212,3.396915634583733,2547397.0,False,False
CHEBI:82557,MONDO:0005212,3.3864275479349666,2743898.0,False,False
UNII:QC4F7FKK7I,MONDO:0006058,3.2810395720614123,5882017.0,False,False
CHEBI:28787,MONDO:0005212,3.2866762796980726,5643173.0,False,False
CHEBI:47519,MONDO:0006058,3.3665665883830638,3162462.0,False,False
UMLS:C4549048,MONDO:0006058,3.390025430168949,2674505.0,False,False
UNII:39HBQ4A67L,MONDO:0005212,3.3829547981748425,2812727.0,False,False
UMLS:C4733597,MONDO:0005212,3.286275290235574,5659730.0,False,False
CHEBI:135014,MONDO:0005212,3.3976951911714983,2533387.0,False,False
UNII:SMA5ZS5B22,MONDO:0006058,3.371883827621539,3044283.0,False,False
UNII:8ZHS5657EH,MONDO:0006058,3.2870551431011386,5627353.0,False,False
CHEBI:145428,MONDO:0005212,3.370505868413309,3074336.0,False,False
CHEBI:194527,MONDO:0006058,3.277285825953544,6046427.0,False,False
CHEBI:28830,MONDO:0000141,3.3756950228466254,2962320.0,False,False
UNII:N658GY6L3E,MONDO:0005212,3.284251182504888,5744398.0,False,False
CHEBI:177658,MONDO:0005212,3.14385895051063,16317153.0,False,False
CHEBI:16796,MONDO:0005212,3.3671932749368523,3148103.0,False,False
CHEBI:5141,MONDO:0000141,3.2754078524442125,6130269.0,False,False
DRUGBANK:DB10343,MONDO:0005212,3.396660885204114,2551919.0,False,False
CHEBI:32184,MONDO:0005212,3.274902499361194,6153187.0,False,False
CHEBI:5893,MONDO:0006058,3.3876819005959016,2719507.0,False,False
CHEBI:76612,MONDO:0000141,3.1439529384039773,16305966.0,False,False
CHEBI:6933,MONDO:0000141,3.1437253306182233,16333186.0,False,False
CHEBI:75045,MONDO:0006058,3.369997422452494,3085556.0,False,False
CHEBI:15407,MONDO:0009759,3.141609243494416,16592039.0,False,False
CHEBI:231702,MONDO:0005212,3.279257921795142,5959500.0,False,False
CHEBI:135673,MONDO:0005212,3.14312517734859,16406481.0,False,False
CHEBI:4885,MONDO:0006058,3.2782597742344395,6003746.0,False,False
CHEBI:6759,MONDO:0006058,3.1460590272150126,16053254.0,False,False
UNII:P7186074QC,MONDO:0006058,3.396513240075817,2554646.0,False,False
UNII:4RA0KN46E0,MONDO:0005212,3.3881727842392375,2709925.0,False,False
UMLS:C4687660,MONDO:0006058,3.2793185431213887,5956757.0,False,False
CHEBI:167450,MONDO:0006058,3.281467972191709,5863481.0,False,False
CHEBI:46295,MONDO:0005212,3.280853156879954,5890116.0,False,False
CHEBI:5132,MONDO:0005212,3.3951237367132405,2579631.0,False,False
CHEBI:40009,MONDO:0006058,3.401092101590608,2473151.0,False,False
PUBCHEM.COMPOUND:71349,MONDO:0006058,3.2709563496532956,6334940.0,False,False
UMLS:C0003993,MONDO:0006058,3.27488704114993,6153905.0,False,False
CHEBI:3213,MONDO:0013582,3.2828663635094184,5803298.0,False,False
CHEBI:75283,MONDO:0005212,3.3671586216236435,3148908.0,False,False
CHEBI:194186,MONDO:0000141,3.125259621600539,18720941.0,False,False
CHEBI:76018,MONDO:0013582,3.108288499641981,21185434.0,False,False
CHEBI:18243,MONDO:0000141,3.0646757113051017,28713189.0,False,False
CHEBI:4681,MONDO:0000141,3.1093257080637846,21027571.0,False,False
CHEBI:4910,MONDO:0005212,3.1290442133415732,18207643.0,False,False
CHEBI:8357,MONDO:0006058,3.127699850088665,18388470.0,False,False
CHEBI:6887,MONDO:0005212,3.1249813153477697,18759017.0,False,False
CHEBI:93635,MONDO:0005212,3.108751025421155,21114542.0,False,False
CHEBI:119486,MONDO:0013582,3.1101083174109245,20908370.0,False,False
UNII:090IP5RV8F,MONDO:0009759,3.0621566971759027,29192087.0,False,False
CHEBI:68554,MONDO:0013582,3.064573250902893,28732404.0,False,False
CHEBI:68642,MONDO:0009759,3.1077446545203227,21268542.0,False,False
CHEBI:6413,MONDO:0000141,3.0627902531137092,29071188.0,False,False
CHEBI:6472,MONDO:0005212,3.108974142812359,21080717.0,False,False
CHEBI:3374,MONDO:0013582,3.1286626107954802,18258379.0,False,False
CHEBI:194186,MONDO:0005212,3.111526520111802,20694445.0,False,False
CHEBI:78543,MONDO:0000141,3.1082905433399883,21185116.0,False,False
CHEBI:5775,MONDO:0009759,3.125374128360867,18705200.0,False,False
UNII:K2J09EMJ52,MONDO:0005212,3.1260266471265723,18615933.0,False,False
CHEBI:4530,MONDO:0013582,3.1088532443743713,21098988.0,False,False
CHEBI:6775,MONDO:0000141,3.1111229176199595,20755651.0,False,False
CHEBI:7822,MONDO:0005212,3.127057941224877,18475716.0,False,False
CHEBI:135005,MONDO:0005212,3.1241371182681568,18875645.0,False,False
CHEBI:50692,MONDO:0000141,3.1266222333667724,18534882.0,False,False
CHEBI:63577,MONDO:0009759,3.110227954509369,20890358.0,False,False
CHEBI:87681,MONDO:0005212,3.1094952932917663,21001614.0,False,False
CHEBI:3127,MONDO:0009759,3.126039262847333,18614228.0,False,False
CHEBI:3499,MONDO:0006058,3.111387565491861,20715567.0,False,False
CHEBI:134699,MONDO:0006058,3.1107762654701343,20807595.0,False,False
CHEBI:17750,MONDO:0013582,3.1122092330582447,20591937.0,False,False
CHEBI:31857,MONDO:0009759,3.0649023837198937,28670211.0,False,False
UNII:WGD229O42W,MONDO:0013582,3.1085654741437683,21142873.0,False,False
CHEBI:71253,MONDO:0013582,3.112396115613329,20564133.0,False,False
CHEBI:136009,MONDO:0013582,3.0640340750145367,28834757.0,False,False
CHEBI:16382,MONDO:0013582,3.0639684566615673,28847149.0,False,False
CHEBI:617099,MONDO:0009759,3.10793048634707,21240096.0,False,False
UNII:939U7C91AI,MONDO:0009759,3.0647861673455505,28692346.0,False,False
CHEBI:28971,MONDO:0009759,3.0648527630353324,28679631.0,False,False
CHEBI:48273,MONDO:0005212,3.1088504293920804,21099412.0,False,False
CHEBI:6759,MONDO:0009759,3.066270560159052,28412026.0,False,False
CHEBI:135983,MONDO:0013582,3.1239354068856584,18903636.0,False,False
CHEBI:7443,MONDO:0000141,3.110181449094649,20897344.0,False,False
UNII:K4YTU42T8G,MONDO:0006058,3.0653729584793092,28581279.0,False,False
CHEBI:8888,MONDO:0006058,3.1258809359891258,18635814.0,False,False
CHEBI:229661,MONDO:0013582,3.062350736478627,29154991.0,False,False
CHEBI:85980,MONDO:0009759,3.1293277649510136,18169669.0,False,False
CHEBI:5801,MONDO:0000141,3.1295056244952315,18145988.0,False,False
CHEBI:71253,MONDO:0009759,3.214423579978559,9636751.0,False,False
CHEBI:8884,MONDO:0013582,3.123728947231032,18932216.0,False,False
UNII:Z5N076G8YQ,MONDO:0005212,3.2544416035864776,7157340.0,False,False
UMLS:C2587184,MONDO:0005212,3.2089345230407806,10039492.0,False,False
UNII:KE3U2023NP,MONDO:0005212,3.2104385345810047,9927163.0,False,False
CHEBI:75246,MONDO:0006058,3.2073214073357494,10161194.0,False,False
UNII:RJ1IW3B4QX,MONDO:0005212,3.2068914863896465,10193830.0,False,False
CHEBI:94385,MONDO:0005212,3.2556230429467434,7094835.0,False,False
CHEBI:132233,MONDO:0009759,3.264424414192615,6648240.0,False,False
CHEBI:17688,MONDO:0005212,3.211236755207672,9868009.0,False,False
UNII:PP0SHH6V16,MONDO:0000141,3.1189756152669945,19602137.0,False,False
CHEBI:4682,MONDO:0005212,3.208860798103587,10045019.0,False,False
CHEBI:2637,MONDO:0006058,3.2611083525434883,6812054.0,False,False
PR:000007303,MONDO:0006058,3.208938552216706,10039177.0,False,False
UNII:090IP5RV8F,MONDO:0006058,3.255096684780842,7122522.0,False,False
CHEBI:7852,MONDO:0005212,3.267954834994388,6476533.0,False,False
CHEBI:229220,MONDO:0006058,3.265343952102836,6602987.0,False,False
CHEBI:135956,MONDO:0006058,3.210658230463437,9910793.0,False,False
CHEBI:45863,MONDO:0000141,3.2145669524477976,9626496.0,False,False
CHEBI:4495,MONDO:0009759,3.2057445296603366,10282042.0,False,False
CHEBI:135673,MONDO:0006058,3.1220616860101718,19164362.0,False,False
CHEBI:66913,MONDO:0005212,3.212837702196219,9751248.0,False,False
CHEBI:5000,MONDO:0000141,3.1233591216584458,18983422.0,False,False
CHEBI:6128,MONDO:0006058,3.261112894377912,6811807.0,False,False
CHEBI:28680,MONDO:0000141,3.258249272900435,6958126.0,False,False
CHEBI:7459,MONDO:0006058,3.268823226263365,6435454.0,False,False
CHEBI:180905,MONDO:0006058,3.268846954835743,6434347.0,False,False
CHEBI:7565,MONDO:0013582,3.2645129528422627,6643863.0,False,False
UNII:0CA0VSF91Y,MONDO:0006058,3.213832289747293,9679064.0,False,False
CHEBI:31530,MONDO:0009759,3.119975783768327,19459422.0,False,False
CHEBI:141474,MONDO:0006058,3.1224287913839586,19112847.0,False,False
CHEBI:8774,MONDO:0009759,3.210053713252263,9956084.0,False,False
CHEBI:2639,MONDO:0000141,3.1196480935849404,19506045.0,False,False
CHEBI:3216,MONDO:0009759,3.11831334027534,19697128.0,False,False
CHEBI:5128,MONDO:0005212,3.2116003440267136,9841512.0,False,False
CHEBI:3441,MONDO:0005212,3.205019039314231,10337950.0,False,False
CHEBI:473990,MONDO:0005212,3.2568366397647526,7031408.0,False,False
CHEBI:8707,MONDO:0000141,3.2583563110120526,6952467.0,False,False
CHEBI:6437,MONDO:0006058,3.1196695193866466,19502996.0,False,False
CHEMBL.COMPOUND:CHEMBL1256744,MONDO:0006058,3.2117257125673655,9832487.0,False,False
CHEBI:4995,MONDO:0006058,3.120093957638891,19442695.0,False,False
UNII:PUE0TO3XDR,MONDO:0006058,3.207321253455599,10161206.0,False,False
CHEBI:3441,MONDO:0000141,3.0902416504215386,24099923.0,False,False
CHEBI:7454,MONDO:0006058,3.1490846260766405,15696189.0,False,False
UNII:8G388563M7,MONDO:0005212,3.0921459219330765,23778119.0,False,False
PUBCHEM.COMPOUND:5487427,MONDO:0005212,3.30736727324705,4850515.0,False,False
UNII:R15UI3245N,MONDO:0013582,3.089137801340951,24288288.0,False,False
CHEBI:3242,MONDO:0005212,3.2891497931081948,5541510.0,False,False
CHEBI:34385,MONDO:0006058,3.1512899734964295,15439814.0,False,False
CHEBI:75275,MONDO:0006058,3.3051975043340738,4927870.0,False,False
CHEBI:3077,MONDO:0009759,3.151418345731279,15424834.0,False,False
UNII:TO3JYR3BOU,MONDO:0000141,3.0913910730265393,23905502.0,False,False
UNII:9K8GNJ2874,MONDO:0006058,3.294837849279314,5315064.0,False,False
CHEBI:231594,MONDO:0000141,3.150413924317265,15540858.0,False,False
CHEBI:3506,MONDO:0005212,3.089285684572178,24262992.0,False,False
CHEBI:17754,MONDO:0006058,3.1492697085078474,15674538.0,False,False
CHEBI:45951,MONDO:0009759,3.2906279958800244,5481681.0,False,False
CHEBI:7809,MONDO:0005212,3.297084059900964,5228278.0,False,False
CHEBI:4653,MONDO:0013582,3.303871912469586,4976163.0,False,False
CHEBI:3699,MONDO:0005212,3.2982954470435804,5182164.0,False,False
CHEBI:135938,MONDO:0005212,3.148010028009441,15821893.0,False,False
CHEBI:27470,MONDO:0005212,3.290494373368942,5487158.0,False,False
CHEBI:27974,MONDO:0000141,3.1512334009505913,15446453.0,False,False
CHEBI:84116,MONDO:0000141,3.1537741343132373,15156325.0,False,False
CHEBI:7934,MONDO:0006058,3.2901218886155634,5501969.0,False,False
CHEBI:3223,MONDO:0005212,3.0923101197232787,23750504.0,False,False
UNII:21904A5386,MONDO:0005212,3.2995869678978944,5133752.0,False,False
CHEBI:5558,MONDO:0013582,3.1524789788914056,15303079.0,False,False
CHEBI:204734,MONDO:0006058,3.302190471715683,5037603.0,False,False
CHEBI:8081,MONDO:0005212,3.1532022692945225,15221300.0,False,False
CHEBI:7447,MONDO:0006058,3.148997968286458,15706316.0,False,False
UNII:0CA0VSF91Y,MONDO:0005212,3.292423039716915,5409804.0,False,False
DRUGBANK:DB00055,MONDO:0005212,3.29240814227704,5410389.0,False,False
CHEBI:8107,MONDO:0006058,3.3077437820805695,4837249.0,False,False
UMLS:C4547518,MONDO:0006058,3.300177679297354,5111938.0,False,False
CHEBI:85966,MONDO:0006058,3.2923955461801624,5410882.0,False,False
UNII:13ZT6YG5SD,MONDO:0013582,3.0901355394494203,24118068.0,False,False
CHEBI:8428,MONDO:0005212,3.0896627390532485,24198446.0,False,False
CHEBI:2453,MONDO:0005212,3.306066034528865,4896989.0,False,False
UNII:DLE8519RWM,MONDO:0006058,3.295396180963448,5293299.0,False,False
CHEBI:49005,MONDO:0000141,3.09187414499422,23824133.0,False,False
CHEBI:42944,MONDO:0000141,3.153692350275013,15165663.0,False,False
CHEBI:73274,MONDO:0005212,3.089010352955684,24310374.0,False,False
UNII:L1F3R18W77,MONDO:0000141,3.0901823592064432,24110077.0,False,False
UNII:90ZX3Q3FR7,MONDO:0006058,3.2996821376417467,5130233.0,False,False
CHEBI:16828,MONDO:0006058,3.174900517573579,12945056.0,False,False
CHEBI:31897,MONDO:0000141,3.3215769656221688,4374296.0,False,False
CHEBI:9086,MONDO:0005212,3.226848201661754,8783636.0,False,False
DRUGBANK:DB18728,MONDO:0005212,3.3120503196743702,4687601.0,False,False
CHEBI:73274,MONDO:0006058,3.2267295803507423,8791556.0,False,False
CHEBI:15854,MONDO:0009759,3.1718298810990997,13245968.0,False,False
CHEBI:231693,MONDO:0006058,3.3232137753114497,4322762.0,False,False
CHEBI:5132,MONDO:0009759,3.309656851294366,4770447.0,False,False
CHEBI:37941,MONDO:0005212,3.3139301369860448,4624131.0,False,False
CHEBI:85164,MONDO:0005212,3.3275397765281696,4189452.0,False,False
CHEBI:47097,MONDO:0005212,3.3282988830810867,4166331.0,False,False
CHEBI:94449,MONDO:0005212,3.173032928417669,13126829.0,False,False
CHEBI:7009,MONDO:0000141,3.223872151082596,8981421.0,False,False
CHEBI:31547,MONDO:0006058,3.219095798591812,9306461.0,False,False
CHEBI:119486,MONDO:0006058,3.315494345532536,4571697.0,False,False
CHEBI:68556,MONDO:0005212,3.215842906436006,9535387.0,False,False
CHEBI:9445,MONDO:0005212,3.1775366344429345,12693275.0,False,False
CHEBI:119915,MONDO:0005212,3.311305352829139,4713333.0,False,False
CHEBI:9671,MONDO:0013582,3.175583229194916,12879041.0,False,False
UNII:G0G0H52U6K,MONDO:0006058,3.1695042067042247,13477893.0,False,False
CHEBI:18258,MONDO:0013582,3.220406455849996,9216183.0,False,False
CHEBI:9571,MONDO:0009759,3.313056725676179,4653511.0,False,False
CHEBI:59560,MONDO:0005212,3.173248910538268,13105494.0,False,False
CHEBI:63633,MONDO:0005212,3.3198443799317827,4429544.0,False,False
CHEBI:47781,MONDO:0009759,3.174317571765355,13001470.0,False,False
PUBCHEM.COMPOUND:5229907,MONDO:0005212,3.2190973843850785,9306355.0,False,False
CHEBI:5141,MONDO:0005212,3.172195474938243,13209712.0,False,False
UNII:L4C1UY2NYH,MONDO:0005212,3.3079554002629616,4829790.0,False,False
CHEBI:50173,MONDO:0005212,3.320702669059121,4402051.0,False,False
CHEBI:681848,MONDO:0009759,3.172756525156502,13154003.0,False,False
UNII:43K1W2T1M6,MONDO:0013582,3.218468745807346,9350200.0,False,False
UNII:53O87HA2QU,MONDO:0005212,3.3286420308948976,4155937.0,False,False
CHEBI:195558,MONDO:0006058,3.3135356894206263,4637372.0,False,False
PUBCHEM.COMPOUND:78383862,MONDO:0006058,3.3179785823494887,4489887.0,False,False
CHEBI:34969,MONDO:0006058,3.3287952988809493,4151345.0,False,False
CHEBI:7735,MONDO:0005212,3.2244302985743434,8944067.0,False,False
CHEBI:15891,MONDO:0005212,3.3140222416592957,4620953.0,False,False
CHEBI:59173,MONDO:0006058,3.222146827791447,9097456.0,False,False
CHEBI:37924,MONDO:0005212,3.1764228547076545,12799057.0,False,False
CHEBI:6541,MONDO:0005212,3.216781714147542,9468733.0,False,False
CHEBI:18243,MONDO:0005212,3.307781109483398,4835954.0,False,False
CHEBI:4710,MONDO:0005212,3.2244811810353635,8940640.0,False,False
CHEBI:87715,MONDO:0009759,3.224278013893444,8954206.0,False,False
UNII:KG6VO684Z6,MONDO:0006058,3.322183029663167,4355174.0,False,False
UNII:00Y6A5AJU6,MONDO:0006058,3.1768555982919446,12757808.0,False,False
CHEBI:5441,MONDO:0009759,3.2172389127606484,9436299.0,False,False
UNII:2O4BE0K238,MONDO:0006058,3.175048116054083,12930769.0,False,False
CHEBI:28939,MONDO:0000141,3.2227360575193367,9057841.0,False,False
CHEBI:9622,MONDO:0013582,3.1737194959806727,13059561.0,False,False
CHEBI:4975,MONDO:0013582,3.159241069109335,14551207.0,False,False
UNII:4W3KFI3TN3,MONDO:0013582,3.0703283927090665,27652707.0,False,False
CHEBI:2569,MONDO:0009759,3.0948195487189674,23332282.0,False,False
CHEBI:135285,MONDO:0005212,3.0946853880303404,23354442.0,False,False
CHEBI:119915,MONDO:0013582,3.0955834651483585,23205765.0,False,False
CHEBI:50275,MONDO:0013582,3.070051943508716,27704034.0,False,False
CHEBI:37510,MONDO:0006058,3.161455984688647,14312613.0,False,False
UNII:XZA0KB1BDQ,MONDO:0009759,3.0698561150839234,27740804.0,False,False
CHEBI:31498,MONDO:0005212,3.0937700657636906,23506434.0,False,False
CHEBI:39548,MONDO:0009759,3.094562594753858,23374913.0,False,False
CHEBI:176844,MONDO:0000141,3.097873544637711,22831268.0,False,False
CHEBI:78538,MONDO:0013582,3.0691419634321186,27873428.0,False,False
CHEBI:135983,MONDO:0005212,3.1583601096840845,14647099.0,False,False
CHEBI:71013,MONDO:0009759,3.0943800670138035,23404809.0,False,False
CHEBI:231344,MONDO:0000141,3.069807638520549,27749803.0,False,False
CHEBI:91834,MONDO:0005212,3.1554107118093175,14972718.0,False,False
CHEBI:135351,MONDO:0009759,3.0959191087602322,23150640.0,False,False
UNII:Y64GQ0KC0A,MONDO:0000141,3.094451592880559,23393164.0,False,False
CHEBI:135945,MONDO:0000141,3.0962004355140333,23104357.0,False,False
CHEBI:188559,MONDO:0000141,3.0957171894033824,23183791.0,False,False
UNII:W6I5QDT7QI,MONDO:0006058,3.1599097376178014,14478450.0,False,False
CHEBI:178699,MONDO:0006058,3.070292929094818,27659187.0,False,False
CHEBI:182080,MONDO:0005212,3.0965473742488734,23047464.0,False,False
CHEBI:6504,MONDO:0006058,3.161553639574518,14302260.0,False,False
CHEBI:253342,MONDO:0013582,3.06787059877473,28111555.0,False,False
CHEMBL.COMPOUND:CHEMBL2108558,MONDO:0013582,3.066857359139279,28301584.0,False,False
CHEBI:144421,MONDO:0005212,3.1589104661630074,14586910.0,False,False
CHEBI:68558,MONDO:0006058,3.155236528073652,14992044.0,False,False
CHEBI:4562,MONDO:0009759,3.1575891968149317,14731394.0,False,False
CHEBI:6532,MONDO:0005212,3.1584403988851264,14638488.0,False,False
CHEBI:51364,MONDO:0006058,3.068897100965725,27919242.0,False,False
CHEBI:94559,MONDO:0009759,3.0952945387758612,23253845.0,False,False
CHEBI:75246,MONDO:0009759,3.0681445916373953,28059878.0,False,False
CHEBI:135962,MONDO:0005212,3.0957128076223297,23184488.0,False,False
CHEBI:52173,MONDO:0005212,3.096481865215961,23058119.0,False,False
CHEBI:5141,MONDO:0013582,3.0944900095814485,23386739.0,False,False
CHEBI:85155,MONDO:0006058,3.156365332753847,14866389.0,False,False
UNII:NQX9KB6PCL,MONDO:0000141,3.096438599116752,23065157.0,False,False
CHEBI:134699,MONDO:0005212,3.066690679083293,28333032.0,False,False
CHEBI:7494,MONDO:0005212,3.0979629873783594,22816580.0,False,False
CHEBI:132774,MONDO:0006058,3.154967989173387,15022310.0,False,False
CHEBI:63629,MONDO:0006058,3.155623848764084,14948772.0,False,False
CHEBI:5855,MONDO:0013582,3.096291476503228,23089257.0,False,False
CHEBI:75045,MONDO:0000141,3.066600927995692,28349748.0,False,False
CHEBI:140621,MONDO:0005212,3.0943193157644755,23415043.0,False,False
CHEBI:8481,MONDO:0013582,3.159383005728631,14535794.0,False,False
CHEBI:188153,MONDO:0005212,3.0697259111056416,27764987.0,False,False
UNII:XSZ53G39H5,MONDO:0000141,3.0691291364853743,27875893.0,False,False
CHEBI:47519,MONDO:0009759,3.0678588108275964,28113709.0,False,False
UNII:090IP5RV8F,MONDO:0005212,3.15774700141208,14714201.0,False,False
CHEBI:188719,MONDO:0000141,3.0967008104691347,23022306.0,False,False
CHEBI:63791,MONDO:0000141,3.0973649075000744,22914264.0,False,False
CHEBI:32221,MONDO:0000141,3.095890238464155,23155348.0,False,False
CHEBI:520985,MONDO:0009759,3.094974188697628,23306696.0,False,False
CHEBI:7476,MONDO:0005212,3.1552212459370237,14993715.0,False,False
CHEBI:2950,MONDO:0009759,3.0956482482352827,23195109.0,False,False
CHEBI:6822,MONDO:0005212,3.0972936323768945,22926006.0,False,False
CHEBI:47381,MONDO:0013582,3.068384707419728,28014944.0,False,False
CHEBI:9445,MONDO:0009759,3.1577183013692,14717293.0,False,False
CHEBI:10650,MONDO:0005212,3.0680548825733296,28076669.0,False,False
CHEBI:94759,MONDO:0006058,3.155106128482899,15006639.0,False,False
UNII:G2AE2VE07O,MONDO:0009759,3.0975777891067953,22879550.0,False,False
CHEBI:46195,MONDO:0005212,3.1986603475468014,10840320.0,False,False
CHEBI:5613,MONDO:0005212,3.1955569502132137,11094869.0,False,False
CHEBI:61049,MONDO:0000141,3.1974399217692033,10939439.0,False,False
CHEBI:3403,MONDO:0006058,3.1996256327404247,10762567.0,False,False
CHEBI:144551,MONDO:0000141,3.0607204491701827,29466505.0,False,False
UNII:UYB6UOF69L,MONDO:0009759,3.059800797968239,29643213.0,False,False
CHEBI:31905,MONDO:0005212,3.0729218949908823,27172157.0,False,False
UNII:3JGY52XJNA,MONDO:0000141,3.058711985750362,29851903.0,False,False
UNII:71TH42O2CQ,MONDO:0005212,3.058576020574524,29878092.0,False,False
CHEBI:8356,MONDO:0009759,3.194853639038068,11153118.0,False,False
UNII:0T4IMT8S5Z,MONDO:0009759,3.0612521872977982,29364978.0,False,False
UNII:DD5RBA1NKF,MONDO:0013582,3.071988524057785,27344537.0,False,False
CHEBI:134990,MONDO:0005212,3.203363030963889,10466374.0,False,False
CHEBI:15765,MONDO:0000141,3.061429151179188,29331062.0,False,False
CHEBI:47381,MONDO:0006058,3.2015755826175543,10607249.0,False,False
UMLS:C3714737,MONDO:0000141,3.0615439037192775,29309254.0,False,False
CHEBI:9635,MONDO:0000141,3.060861121864298,29439565.0,False,False
CHEBI:16586,MONDO:0000141,3.0617407420240683,29271581.0,False,False
CHEBI:17252,MONDO:0009759,3.0731452552655676,27130874.0,False,False
CHEBI:3175,MONDO:0000141,3.19661670516167,11007219.0,False,False
CHEBI:76016,MONDO:0013582,3.072882491803195,27179372.0,False,False
CHEBI:63627,MONDO:0009759,3.061783211348071,29263474.0,False,False
CHEBI:4527,MONDO:0005212,3.203357745127012,10466793.0,False,False
UNII:NWQ5N31VKK,MONDO:0006058,3.1993661954099006,10783325.0,False,False
CHEBI:6935,MONDO:0006058,3.196013751695232,11057249.0,False,False
CHEBI:453011,MONDO:0006058,3.2004788685731884,10694281.0,False,False
CHEBI:7454,MONDO:0009759,3.0595875504771746,29684016.0,False,False
CHEBI:51230,MONDO:0009759,3.074620707412695,26860189.0,False,False
CHEBI:7823,MONDO:0009759,3.203136431017585,10484216.0,False,False
CHEBI:229225,MONDO:0006058,3.074026340329806,26969180.0,False,False
CHEBI:8059,MONDO:0000141,3.0748781364929347,26813662.0,False,False
CHEBI:9943,MONDO:0006058,3.2008455690771944,10665292.0,False,False
CHEBI:69478,MONDO:0005212,3.2036050187141996,10447342.0,False,False
CHEBI:31498,MONDO:0006058,3.059243766900975,29750177.0,False,False
UNII:1RXS4UE564,MONDO:0013582,3.05790125828403,30008386.0,False,False
CHEBI:10454,MONDO:0005212,3.0590714631509375,29783016.0,False,False
CHEBI:51032,MONDO:0006058,3.0586689067586503,29860084.0,False,False
CHEBI:9468,MONDO:0013582,3.0603247319882714,29542568.0,False,False
CHEBI:63618,MONDO:0005212,3.196619724410234,11006972.0,False,False
CHEBI:9321,MONDO:0013582,3.059990289953471,29606776.0,False,False
CHEBI:68558,MONDO:0009759,3.0587781426746536,29838959.0,False,False
CHEBI:92875,MONDO:0013582,3.0615578798692233,29306613.0,False,False
CHEBI:173077,MONDO:0013582,3.061373337911765,29341852.0,False,False
CHEBI:92609,MONDO:0005212,3.0618390250727496,29252714.0,False,False
CHEBI:44241,MONDO:0009759,3.0587357729520273,29847312.0,False,False
UNII:P76B05O5V6,MONDO:0000141,3.0726336670312255,27225075.0,False,False
CHEBI:7862,MONDO:0009759,3.057921371425941,30004614.0,False,False
CHEBI:9586,MONDO:0000141,3.0618765288652323,29245522.0,False,False
CHEBI:32090,MONDO:0013582,3.060213376680972,29563943.0,False,False
CHEBI:8888,MONDO:0013582,3.072803643747443,27193756.0,False,False
UNII:54E5P4SD4U,MONDO:0013582,3.074391433097161,26902278.0,False,False
CHEBI:5088,MONDO:0006058,3.196525491022144,11014753.0,False,False
PUBCHEM.COMPOUND:92043599,MONDO:0013582,3.198093570894036,10886078.0,False,False
RXCUI:2119698,MONDO:0009759,3.041463821125234,33202268.0,False,False
CHEBI:7451,MONDO:0009759,3.039783583351599,33527440.0,False,False
CHEBI:6633,MONDO:0006058,3.1382051424732116,17014943.0,False,False
UNII:N824AOU5XV,MONDO:0009759,3.037522580716293,33962572.0,False,False
CHEBI:17026,MONDO:0000141,3.137018909199402,17165431.0,False,False
CHEBI:45373,MONDO:0000141,3.0378576524365846,33898543.0,False,False
CHEBI:45716,MONDO:0013582,3.0394968799391737,33582893.0,False,False
CHEBI:48131,MONDO:0006058,3.1319312216275246,17824522.0,False,False
UNII:28X28X9OKV,MONDO:0000141,3.040066174248466,33472831.0,False,False
UNII:N824AOU5XV,MONDO:0013582,3.039912458129741,33502681.0,False,False
CHEBI:7443,MONDO:0009759,3.138898440174488,16928137.0,False,False
CHEBI:135622,MONDO:0006058,3.137243887807636,17136793.0,False,False
CHEBI:575568,MONDO:0013582,3.040273017020996,33432934.0,False,False
UNII:97IQ273H4L,MONDO:0000141,3.039187172217764,33642432.0,False,False
CHEBI:52173,MONDO:0009759,3.0404308064372763,33402281.0,False,False
UNII:G0G0H52U6K,MONDO:0009759,3.038289382791895,33815578.0,False,False
CHEBI:7507,MONDO:0000141,3.1353798360890925,17375424.0,False,False
CHEBI:3506,MONDO:0013582,3.0410089299695517,33290445.0,False,False
CHEBI:28915,MONDO:0006058,3.135620923694809,17344420.0,False,False
CHEBI:63619,MONDO:0006058,3.130674881562995,17989841.0,False,False
CHEBI:174690,MONDO:0006058,3.132237406044643,17784143.0,False,False
CHEBI:3756,MONDO:0013582,3.1401130225402936,16776648.0,False,False
CHEBI:3479,MONDO:0013582,3.039973684017619,33490709.0,False,False
CHEBI:4514,MONDO:0005212,3.1401843276552057,16767769.0,False,False
CHEBI:177849,MONDO:0006058,3.133907023519223,17565877.0,False,False
CHEBI:91817,MONDO:0009759,3.131191533555402,17921715.0,False,False
CHEBI:9241,MONDO:0013582,3.138862075461041,16932665.0,False,False
UNII:5M691HL4BO,MONDO:0005212,3.131545573804777,17875185.0,False,False
CHEBI:499361,MONDO:0009759,3.0381104157805217,33850008.0,False,False
CHEBI:136040,MONDO:0005212,3.0400761234562825,33470855.0,False,False
UNII:WYD79216A6,MONDO:0005212,3.0377499830158587,33919262.0,False,False
UNII:7IK8Z952OK,MONDO:0013582,3.040472350295049,33394098.0,False,False
CHEBI:5280,MONDO:0000141,3.130851727015995,17966488.0,False,False
CHEBI:8060,MONDO:0013582,3.1301188828371513,18063958.0,False,False
UMLS:C1172255,MONDO:0005212,3.132139309848897,17797169.0,False,False
CHEBI:149836,MONDO:0000141,3.039514985849795,33579310.0,False,False
CHEBI:32888,MONDO:0000141,3.0394263272552178,33596561.0,False,False
CHEBI:174358,MONDO:0006058,3.1367288772319455,17202439.0,False,False
UNII:306ERL82IR,MONDO:0013582,3.0393623337882576,33608782.0,False,False
CHEBI:79042,MONDO:0006058,3.1366686790124048,17210121.0,False,False
CHEBI:7907,MONDO:0009759,3.0379352278646636,33883707.0,False,False
CHEBI:63613,MONDO:0013582,3.039616153878804,33559788.0,False,False
CHEBI:135905,MONDO:0000141,3.1297624918071683,18111711.0,False,False
CHEBI:39211,MONDO:0013582,3.0406102929767362,33367532.0,False,False
PUBCHEM.COMPOUND:137229597,MONDO:0005212,3.1378571443218375,17059073.0,False,False
CHEBI:174690,MONDO:0013582,3.0382686874779443,33819512.0,False,False
CHEBI:5062,MONDO:0013582,3.0412455396049243,33244599.0,False,False
UNII:08GY9K1EUO,MONDO:0005212,3.137729123369634,17075184.0,False,False
CHEBI:229217,MONDO:0009759,3.0395958324626857,33563809.0,False,False
CHEBI:8890,MONDO:0013582,3.1802096919781255,12442444.0,False,False
CHEBI:27958,MONDO:0009759,3.056307412567935,30316058.0,False,False
UNII:DVF0PR037D,MONDO:0005212,3.1845341469217523,12046407.0,False,False
CHEBI:90844,MONDO:0013582,3.0542388971501193,30717097.0,False,False
CHEBI:31401,MONDO:0000141,3.082981600177388,25357888.0,False,False
CHEBI:5118,MONDO:0000141,3.0574852143090734,30088552.0,False,False
CHEBI:7457,MONDO:0006058,3.182747230753874,12208723.0,False,False
CHEBI:63717,MONDO:0005212,3.185302268086633,11977582.0,False,False
CHEBI:3347,MONDO:0006058,3.1806685090386457,12399685.0,False,False
CHEBI:8772,MONDO:0009759,3.053658699229878,30829979.0,False,False
CHEBI:3238,MONDO:0006058,3.0805548643604057,25787786.0,False,False
CHEBI:3380,MONDO:0005212,3.1804968962076554,12415597.0,False,False
CHEBI:6717,MONDO:0000141,3.0801202295393297,25865495.0,False,False
CHEBI:47780,MONDO:0006058,3.1786339713624825,12590085.0,False,False
CHEBI:209807,MONDO:0006058,3.1819851029726536,12278664.0,False,False
CHEBI:38545,MONDO:0000141,3.0566294339054414,30253575.0,False,False
CHEBI:8694,MONDO:0009759,3.080718875436265,25758472.0,False,False
UNII:O880NM097T,MONDO:0013582,3.0567961302645887,30221329.0,False,False
CHEBI:49040,MONDO:0005212,3.18482917209543,12019877.0,False,False
CHEBI:391960,MONDO:0006058,3.080557850610562,25787269.0,False,False
CHEBI:50867,MONDO:0006058,3.183015183251824,12184253.0,False,False
CHEBI:9588,MONDO:0013582,3.08055754764104,25787323.0,False,False
CHEBI:71025,MONDO:0009759,3.056638158959288,30251978.0,False,False
CHEBI:94559,MONDO:0000141,3.054971686020571,30575265.0,False,False
CHEBI:7465,MONDO:0000141,3.1789104114636677,12564047.0,False,False
CHEBI:240107,MONDO:0006058,3.0815651209161627,25607614.0,False,False
CHEBI:102216,MONDO:0009759,3.0554984713264552,30473133.0,False,False
CHEBI:38545,MONDO:0009759,3.083119557648644,25333628.0,False,False
CHEBI:7496,MONDO:0000141,3.057517732205235,30082253.0,False,False
CHEBI:10124,MONDO:0009759,3.0828582542702554,25379714.0,False,False
CHEBI:28689,MONDO:0009759,3.1781421276264554,12636470.0,False,False
UNII:QX45B99R3J,MONDO:0005212,3.0817573246335526,25573516.0,False,False
CHEBI:7601,MONDO:0013582,3.082992298027955,25356059.0,False,False
CHEBI:127342,MONDO:0009759,3.1777547972525264,12672720.0,False,False
CHEBI:9449,MONDO:0000141,3.0818875459018877,25550675.0,False,False
CHEBI:5000,MONDO:0006058,3.1845276598583308,12046992.0,False,False
CHEBI:140407,MONDO:0013582,3.055279921439598,30515333.0,False,False
CHEBI:3636,MONDO:0006058,3.055479622911701,30476740.0,False,False
CHEBI:9605,MONDO:0005212,3.1822863088659017,12250708.0,False,False
CHEBI:63630,MONDO:0005212,3.0807537495161235,25752121.0,False,False
CHEBI:28748,MONDO:0000141,3.1843281977941906,12064851.0,False,False
CHEBI:6916,MONDO:0005212,3.0881818533102114,24452631.0,False,False
CHEBI:8694,MONDO:0005212,3.08708311965354,24642208.0,False,False
CHEBI:2549,MONDO:0009759,3.1882661988771783,11715844.0,False,False
CHEBI:681850,MONDO:0005212,3.0880230648211446,24480310.0,False,False
CHEBI:8232,MONDO:0013582,3.088026750101176,24479683.0,False,False
CHEBI:42944,MONDO:0005212,3.186695814754213,11854087.0,False,False
CHEBI:31524,MONDO:0006058,3.08428262994547,25130420.0,False,False
CHEBI:9334,MONDO:0013582,3.0466175419028048,32200120.0,False,False
UNII:961YV2O515,MONDO:0006058,3.1896803690161004,11592409.0,False,False
CHEBI:51860,MONDO:0000141,3.0487483398047095,31784691.0,False,False
CHEBI:3347,MONDO:0013582,3.0840313790312375,25174045.0,False,False
CHEBI:7936,MONDO:0005212,3.1893348475621464,11622626.0,False,False
CHEBI:190509,MONDO:0006058,3.189369880668182,11619577.0,False,False
CHEBI:7465,MONDO:0013582,3.0868268364122002,24686609.0,False,False
CHEBI:28077,MONDO:0013582,3.084665589105288,25063039.0,False,False
CHEBI:46195,MONDO:0006058,3.1905374354892713,11518326.0,False,False
UMLS:C5237999,MONDO:0005212,3.186492371626432,11872104.0,False,False
CHEBI:50673,MONDO:0009759,3.085489812924397,24918631.0,False,False
CHEBI:63584,MONDO:0009759,3.0474252190898956,32042777.0,False,False
CHEBI:60210,MONDO:0006058,3.1896050673135736,11598997.0,False,False
UMLS:C4331966,MONDO:0000141,3.085048667782308,24995781.0,False,False
CHEBI:167309,MONDO:0009759,3.0492778991644243,31681363.0,False,False
CHEBI:68534,MONDO:0013582,3.08727358867675,24609569.0,False,False
CHEBI:94688,MONDO:0005212,3.1905727964638086,11515177.0,False,False
CHEBI:18332,MONDO:0005212,3.1924587408268743,11353820.0,False,False
UNII:N824AOU5XV,MONDO:0006058,3.193622465610911,11255915.0,False,False
CHEBI:7936,MONDO:0013582,3.0857672956647355,24870486.0,False,False
CHEBI:8404,MONDO:0009759,3.0840507450857855,25170716.0,False,False
CHEBI:94686,MONDO:0009759,3.0842882988005966,25129403.0,False,False
CHEBI:229657,MONDO:0006058,3.1927897463613233,11325900.0,False,False
CHEBI:45652,MONDO:0006058,3.087692886441316,24537081.0,False,False
CHEBI:7476,MONDO:0000141,3.0850176376084035,25001374.0,False,False
UMLS:C4733597,MONDO:0006058,3.186110000083969,11906047.0,False,False
CHEBI:43602,MONDO:0006058,3.1942709735715535,11201644.0,False,False
UNII:3VHF2ZD92J,MONDO:0000141,3.084740096442409,25050176.0,False,False
CHEBI:6359,MONDO:0009759,3.0842589097339363,25134558.0,False,False
CHEBI:4910,MONDO:0013582,3.087693288065589,24537015.0,False,False
PUBCHEM.COMPOUND:156963654,MONDO:0009759,3.0494216667851335,31653535.0,False,False
CHEBI:167672,MONDO:0005212,3.1929170160772973,11314978.0,False,False
UNII:7IK8Z952OK,MONDO:0009759,3.0874404725277995,24580702.0,False,False
CHEBI:135922,MONDO:0000141,3.047541463553498,32019898.0,False,False
CHEBI:32588,MONDO:0000141,3.0465864017699147,32206144.0,False,False
CHEBI:63635,MONDO:0000141,3.049657864475603,31607333.0,False,False
CHEBI:27732,MONDO:0013582,3.1931434682115345,11295954.0,False,False
CHEBI:83168,MONDO:0000141,3.04646019193763,32230969.0,False,False
UMLS:C2350656,MONDO:0013582,3.0471865339971336,32089429.0,False,False
DRUGBANK:DB16783,MONDO:0013582,3.014781258593215,37962901.0,False,False
UMLS:C5238067,MONDO:0000141,3.010066843321831,38611683.0,False,False
CHEBI:5739,MONDO:0009759,3.021965262231233,36812530.0,False,False
CHEBI:136046,MONDO:0000141,3.0233738458109984,36570468.0,False,False
CHEBI:104017,MONDO:0000141,3.022472110746762,36725718.0,False,False
CHEBI:135752,MONDO:0009759,3.0134900778893594,38150505.0,False,False
CHEBI:82975,MONDO:0013582,3.022969724084969,36639965.0,False,False
CHEBI:474180,MONDO:0000141,3.0250817501170237,36272223.0,False,False
UNII:W6I5QDT7QI,MONDO:0009759,3.0426614512153627,32968484.0,False,False
UNII:N7T15V1FUY,MONDO:0013582,3.0421981918995367,33059142.0,False,False
PUBCHEM.COMPOUND:3467,MONDO:0009759,3.045527819332661,32412252.0,False,False
CHEBI:27958,MONDO:0013582,3.0234256282482703,36561683.0,False,False
CHEBI:10650,MONDO:0013582,3.0123056384536127,38316713.0,False,False
CHEBI:4682,MONDO:0006058,3.0438675738463603,32734575.0,False,False
CHEBI:63589,MONDO:0013582,3.0128072223950415,38246792.0,False,False
UNII:ZL1R02VT79,MONDO:0009759,3.0127894259434482,38249205.0,False,False
CHEBI:6472,MONDO:0013582,3.0211360088949384,36952550.0,False,False
UMLS:C4547518,MONDO:0013582,3.0226441332809895,36696334.0,False,False
UNII:0CA0VSF91Y,MONDO:0013582,3.0248769858935454,36308199.0,False,False
CHEBI:75247,MONDO:0006058,3.042307536322422,33037772.0,False,False
UNII:7K5O7P6QIU,MONDO:0009759,3.010651754177635,38537224.0,False,False
CHEBI:6754,MONDO:0013582,3.0245017497616473,36374107.0,False,False
CHEBI:3611,MONDO:0013582,3.0212457262199504,36934172.0,False,False
CHEBI:90227,MONDO:0000141,3.04471473897535,32570027.0,False,False
UNII:2NU6F9601K,MONDO:0000141,3.0417777225559908,33141084.0,False,False
DRUGBANK:DB15572,MONDO:0013582,3.0152136698931358,37898328.0,False,False
CHEBI:231416,MONDO:0009759,3.0123987671739476,38303874.0,False,False
UNII:YB18NF020M,MONDO:0013582,3.0111658867362134,38470048.0,False,False
UNII:4A2Y23XK11,MONDO:0000141,3.0149032900574997,37944605.0,False,False
CHEBI:6709,MONDO:0000141,3.011451395131165,38431971.0,False,False
CHEBI:63115,MONDO:0009759,3.011085625713511,38480639.0,False,False
CHEBI:71200,MONDO:0013582,3.0109092881612862,38503714.0,False,False
UNII:DB1041CXDG,MONDO:0013582,3.01489837500439,37945380.0,False,False
CHEBI:149601,MONDO:0009759,3.0223285520818353,36750632.0,False,False
UNII:913P6LK81M,MONDO:0013582,3.013826098813765,38102265.0,False,False
CHEBI:134742,MONDO:0000141,3.022547016139919,36712922.0,False,False
CHEBI:229225,MONDO:0005212,3.04405995501304,32697217.0,False,False
CHEBI:75283,MONDO:0009759,3.009746130850152,38651920.0,False,False
CHEBI:94440,MONDO:0000141,3.012599992879062,38275921.0,False,False
CHEBI:7457,MONDO:0000141,3.0417852225138935,33139612.0,False,False
CHEBI:8405,MONDO:0000141,3.0242674372495584,36415128.0,False,False
UNII:TG8IQ19NG2,MONDO:0009759,3.021631689641938,36869108.0,False,False
UNII:513P80B4YJ,MONDO:0000141,3.0218801398350488,36827245.0,False,False
UMLS:C4547971,MONDO:0013582,3.0229878107781714,36636870.0,False,False
CHEBI:31515,MONDO:0013582,3.044883086268189,32537461.0,False,False
UNII:2Y3T5IF01Z,MONDO:0013582,3.0115538115172296,38418230.0,False,False
UNII:6D848RA61B,MONDO:0013582,3.0248483039766074,36313322.0,False,False
CHEBI:9434,MONDO:0009759,3.0445964682780113,32593159.0,False,False
CHEBI:46557,MONDO:0013582,3.041713413011549,33153667.0,False,False
CHEBI:2611,MONDO:0013582,3.043042645405261,32894246.0,False,False
CHEBI:82866,MONDO:0013582,3.0123832934347594,38306004.0,False,False
CHEBI:48273,MONDO:0013582,3.024093007098485,36445712.0,False,False
CHEBI:73038,MONDO:0013582,3.012748135637583,38255099.0,False,False
CHEBI:4754,MONDO:0009759,3.0229742940567315,36639219.0,False,False
CHEBI:32184,MONDO:0009759,3.044268025688926,32656744.0,False,False
CHEBI:229643,MONDO:0009759,3.0205255714221355,37055058.0,False,False
CHEBI:63621,MONDO:0000141,3.021599688021233,36874620.0,False,False
CHEBI:229225,MONDO:0000141,3.012646181887935,38269369.0,False,False
UMLS:C5443833,MONDO:0000141,3.012020764539993,38355435.0,False,False
CHEBI:177658,MONDO:0000141,3.0435948369412236,32787478.0,False,False
CHEBI:51380,MONDO:0006058,3.0419660913435003,33104266.0,False,False
CHEBI:90851,MONDO:0000141,3.0446699703569258,32578697.0,False,False
UNII:8A7F670F2Y,MONDO:0009759,3.023953347075538,36469941.0,False,False
CHEBI:134689,MONDO:0009759,3.0452013708786465,32475669.0,False,False
CHEBI:367163,MONDO:0013582,3.0109471090657367,38498760.0,False,False
UNII:0H8KZ470DW,MONDO:0000141,3.010913752773911,38503143.0,False,False
UMLS:C4723695,MONDO:0009759,3.0133093518440592,38176137.0,False,False
UNII:9013DUQ28K,MONDO:0009759,3.044549618765581,32602274.0,False,False
CHEBI:34969,MONDO:0009759,3.043780635124196,32751367.0,False,False
UNII:73SM5SF3OR,MONDO:0013582,3.022129247185929,36784803.0,False,False
CHEBI:136046,MONDO:0009759,3.024705645842321,36338497.0,False,False
CHEBI:31397,MONDO:0013582,3.014268721295743,38037992.0,False,False
CHEBI:135652,MONDO:0009759,3.0443335365055777,32644367.0,False,False
DRUGBANK:DB16410,MONDO:0013582,3.0229191728290385,36648756.0,False,False
UNII:234248D0HH,MONDO:0000141,3.015423854998992,37866541.0,False,False
UNII:AVK0I6HY2U,MONDO:0009759,3.023831618541143,36491101.0,False,False
CHEBI:3504,MONDO:0000141,3.012583457464099,38278224.0,False,False
UNII:WP58SVM6R4,MONDO:0000141,3.010970255404036,38495727.0,False,False
RXCUI:1157362,MONDO:0013582,3.0216436887908635,36867052.0,False,False
CHEBI:149601,MONDO:0000141,3.013323023526244,38174213.0,False,False
CHEBI:93752,MONDO:0013582,3.0236942222798584,36515114.0,False,False
UNII:1IJV77EI07,MONDO:0013582,3.01528147241039,37888163.0,False,False
CHEBI:72289,MONDO:0013582,3.010394731803456,38570124.0,False,False
CHEBI:48538,MONDO:0013582,3.0132815498420635,38180162.0,False,False
CHEBI:32127,MONDO:0005212,3.0438347678262483,32740927.0,False,False
CHEBI:37510,MONDO:0000141,3.015015696405794,37927946.0,False,False
CHEBI:85980,MONDO:0013582,3.0420492178963956,33088181.0,False,False
UNII:AD4J2O47FQ,MONDO:0013582,3.0420052494597147,33096663.0,False,False
UNII:PF8K38CG54,MONDO:0000141,3.0120446527312272,38352197.0,False,False
CHEBI:49375,MONDO:0009759,3.0444932418633615,32613203.0,False,False
CHEBI:135948,MONDO:0013582,3.0116776572796455,38401787.0,False,False
CHEBI:195558,MONDO:0009759,3.015145274545457,37908511.0,False,False
CHEBI:51041,MONDO:0000141,3.013722140919015,38117152.0,False,False
CHEBI:52172,MONDO:0013582,3.044932182474434,32528000.0,False,False
UNII:37CQ2C7X93,MONDO:0009759,3.0210008798359924,36975253.0,False,False
UNII:AQK7UBA1LS,MONDO:0000141,3.014747525444346,37968062.0,False,False
CHEBI:41872,MONDO:0000141,3.0141273719849107,38058748.0,False,False
CHEBI:231601,MONDO:0000141,3.012792043305656,38248871.0,False,False
CHEBI:231416,MONDO:0013582,3.0125203682963955,38286942.0,False,False
CHEBI:82698,MONDO:0006058,3.0430682384707213,32889323.0,False,False
UNII:DB1041CXDG,MONDO:0000141,3.0138876781489836,38093481.0,False,False
CHEBI:145994,MONDO:0013582,3.0106049335465097,38543294.0,False,False
CHEMBL.COMPOUND:CHEMBL2108558,MONDO:0000141,3.045556224253094,32406655.0,False,False
UNII:KXG2PJ551I,MONDO:0013582,3.010100021948794,38607495.0,False,False
UNII:54534MX6Z9,MONDO:0009759,3.0099029399861617,38632270.0,False,False
CHEBI:229222,MONDO:0013582,3.042233439927365,33052135.0,False,False
CHEBI:135929,MONDO:0000141,3.0165787995420894,37689857.0,False,False
PUBCHEM.COMPOUND:54681908,MONDO:0009759,3.019609722198683,37206306.0,False,False
CHEBI:3764,MONDO:0013582,3.0505426587945816,31435912.0,False,False
CHEBI:135809,MONDO:0005212,3.1013369411812386,22272275.0,False,False
CHEBI:3508,MONDO:0013582,3.0501876053234644,31504475.0,False,False
UNII:O43472U9X8,MONDO:0000141,3.017462416710303,37551679.0,False,False
CHEBI:133021,MONDO:0009759,3.0173445285189797,37570392.0,False,False
CHEBI:134966,MONDO:0009759,3.10184243747611,22191744.0,False,False
UNII:L4C1UY2NYH,MONDO:0000141,3.0200858584070938,37128051.0,False,False
DRUGBANK:DB16791,MONDO:0000141,3.0189355960544355,37316376.0,False,False
UNII:976X9VXC3Z,MONDO:0009759,3.02015552368551,37116572.0,False,False
DRUGBANK:DB16582,MONDO:0000141,3.01734902278604,37569717.0,False,False
UNII:RE0V0T1ES0,MONDO:0013582,3.1006237329193436,22386392.0,False,False
CHEBI:145371,MONDO:0009759,3.0176737673324983,37518336.0,False,False
CHEBI:87715,MONDO:0000141,3.0528994056417424,30977106.0,False,False
UMLS:C5418336,MONDO:0013582,3.0200706437207607,37130599.0,False,False
CHEBI:10102,MONDO:0006058,3.1006593308885204,22380613.0,False,False
UNII:DTI67O9503,MONDO:0009759,3.019647692425267,37199996.0,False,False
CHEBI:52717,MONDO:0000141,3.098971460427288,22652784.0,False,False
CHEBI:724125,MONDO:0000141,3.0198013566264175,37174711.0,False,False
CHEBI:142773,MONDO:0013582,3.05008874198909,31523625.0,False,False
CHEBI:8502,MONDO:0013582,3.098332106938667,22756371.0,False,False
CHEBI:135923,MONDO:0000141,3.0174554888096665,37552732.0,False,False
CHEBI:10023,MONDO:0013582,3.018634536737978,37365135.0,False,False
CHEBI:51364,MONDO:0013582,3.0201276556195253,37121184.0,False,False
CHEBI:90926,MONDO:0009759,3.019334970314569,37251169.0,False,False
CHEBI:63918,MONDO:0000141,3.0504503883139993,31453548.0,False,False
CHEBI:145428,MONDO:0009759,3.016894808094766,37640838.0,False,False
CHEBI:3504,MONDO:0005212,3.102324633169988,22115100.0,False,False
CHEBI:135920,MONDO:0000141,3.0527566045826084,31005020.0,False,False
CHEBI:233309,MONDO:0000141,3.0526046156182103,31034589.0,False,False
CHEBI:85984,MONDO:0009759,3.0162701036626087,37737315.0,False,False
CHEBI:63577,MONDO:0000141,3.052450956867488,31064362.0,False,False
CHEBI:2675,MONDO:0013582,3.0497051056837843,31598209.0,False,False
CHEBI:2687,MONDO:0009759,3.017602174744626,37529650.0,False,False
CHEBI:7660,MONDO:0013582,3.019767246023698,37180413.0,False,False
CHEBI:63612,MONDO:0000141,3.0531737298572597,30923986.0,False,False
UNII:Z7HVY03PHP,MONDO:0006058,3.0989987049485324,22648513.0,False,False
UNII:ZL1R02VT79,MONDO:0000141,3.053056295006196,30946746.0,False,False
UMLS:C3539881,MONDO:0013582,3.0525374851751934,31047605.0,False,False
CHEBI:9139,MONDO:0009759,3.0995429103221133,22560084.0,False,False
CHEBI:167672,MONDO:0000141,3.017573333178518,37534063.0,False,False
CHEBI:142418,MONDO:0005212,3.051787900903242,31194404.0,False,False
UNII:NA1U919MRO,MONDO:0013582,3.050731948459333,31399161.0,False,False
UNII:AQK7UBA1LS,MONDO:0009759,3.0196416052808517,37201050.0,False,False
CHEBI:131169,MONDO:0009759,3.0166083054277206,37685288.0,False,False
CHEBI:82941,MONDO:0009759,3.0182999680602913,37418885.0,False,False
CHEBI:5818,MONDO:0013582,3.0530822355907667,30941628.0,False,False
CHEBI:50378,MONDO:0013582,3.018339145870146,37412554.0,False,False
CHEBI:10082,MONDO:0005212,3.1007833148318724,22360811.0,False,False
CHEBI:6912,MONDO:0013582,3.099323117402667,22595883.0,False,False
CHEBI:599440,MONDO:0013582,3.0170931040096933,37609939.0,False,False
CHEBI:50211,MONDO:0013582,3.018653565928295,37362112.0,False,False
CHEBI:229599,MONDO:0013582,3.0202940263310345,37093581.0,False,False
CHEBI:135686,MONDO:0013582,3.0194448531724336,37233346.0,False,False
CHEBI:8435,MONDO:0013582,3.0524399785316763,31066504.0,False,False
PUBCHEM.COMPOUND:5229907,MONDO:0013582,3.0170312270376427,37619770.0,False,False
CHEBI:229226,MONDO:0013582,3.049997836758699,31541321.0,False,False
CHEBI:599440,MONDO:0000141,3.0184864762545827,37388760.0,False,False
CHEBI:5818,MONDO:0005212,3.1000660412307184,22475674.0,False,False
CHEBI:90943,MONDO:0013582,3.01929033421786,37258325.0,False,False
UNII:5YL4IQ1078,MONDO:0009759,3.052149984562446,31123460.0,False,False
CHEBI:63452,MONDO:0000141,3.0186694564566685,37359573.0,False,False
DRUGBANK:DB16783,MONDO:0000141,3.0034086816749848,39293017.0,False,False
CHEBI:66913,MONDO:0009759,3.008171421452419,38839828.0,False,False
CHEBI:231598,MONDO:0000141,3.028056103363687,35737837.0,False,False
UNII:35A26E427H,MONDO:0009759,3.0048819210969855,39175000.0,False,False
UNII:4RA0KN46E0,MONDO:0013582,3.004158837982467,39235827.0,False,False
UNII:PY79D6C8RX,MONDO:0000141,3.0254590694938743,36205220.0,False,False
CHEBI:172944,MONDO:0000141,3.0066780953144643,39002360.0,False,False
CHEBI:520985,MONDO:0013582,3.0366025712705698,34138966.0,False,False
CHEBI:140427,MONDO:0000141,3.0368494592790576,34091741.0,False,False
CHEBI:92511,MONDO:0000141,3.0093519814405454,38700373.0,False,False
UNII:WTT295HSY5,MONDO:0000141,3.0274104782123863,35854712.0,False,False
UNII:105J35OE21,MONDO:0013582,3.001611787254742,39400310.0,False,False
CHEBI:3698,MONDO:0000141,3.0072745653006234,38939447.0,False,False
UNII:PTB4X93HE1,MONDO:0000141,3.008376167262635,38816224.0,False,False
CHEBI:72297,MONDO:0000141,3.0287560862099867,35610172.0,False,False
UNII:XRO4566Q4R,MONDO:0013582,3.0067377167690736,38996191.0,False,False
CHEBI:37510,MONDO:0013582,3.0045467097026544,39203751.0,False,False
CHEBI:47097,MONDO:0013582,3.0253410534569602,36226287.0,False,False
CHEBI:3749,MONDO:0013582,3.003834883720468,39261305.0,False,False
CHEBI:142418,MONDO:0000141,3.004563407255011,39202320.0,False,False
CHEBI:63616,MONDO:0009759,3.0347064614956016,34500038.0,False,False
UNII:WKM56H3TLB,MONDO:0000141,3.0351083084934527,34424115.0,False,False
UNII:RZT8C352O1,MONDO:0013582,3.033419780914461,34743099.0,False,False
CHEBI:3032,MONDO:0000141,3.034125180980907,34609903.0,False,False
CHEBI:17154,MONDO:0009759,3.0285444678807547,35648957.0,False,False
CHEBI:6838,MONDO:0013582,3.0293436648319236,35501998.0,False,False
UNII:0Y70779M1F,MONDO:0009759,3.0288309441566614,35596246.0,False,False
CHEBI:521033,MONDO:0013582,3.028407697078863,35673937.0,False,False
UNII:961YV2O515,MONDO:0009759,3.006283992941027,39042911.0,False,False
UNII:23HYE36B0I,MONDO:0009759,3.0064643269682936,39024526.0,False,False
UNII:03KSI6WLXH,MONDO:0000141,3.0031971147672127,39307923.0,False,False
UNII:Q6U6J48BWY,MONDO:0000141,3.034468681790325,34544843.0,False,False
UNII:0JJ21K6L2I,MONDO:0013582,3.005849569223952,39085617.0,False,False
UMLS:C4723695,MONDO:0000141,3.0064913059331784,39021707.0,False,False
CHEBI:135811,MONDO:0000141,3.00840190627538,38813315.0,False,False
UNII:74T7185BMM,MONDO:0013582,3.0039307757689064,39253872.0,False,False
UNII:73B0K5S26A,MONDO:0009759,3.0078528108613947,38875816.0,False,False
CHEBI:72291,MONDO:0013582,3.003881339374985,39257678.0,False,False
CHEBI:10650,MONDO:0000141,3.009437293070607,38689977.0,False,False
CHEBI:76010,MONDO:0000141,3.006313431330115,39039914.0,False,False
UNII:C3VX249T6L,MONDO:0000141,3.0273611831288343,35863724.0,False,False
CHEBI:135938,MONDO:0013582,3.0289309287833817,35577856.0,False,False
CHEBI:229236,MONDO:0009759,3.0273324725296105,35868914.0,False,False
CHEBI:135622,MONDO:0000141,3.009106381219439,38730222.0,False,False
CHEBI:2788,MONDO:0009759,3.0336685579789577,34696106.0,False,False
CHEBI:90865,MONDO:0000141,3.036014836608565,34251470.0,False,False
UMLS:C0003993,MONDO:0013582,3.0281894121330106,35713453.0,False,False
UNII:4SED7F4BSG,MONDO:0009759,3.0258367796553998,36138014.0,False,False
CHEBI:50663,MONDO:0013582,3.0344582287610042,34546875.0,False,False
CHEBI:31184,MONDO:0013582,3.028156503695218,35719494.0,False,False
CHEBI:27974,MONDO:0009759,3.0257245395460437,36158163.0,False,False
UNII:234248D0HH,MONDO:0013582,3.0077626537694004,38885783.0,False,False
UNII:0R4NLX88O4,MONDO:0013582,3.0064484972644845,39026187.0,False,False
CHEBI:135810,MONDO:0013582,3.0067177507447065,38998270.0,False,False
CHEBI:66876,MONDO:0013582,3.0351656024474654,34413232.0,False,False
CHEBI:7566,MONDO:0009759,3.0289397572763654,35576199.0,False,False
CHEBI:31759,MONDO:0009759,3.0340063945011795,34632282.0,False,False
UNII:GE2T1418SV,MONDO:0013582,3.0069586829109847,38973040.0,False,False
CHEBI:10125,MONDO:0013582,3.0081693626090176,38840062.0,False,False
UNII:2BT4C47RUI,MONDO:0009759,3.007422374763058,38923538.0,False,False
CHEBI:28915,MONDO:0009759,3.037184926433476,34027263.0,False,False
CHEBI:34825,MONDO:0009759,3.033669913079673,34695853.0,False,False
UNII:5G1WE425BI,MONDO:0000141,3.0284011511714892,35675091.0,False,False
UNII:X05U0N2RCO,MONDO:0009759,3.037226061996133,34019337.0,False,False
UNII:25E79B5CTM,MONDO:0009759,3.035115408060549,34422726.0,False,False
CHEBI:85202,MONDO:0013582,3.0091032185314797,38730601.0,False,False
UNII:B6E7K36KT8,MONDO:0000141,3.0345464593568416,34530338.0,False,False
CHEBI:135990,MONDO:0000141,3.0041233164066172,39238681.0,False,False
UNII:K6BUU8J72P,MONDO:0000141,3.0266001097984088,36001111.0,False,False
UNII:59UA429E5G,MONDO:0000141,3.004168690303036,39235008.0,False,False
UNII:YI437801BE,MONDO:0009759,3.0361287821108105,34229614.0,False,False
CHEBI:9654,MONDO:0013582,3.0358960364609135,34274072.0,False,False
CHEBI:5950,MONDO:0000141,3.0067034840934976,38999723.0,False,False
CHEBI:82557,MONDO:0009759,3.0342336027670935,34589281.0,False,False
CHEBI:32243,MONDO:0013582,3.0257934885013764,36145776.0,False,False
CHEBI:68551,MONDO:0005212,3.03724760977322,34015152.0,False,False
UNII:L4C1UY2NYH,MONDO:0009759,3.0083994525156603,38813596.0,False,False
PUBCHEM.COMPOUND:54585,MONDO:0000141,3.033584765657984,34711833.0,False,False
UNII:52CMI0WC3Y,MONDO:0013582,3.0094895111016298,38683721.0,False,False
CHEBI:27796,MONDO:0009759,3.0355551709357305,34339023.0,False,False
CHEBI:3534,MONDO:0013582,3.025964925707095,36115037.0,False,False
CHEBI:3764,MONDO:0009759,3.036695138317823,34121204.0,False,False
CHEBI:6822,MONDO:0009759,3.033423264573286,34742461.0,False,False
CHEBI:31292,MONDO:0009759,3.025380531365396,36219289.0,False,False
CHEBI:32315,MONDO:0000141,3.028503245361196,35656511.0,False,False
CHEBI:51041,MONDO:0013582,3.003925430373136,39254298.0,False,False
CHEBI:8485,MONDO:0013582,3.0363584944593947,34185676.0,False,False
UNII:I60W9520VV,MONDO:0013582,3.034804976118474,34481566.0,False,False
CHEBI:132268,MONDO:0013582,3.008747715547635,38773027.0,False,False
PR:000007302,MONDO:0000141,3.005113870943923,39154305.0,False,False
DRUGBANK:DB17362,MONDO:0000141,3.026763030423614,35972079.0,False,False
CHEBI:85161,MONDO:0009759,3.0362072795946453,34214666.0,False,False
UNII:P93RUU11P7,MONDO:0013582,3.007757880346778,38886326.0,False,False
UNII:31YO63LBSN,MONDO:0000141,3.005138073967861,39152120.0,False,False
CHEBI:63584,MONDO:0013582,3.006165477488454,39054690.0,False,False
CHEBI:135654,MONDO:0009759,3.03359038629363,34710814.0,False,False
UNII:A92JFM5XNU,MONDO:0013582,3.006781385867081,38991626.0,False,False
CHEBI:6339,MONDO:0013582,3.035971104960665,34259851.0,False,False
DRUGBANK:DB10343,MONDO:0013582,3.006920080971668,38977257.0,False,False
CHEBI:5931,MONDO:0006058,3.475450724366036,1470402.0,False,False
CHEBI:38940,MONDO:0006058,3.54793740935298,893834.0,False,False
CHEBI:71219,MONDO:0006058,3.5879539791366186,681892.0,False,False
CHEBI:46295,MONDO:0006058,3.491423081687911,1315756.0,False,False
CHEBI:4868,MONDO:0006058,3.781526874616259,185571.0,False,False
CHEBI:3286,MONDO:0006058,3.521585824328808,1069621.0,False,False
CHEBI:6078,MONDO:0005212,3.531833872139581,997430.0,False,False
CHEBI:15365,MONDO:0006058,3.472816937878643,1497668.0,False,False
CHEBI:52717,MONDO:0006058,3.903731240400222,81962.0,False,False
UNII:M89N0Q7EQR,MONDO:0005212,3.8334959179953114,131230.0,False,False
CHEBI:68478,MONDO:0006058,3.93163201121674,68125.0,False,False
CHEBI:133021,MONDO:0006058,3.4580454442983015,1658629.0,False,False
CHEBI:63632,MONDO:0006058,3.8302522144489215,134139.0,False,False
CHEBI:45863,MONDO:0006058,4.088858320180726,24096.0,False,False
UNII:0JSR7Z0NB6,MONDO:0005212,3.46360763976489,1595795.0,False,False
CHEBI:5134,MONDO:0005212,3.5539752484450284,857987.0,False,False
CHEBI:567361,MONDO:0006058,3.8020056873515253,161930.0,False,False
CHEBI:40009,MONDO:0005212,3.706101413192145,308897.0,False,False
CHEBI:49375,MONDO:0006058,3.6002450888144075,627949.0,False,False
UNII:B72HH48FLU,MONDO:0006058,3.6857708433841445,354040.0,False,False
CHEBI:175901,MONDO:0006058,4.045555297210927,32122.0,False,False
CHEBI:145371,MONDO:0006058,3.513532542051924,1130282.0,False,False
CHEBI:41774,MONDO:0005212,3.801031927272292,163019.0,False,False
CHEBI:16962,MONDO:0006058,3.6272370865050103,524080.0,False,False
CHEBI:17252,MONDO:0006058,3.5296950283884834,1012147.0,False,False
CHEBI:28939,MONDO:0006058,3.58689536425495,686810.0,False,False
CHEBI:4672,MONDO:0005212,4.560959367300045,1095.0,False,False
CHEBI:90227,MONDO:0005212,3.6159940964770243,565197.0,False,False
CHEBI:83766,MONDO:0005212,3.612991765446471,576627.0,False,False
CHEBI:66910,MONDO:0006058,3.7037443842475755,313832.0,False,False
CHEBI:63580,MONDO:0006058,3.521066518309864,1073419.0,False,False
CHEBI:28830,MONDO:0006058,4.135377268899873,17757.0,False,False
CHEBI:63632,MONDO:0005212,3.9902789721130683,46323.0,False,False
CHEBI:6520,MONDO:0006058,3.9257043685898747,70886.0,False,False
CHEBI:2208,MONDO:0005212,3.5246200108258994,1047822.0,False,False
CHEBI:27899,MONDO:0005212,4.425220616339242,2645.0,False,False
CHEBI:2038,MONDO:0005212,3.79328999175123,171593.0,False,False
CHEBI:27882,MONDO:0005212,3.526459353837838,1034697.0,False,False
CHEBI:28689,MONDO:0006058,3.7440477278861026,239194.0,False,False
CHEBI:16469,MONDO:0006058,3.5512781822798902,873752.0,False,False
CHEBI:63681,MONDO:0005212,3.5932555676128644,657989.0,False,False
CHEBI:5847,MONDO:0006058,3.608045402089881,595905.0,False,False
CHEBI:233362,MONDO:0005212,3.475014488850465,1474807.0,False,False
DRUGBANK:DB10343,MONDO:0006058,3.4595042177933695,1641890.0,False,False
CHEBI:80630,MONDO:0005212,4.030837950709543,35422.0,False,False
CHEBI:75988,MONDO:0006058,3.6672515348399015,401042.0,False,False
UNII:1351PE5UGS,MONDO:0005212,3.3413446367730364,3790864.0,False,False
UNII:DQ448MW7KS,MONDO:0005212,3.342901036281032,3748779.0,False,False
CHEBI:5959,MONDO:0006058,3.4018490855328074,2460052.0,False,False
CHEBI:70708,MONDO:0006058,3.4092182497135877,2335186.0,False,False
UNII:QMS40680K6,MONDO:0006058,3.338372680094577,3873314.0,False,False
CHEBI:5391,MONDO:0000141,3.030630005798293,35264635.0,False,False
CHEBI:5138,MONDO:0000141,3.0299547881938302,35389446.0,False,False
CHEBI:6704,MONDO:0006058,3.4284889639308647,2038587.0,False,False
UNII:38RL9AE51Q,MONDO:0005212,3.4417064292835025,1858534.0,False,False
CHEBI:231594,MONDO:0006058,3.432983271896318,1975073.0,False,False
DRUGBANK:DB16738,MONDO:0005212,3.4163894131428334,2219710.0,False,False
CHEBI:76230,MONDO:0013582,3.031480387336585,35106756.0,False,False
UNII:089658A12D,MONDO:0006058,3.361320973879807,3283761.0,False,False
CHEBI:29013,MONDO:0005212,3.3350928164885882,3966280.0,False,False
UNII:4Z63YK6E0E,MONDO:0006058,3.4088585985950415,2341173.0,False,False
CHEBI:135173,MONDO:0000141,3.030138737049314,35355425.0,False,False
CHEBI:6909,MONDO:0005212,3.407984586427848,2355626.0,False,False
CHEBI:63916,MONDO:0000141,3.0297468947344974,35427765.0,False,False
UNII:3JGY52XJNA,MONDO:0006058,3.3333032726678726,4017930.0,False,False
CHEBI:17045,MONDO:0006058,3.4101801676032144,2319651.0,False,False
UNII:I031V2H011,MONDO:0005212,3.3503963971642303,3551477.0,False,False
CHEBI:2469,MONDO:0013582,3.029516671709772,35470232.0,False,False
CHEBI:28887,MONDO:0005212,3.3559236052626296,3413165.0,False,False
UNII:4T36H88UA7,MONDO:0005212,3.45201913329156,1729841.0,False,False
CHEBI:90217,MONDO:0005212,3.405502957779457,2397283.0,False,False
CHEBI:50648,MONDO:0013582,3.032594492529742,34898649.0,False,False
UNII:LT369U66CE,MONDO:0005212,3.3625950842556898,3254016.0,False,False
PUBCHEM.COMPOUND:26945,MONDO:0005212,3.3400011832110543,3827856.0,False,False
CHEBI:7445,MONDO:0013582,3.032044026966017,35001773.0,False,False
UNII:07730V90L6,MONDO:0000141,3.029818553514279,35414417.0,False,False
CHEBI:90841,MONDO:0013582,3.0319604795872754,35017071.0,False,False
CHEBI:4450,MONDO:0006058,3.40204977890561,2456509.0,False,False
CHEBI:41948,MONDO:0013582,3.031227093586235,35153969.0,False,False
CHEBI:6909,MONDO:0006058,3.332745015592588,4034313.0,False,False
UNII:90Z2UF0E52,MONDO:0006058,3.3491576270855172,3583382.0,False,False
UNII:0IEO0F56LV,MONDO:0000141,3.031711160131731,35063883.0,False,False
CHEBI:27953,MONDO:0005212,3.3537454904194286,3466514.0,False,False
CHEBI:8874,MONDO:0009759,3.4427775782213974,1844734.0,False,False
CHEBI:17154,MONDO:0005212,3.3316248427722526,4067143.0,False,False
CHEBI:17045,MONDO:0000141,3.0310109005763817,35194069.0,False,False
UNII:6T8C155666,MONDO:0006058,3.424701743736871,2093588.0,False,False
UNII:7662KG2R6K,MONDO:0013582,3.033120999014541,34799439.0,False,False
CHEBI:17076,MONDO:0005212,3.3607673815795156,3296863.0,False,False
CHEBI:8768,MONDO:0006058,3.357545330852404,3373449.0,False,False
CHEBI:47426,MONDO:0009759,3.4101742891606834,2319747.0,False,False
CHEBI:3207,MONDO:0005212,3.45688135145513,1672263.0,False,False
CHEBI:4708,MONDO:0006058,3.4288341056592833,2033641.0,False,False
CHEBI:55346,MONDO:0013582,3.0318029294685918,35046700.0,False,False
CHEBI:3757,MONDO:0013582,3.3556294647855447,3420256.0,False,False
CHEBI:78543,MONDO:0005212,3.438452844011343,1901102.0,False,False
CHEBI:134699,MONDO:0013582,3.031736061456445,35059111.0,False,False
CHEBI:9649,MONDO:0009759,3.029499042347992,35473524.0,False,False
CHEBI:5778,MONDO:0006058,3.4127456719011295,2277811.0,False,False
CHEBI:229221,MONDO:0006058,3.3508009649092383,3541026.0,False,False
CHEBI:85993,MONDO:0009759,3.031555758096373,35092657.0,False,False
CHEBI:27690,MONDO:0013582,3.42574464946318,2078320.0,False,False
UNII:BTY153760O,MONDO:0006058,3.4267346364803877,2063969.0,False,False
UNII:55KHL3P693,MONDO:0005212,3.412189146849992,2286831.0,False,False
CHEBI:49662,MONDO:0005212,3.4329299628602454,1975818.0,False,False
UNII:Q4K217VGA9,MONDO:0009759,3.031403751771909,35121090.0,False,False
UNII:BTY153760O,MONDO:0005212,3.438905067098133,1895193.0,False,False
UNII:8Q622VDR18,MONDO:0005212,3.4047889943585448,2409465.0,False,False
CHEBI:83766,MONDO:0000141,3.033194221508587,34785620.0,False,False
CHEBI:9139,MONDO:0005212,3.4129300702491094,2274875.0,False,False
CHEBI:4356,MONDO:0006058,3.4270969168009326,2058701.0,False,False
UNII:4EQZ6YO2HI,MONDO:0009759,3.0312757035076956,35144989.0,False,False
UNII:5G1WE425BI,MONDO:0006058,3.4262384831908914,2071127.0,False,False
CHEBI:63581,MONDO:0009759,3.0296901020492815,35438303.0,False,False
CHEBI:116735,MONDO:0000141,3.0315861534406743,35087081.0,False,False
UNII:6T8C155666,MONDO:0005212,3.408072008745591,2354191.0,False,False
CHEBI:84883,MONDO:0000141,3.03037054617531,35312570.0,False,False
CHEBI:94807,MONDO:0005212,3.335838150066815,3944989.0,False,False
CHEBI:7507,MONDO:0006058,3.2339663290764564,8330413.0,False,False
CHEBI:16664,MONDO:0009759,3.2494661937800995,7425880.0,False,False
CHEBI:31159,MONDO:0009759,3.251141187113835,7334226.0,False,False
CHEBI:32090,MONDO:0005212,3.2333036715520294,8371587.0,False,False
CHEBI:28925,MONDO:0009759,3.113223872590768,20441021.0,False,False
UNII:DEW6X41BEK,MONDO:0005212,3.2389300556900373,8029334.0,False,False
CHEBI:8499,MONDO:0000141,3.230846763886184,8525414.0,False,False
CHEBI:4822,MONDO:0006058,3.1160283324277662,20027934.0,False,False
CHEBI:31292,MONDO:0005212,3.23424912189931,8312907.0,False,False
CHEBI:3478,MONDO:0005212,3.228721064851363,8661425.0,False,False
CHEBI:72323,MONDO:0006058,3.2393799536482133,8002527.0,False,False
CHEBI:5855,MONDO:0000141,3.114951030418097,20185782.0,False,False
CHEBI:229659,MONDO:0005212,3.1178212719516383,19767885.0,False,False
CHEBI:63916,MONDO:0005212,3.249673359431421,7414410.0,False,False
CHEBI:9671,MONDO:0005212,3.2399758559796616,7967361.0,False,False
CHEBI:82960,MONDO:0006058,3.1180061421421343,19741312.0,False,False
CHEBI:229223,MONDO:0005212,3.2521284403253716,7280853.0,False,False
UNII:5IB2J79MCX,MONDO:0006058,3.241010532542008,7906067.0,False,False
UNII:WP58SVM6R4,MONDO:0006058,3.240398249953146,7942248.0,False,False
CHEBI:4975,MONDO:0006058,3.2286671710682193,8664878.0,False,False
CHEBI:140427,MONDO:0005212,3.1169168244309287,19899052.0,False,False
CHEBI:134677,MONDO:0006058,3.242949641782631,7792766.0,False,False
UNII:T41737F88A,MONDO:0006058,3.2386954922556996,8043375.0,False,False
CHEBI:6794,MONDO:0006058,3.2340639304241385,8324297.0,False,False
CHEBI:534,MONDO:0013582,3.1155897995758943,20091924.0,False,False
CHEBI:50694,MONDO:0009759,3.2431654033086703,7780180.0,False,False
CHEBI:9939,MONDO:0006058,3.116371963548273,19978004.0,False,False
CHEBI:60773,MONDO:0006058,3.2396466092238514,7986783.0,False,False
CHEBI:3306,MONDO:0005212,3.2435276868394225,7759400.0,False,False
CHEBI:77942,MONDO:0005212,3.1166658389827155,19935445.0,False,False
UNII:B6E7K36KT8,MONDO:0006058,3.241268126292559,7890684.0,False,False
CHEBI:101085,MONDO:0013582,3.23030242298986,8560230.0,False,False
CHEBI:6633,MONDO:0005212,3.251905394760251,7293024.0,False,False
UNII:DD5RBA1NKF,MONDO:0005212,3.237378200302288,8122388.0,False,False
UNII:X05U0N2RCO,MONDO:0005212,3.227818072588256,8719863.0,False,False
CHEBI:61033,MONDO:0005212,3.228138320757792,8699178.0,False,False
CHEBI:3515,MONDO:0006058,3.2389704380515756,8026880.0,False,False
UNII:AIW6036FAS,MONDO:0005212,3.2298081503364573,8591581.0,False,False
CHEBI:8874,MONDO:0013582,3.115387824653345,20121483.0,False,False
UNII:Z7HVY03PHP,MONDO:0005212,3.116696996617194,19930885.0,False,False
CHEBI:8890,MONDO:0006058,3.2375174404018274,8113950.0,False,False
CHEBI:4046,MONDO:0000141,3.2337906290128497,8341256.0,False,False
CHEBI:3001,MONDO:0006058,3.244753458830588,7689412.0,False,False
UNII:13ZT6YG5SD,MONDO:0005212,3.231686316006807,8472458.0,False,False
CHEBI:31687,MONDO:0005212,3.1141174075250246,20308716.0,False,False
CHEBI:8673,MONDO:0005212,3.2417429716459596,7862958.0,False,False
UNII:033072U4MZ,MONDO:0005212,3.236812284660134,8156075.0,False,False
CHEBI:4717,MONDO:0009759,3.2377053963560556,8102683.0,False,False
CHEBI:92875,MONDO:0009759,3.116287231609828,19990298.0,False,False
UNII:5TAA004E22,MONDO:0000141,3.1175814793026806,19802598.0,False,False
CHEBI:9086,MONDO:0006058,3.2520368534779904,7285835.0,False,False
UNII:83G67E21XI,MONDO:0000141,3.117652873045765,19792213.0,False,False
UNII:5M691HL4BO,MONDO:0006058,3.1155071660949414,20103900.0,False,False
CHEBI:135626,MONDO:0006058,3.2270539447887483,8770109.0,False,False
UNII:AVK0I6HY2U,MONDO:0005212,3.117824658000055,19767381.0,False,False
UNII:Q4K217VGA9,MONDO:0006058,3.1622800589007283,14224777.0,False,False
CHEBI:6754,MONDO:0006058,3.1650411374556082,13934404.0,False,False
CHEBI:76016,MONDO:0000141,3.1049029079144383,21708713.0,False,False
CHEBI:228302,MONDO:0006058,3.1030419828754616,22001571.0,False,False
CHEBI:28876,MONDO:0000141,3.1620190337988143,14252724.0,False,False
CHEBI:7770,MONDO:0005212,3.1056615836913597,21590578.0,False,False
CHEBI:4822,MONDO:0009759,3.1042576263162074,21809970.0,False,False
UNII:2WTV10SIKH,MONDO:0005212,3.1668518391020255,13747127.0,False,False
CHEBI:49668,MONDO:0000141,3.164862730935761,13952793.0,False,False
PUBCHEM.COMPOUND:630293,MONDO:0009759,3.0772159523538227,26387979.0,False,False
UNII:1B56C968OA,MONDO:0013582,3.10414656278105,21827560.0,False,False
CHEBI:8654,MONDO:0000141,3.1679573958790836,13633812.0,False,False
CHEBI:2682,MONDO:0013582,3.076704279166658,26480881.0,False,False
CHEBI:92875,MONDO:0005212,3.0767883316898472,26465634.0,False,False
CHEBI:4885,MONDO:0009759,3.0750440983040637,26783130.0,False,False
CHEBI:80343,MONDO:0005212,3.1687393404717765,13554666.0,False,False
DRUGBANK:DB16783,MONDO:0006058,3.1633356968173194,14112756.0,False,False
RXCUI:1157362,MONDO:0006058,3.1661330803650523,13821033.0,False,False
CHEBI:135931,MONDO:0009759,3.076231694544565,26566719.0,False,False
CHEBI:36578,MONDO:0005212,3.1630996688065833,14137525.0,False,False
CHEBI:2922,MONDO:0000141,3.0772127810335794,26388573.0,False,False
CHEBI:2379,MONDO:0009759,3.1668484944777795,13747456.0,False,False
UNII:6D5766Q4OP,MONDO:0006058,3.1663433380950514,13799437.0,False,False
CHEBI:6432,MONDO:0013582,3.0781096436776845,26226113.0,False,False
CHEBI:5551,MONDO:0005212,3.1681159341016514,13617861.0,False,False
CHEBI:7872,MONDO:0009759,3.0777808881427773,26285239.0,False,False
CHEBI:63631,MONDO:0013582,3.1072363083846137,21346630.0,False,False
UNII:P85X70RZWS,MONDO:0006058,3.161864137031121,14269350.0,False,False
CHEBI:16828,MONDO:0005212,3.1044628325905315,21777486.0,False,False
CHEBI:232328,MONDO:0013582,3.0750024938784586,26790817.0,False,False
CHEBI:229526,MONDO:0006058,3.1625467928671593,14196408.0,False,False
CHEBI:50169,MONDO:0006058,3.077193782594231,26392035.0,False,False
UNII:I031V2H011,MONDO:0000141,3.079315102612518,26010304.0,False,False
CHEBI:6062,MONDO:0005212,3.1038610216180276,21872509.0,False,False
CHEBI:53760,MONDO:0006058,3.107547719657041,21298495.0,False,False
CHEBI:5000,MONDO:0005212,3.1677326471354705,13656956.0,False,False
CHEBI:64213,MONDO:0006058,3.167080948082237,13723694.0,False,False
UNII:RE0V0T1ES0,MONDO:0006058,3.16366528513085,14077951.0,False,False
CHEBI:7601,MONDO:0000141,3.0779047019220505,26263086.0,False,False
CHEBI:3125,MONDO:0000141,3.0765181378195754,26514808.0,False,False
CHEBI:31159,MONDO:0013582,3.0755987826465727,26681414.0,False,False
CHEBI:253342,MONDO:0005212,3.102941189976788,22017450.0,False,False
CHEBI:50861,MONDO:0013582,3.1032594606800394,21967296.0,False,False
CHEBI:75246,MONDO:0000141,3.0790634953207525,26054943.0,False,False
CHEBI:10125,MONDO:0009759,3.075369760160431,26723511.0,False,False
CHEBI:27436,MONDO:0005212,3.3857939713262066,2756438.0,False,False
UNII:789Q85GA8P,MONDO:0005212,3.3787872021675387,2897400.0,False,False
CHEBI:2955,MONDO:0006058,3.270541658941523,6354349.0,False,False
CHEBI:73275,MONDO:0005212,3.2827853554993167,5806787.0,False,False
CHEBI:36560,MONDO:0005212,3.28627936051525,5659542.0,False,False
CHEBI:102166,MONDO:0009759,3.1442417050910985,16271314.0,False,False
CHEBI:6704,MONDO:0009759,3.141919028805161,16553522.0,False,False
CHEBI:6704,MONDO:0005212,3.3738444190920043,3001938.0,False,False
CHEBI:47657,MONDO:0006058,3.282409064154378,5822864.0,False,False
CHEBI:178199,MONDO:0006058,3.282254543574069,5829567.0,False,False
CHEBI:3423,MONDO:0000141,3.3751901660356243,2973130.0,False,False
UNII:4EQZ6YO2HI,MONDO:0005212,3.369358112126092,3099733.0,False,False
UMLS:C5237999,MONDO:0006058,3.2753553558190998,6132628.0,False,False
CHEBI:27834,MONDO:0000141,3.1461102221690207,16047144.0,False,False
UNII:DQA630RIE9,MONDO:0005212,3.2788394456173284,5978012.0,False,False
UNII:T41737F88A,MONDO:0005212,3.384738903817121,2777253.0,False,False
CHEBI:91408,MONDO:0006058,3.281398475467399,5866549.0,False,False
CHEBI:7903,MONDO:0005212,3.3899897613187084,2675220.0,False,False
CHEBI:196955,MONDO:0006058,3.144891524755509,16192950.0,False,False
CHEBI:2637,MONDO:0005212,3.2852278343470998,5703353.0,False,False
UNII:37CQ2C7X93,MONDO:0006058,3.3917769267543036,2641439.0,False,False
CHEBI:85202,MONDO:0006058,3.2787860252750347,5980380.0,False,False
CHEBI:31932,MONDO:0013582,3.1429221918770525,16431070.0,False,False
UNII:TO3JYR3BOU,MONDO:0005212,3.3784649769921815,2904196.0,False,False
CHEBI:135752,MONDO:0006058,3.144412258202599,16250794.0,False,False
CHEBI:30830,MONDO:0009759,3.377622014261508,2921841.0,False,False
CHEBI:59750,MONDO:0005212,3.2811423997261997,5877622.0,False,False
CHEBI:135173,MONDO:0005212,3.2799458307515064,5929444.0,False,False
CHEBI:47612,MONDO:0006058,3.28378930739456,5763975.0,False,False
CHEBI:82721,MONDO:0005212,3.1466314997581613,15985253.0,False,False
UNII:U59UGK3IPC,MONDO:0005212,3.3700693690130104,3083930.0,False,False
CHEBI:94385,MONDO:0006058,3.2700728219749635,6376510.0,False,False
CHEBI:63580,MONDO:0005212,3.3975607931015643,2535857.0,False,False
CHEBI:2676,MONDO:0005212,3.2709019612174464,6337493.0,False,False
UNII:ZL1R02VT79,MONDO:0006058,3.3754151884288044,2968308.0,False,False
UNII:T432289GYZ,MONDO:0005212,3.2820755819658434,5837226.0,False,False
CHEBI:135876,MONDO:0005212,3.2766414438474696,6075001.0,False,False
CHEBI:27565,MONDO:0006058,3.2725737091840568,6259865.0,False,False
CHEBI:15765,MONDO:0006058,3.285606041605853,5687509.0,False,False
CHEBI:82980,MONDO:0006058,3.1465903830902753,15990017.0,False,False
CHEBI:145428,MONDO:0006058,3.2878165974993054,5596036.0,False,False
CHEBI:135888,MONDO:0006058,3.280831323876571,5891027.0,False,False
CHEBI:76230,MONDO:0006058,3.1437906706889187,16325295.0,False,False
CHEBI:3479,MONDO:0006058,3.379227859244893,2888395.0,False,False
CHEBI:7573,MONDO:0006058,3.383724921699362,2797301.0,False,False
CHEBI:51209,MONDO:0009759,3.127479712267012,18418106.0,False,False
CHEBI:27834,MONDO:0009759,3.1104498724268645,20856538.0,False,False
CHEBI:7773,MONDO:0009759,3.1120662671277173,20613250.0,False,False
CHEBI:3647,MONDO:0013582,3.124601058704737,18811286.0,False,False
CHEBI:90926,MONDO:0006058,3.110545214117345,20842110.0,False,False
CHEBI:76018,MONDO:0005212,3.1096585767001153,20976768.0,False,False
CHEBI:63607,MONDO:0009759,3.0639839660038017,28844240.0,False,False
CHEBI:9757,MONDO:0000141,3.1121691791676325,20597918.0,False,False
CHEBI:15544,MONDO:0009759,3.125645200068748,18668206.0,False,False
CHEBI:4466,MONDO:0000141,3.10801789718184,21226625.0,False,False
CHEBI:8404,MONDO:0013582,3.1104210201365756,20860997.0,False,False
CHEBI:133011,MONDO:0013582,3.128320747776632,18304455.0,False,False
CHEBI:4562,MONDO:0006058,3.125324073029867,18712083.0,False,False
CHEBI:3738,MONDO:0013582,3.107984981364929,21231665.0,False,False
CHEBI:174358,MONDO:0009759,3.1259653733298878,18624191.0,False,False
CHEBI:63589,MONDO:0005212,3.128483184929614,18282492.0,False,False
CHEBI:5050,MONDO:0005212,3.1101138944956097,20907585.0,False,False
CHEBI:367163,MONDO:0009759,3.0630844714112633,29015137.0,False,False
CHEBI:6706,MONDO:0013582,3.111597003401722,20683689.0,False,False
CHEBI:17141,MONDO:0000141,3.1123075328463674,20577254.0,False,False
CHEBI:39669,MONDO:0009759,3.1082587046648933,21189969.0,False,False
CHEBI:8024,MONDO:0009759,3.1090238429423014,21073287.0,False,False
CHEBI:82975,MONDO:0005212,3.0627849526938054,29072182.0,False,False
CHEBI:3996,MONDO:0006058,3.124045311029037,18888405.0,False,False
UNII:TL60C27RLH,MONDO:0009759,3.0649493625452324,28661373.0,False,False
CHEBI:8884,MONDO:0000141,3.062746109133977,29079486.0,False,False
CHEBI:76128,MONDO:0000141,3.11108347020563,20761510.0,False,False
CHEBI:50173,MONDO:0000141,3.126649700287481,18531166.0,False,False
CHEBI:135499,MONDO:0009759,3.1099886405678436,20926564.0,False,False
CHEBI:140621,MONDO:0006058,3.124841590101383,18778138.0,False,False
CHEBI:135276,MONDO:0005212,3.110502356655826,20848490.0,False,False
CHEBI:195558,MONDO:0000141,3.0631064405874673,29010989.0,False,False
CHEBI:50122,MONDO:0013582,3.0653330612406435,28588833.0,False,False
CHEBI:521033,MONDO:0000141,3.127999112079764,18348018.0,False,False
CHEBI:50659,MONDO:0013582,3.1243993199710083,18839373.0,False,False
CHEBI:82752,MONDO:0006058,3.1249623574448995,18761577.0,False,False
CHEBI:44185,MONDO:0009759,3.0643344630187928,28777503.0,False,False
CHEBI:6504,MONDO:0005212,3.128432345793791,18289390.0,False,False
UNII:F60NE4XB53,MONDO:0000141,3.063635773662294,28910323.0,False,False
CHEBI:3485,MONDO:0013582,3.127310918513124,18441166.0,False,False
CHEBI:6715,MONDO:0009759,3.109379788407588,21019416.0,False,False
CHEBI:5132,MONDO:0013582,3.12717951038157,18459182.0,False,False
CHEBI:4724,MONDO:0009759,3.1080533767630367,21221172.0,False,False
UNII:SQ8A3S5101,MONDO:0000141,3.0632124380373966,28990658.0,False,False
UNII:DLE8519RWM,MONDO:0000141,3.063404452759669,28953981.0,False,False
CHEBI:4325,MONDO:0013582,3.0642607326105136,28791406.0,False,False
CHEMBL.COMPOUND:CHEMBL1256744,MONDO:0000141,3.064260171465958,28791516.0,False,False
CHEBI:2666,MONDO:0000141,3.062642314613235,29099244.0,False,False
UNII:DQ448MW7KS,MONDO:0013582,3.0642923226212746,28785456.0,False,False
CHEBI:50742,MONDO:0013582,3.0661887445286986,28427583.0,False,False
CHEBI:145499,MONDO:0000141,3.1123069010110616,20577356.0,False,False
CHEBI:27504,MONDO:0009759,3.110926453453068,20785231.0,False,False
UNII:M89N0Q7EQR,MONDO:0009759,3.1255702634342235,18678353.0,False,False
CHEBI:135899,MONDO:0005212,3.110212881220379,20892624.0,False,False
UNII:939U7C91AI,MONDO:0006058,3.108033795820443,21224217.0,False,False
CHEBI:8869,MONDO:0013582,3.0645465541793877,28737422.0,False,False
CHEBI:135925,MONDO:0000141,3.063651664725412,28907270.0,False,False
CHEBI:82717,MONDO:0009759,3.0655683024661005,28544276.0,False,False
CHEBI:8502,MONDO:0009759,3.1246506847847275,18804341.0,False,False
CHEBI:9620,MONDO:0005212,3.1088132644291,21105010.0,False,False
CHEBI:107736,MONDO:0013582,3.1255278620808786,18684251.0,False,False
CHEBI:27666,MONDO:0000141,3.207502545918021,10147331.0,False,False
CHEBI:2469,MONDO:0006058,3.2080139799401355,10108710.0,False,False
CHEBI:8481,MONDO:0000141,3.1200180672066127,19453481.0,False,False
CHEBI:28680,MONDO:0009759,3.1195407531769854,19521209.0,False,False
CHEBI:85010,MONDO:0006058,3.266643886364833,6539495.0,False,False
CHEBI:50924,MONDO:0009759,3.12240516616428,19116171.0,False,False
CHEBI:9586,MONDO:0009759,3.215100957248216,9588048.0,False,False
CHEBI:4974,MONDO:0006058,3.2136441778125606,9692718.0,False,False
CHEBI:367163,MONDO:0005212,3.1191204749939114,19581436.0,False,False
CHEBI:229643,MONDO:0005212,3.122262942107281,19136111.0,False,False
CHEBI:3640,MONDO:0009759,3.26814020283238,6467817.0,False,False
CHEBI:94707,MONDO:0006058,3.205098250476601,10331773.0,False,False
CHEBI:135809,MONDO:0006058,3.254595686987686,7149002.0,False,False
CHEBI:4814,MONDO:0006058,3.256848576102132,7030765.0,False,False
CHEBI:6904,MONDO:0013582,3.2688841226542786,6432557.0,False,False
CHEBI:499361,MONDO:0005212,3.2566242213582535,7042620.0,False,False
CHEBI:681850,MONDO:0013582,3.122279549944883,19133813.0,False,False
CHEBI:70735,MONDO:0013582,3.1231968640852963,19006081.0,False,False
CHEBI:27953,MONDO:0006058,3.2560782681671707,7071051.0,False,False
CHEBI:91583,MONDO:0005212,3.2622639398671347,6754537.0,False,False
CHEBI:5123,MONDO:0000141,3.208036751553715,10107055.0,False,False
CHEBI:90933,MONDO:0005212,3.208343115107094,10084106.0,False,False
PUBCHEM.COMPOUND:630293,MONDO:0005212,3.2048245940720657,10352761.0,False,False
CHEBI:7476,MONDO:0006058,3.2137401521981044,9685777.0,False,False
CHEBI:90841,MONDO:0005212,3.205444402832254,10305192.0,False,False
CHEBI:46859,MONDO:0006058,3.120447354686596,19392395.0,False,False
CHEBI:69478,MONDO:0006058,3.2095014783361906,9997194.0,False,False
CHEBI:32192,MONDO:0006058,3.209648133456032,9986299.0,False,False
CHEBI:75037,MONDO:0000141,3.1212196712810303,19283027.0,False,False
UNII:VRN8S9CW5V,MONDO:0005212,3.297048192649383,5229629.0,False,False
CHEBI:6923,MONDO:0005212,3.3076533165257933,4840285.0,False,False
CHEBI:3756,MONDO:0005212,3.300429468675501,5102645.0,False,False
CHEBI:31859,MONDO:0006058,3.299571880516938,5134317.0,False,False
UNII:MLU3LU3EVV,MONDO:0006058,3.3065440771809165,4879864.0,False,False
CHEBI:78825,MONDO:0006058,3.294217941871216,5339184.0,False,False
CHEBI:28971,MONDO:0006058,3.149170218871826,15686177.0,False,False
UNII:4RA0KN46E0,MONDO:0006058,3.2900193351298896,5506214.0,False,False
DRUGBANK:DB00086,MONDO:0005212,3.30267258667551,5019951.0,False,False
CHEBI:51230,MONDO:0000141,3.148779211553034,15731674.0,False,False
UNII:Z633861EIM,MONDO:0005212,3.3032807497871404,4997725.0,False,False
CHEBI:474180,MONDO:0005212,3.2972003097458433,5223764.0,False,False
CHEBI:142290,MONDO:0000141,3.0922360022176774,23762990.0,False,False
CHEBI:63845,MONDO:0006058,3.0901466054429614,24116178.0,False,False
CHEBI:6933,MONDO:0013582,3.1500575674386635,15582273.0,False,False
CHEBI:2668,MONDO:0009759,3.1526132071473665,15287944.0,False,False
CHEBI:59224,MONDO:0005212,3.30273319900654,5017734.0,False,False
CHEBI:51210,MONDO:0006058,3.0891714742146243,24282519.0,False,False
CHEBI:17750,MONDO:0005212,3.294432617882457,5330733.0,False,False
CHEBI:135530,MONDO:0009759,3.0906469944925874,24031137.0,False,False
UNII:3JB47N2Q2P,MONDO:0006058,3.2995851178254387,5133816.0,False,False
CHEBI:177703,MONDO:0009759,3.090704459256727,24021404.0,False,False
DRUGBANK:DB16746,MONDO:0006058,3.2983437312260646,5180356.0,False,False
CHEBI:32687,MONDO:0000141,3.089514423656281,24224007.0,False,False
CHEBI:71193,MONDO:0006058,3.2949825008032585,5309475.0,False,False
CHEBI:17076,MONDO:0013582,3.088872998360548,24333622.0,False,False
UNII:EUT3557RT5,MONDO:0006058,3.1495326313908802,15643642.0,False,False
CHEBI:6704,MONDO:0000141,3.1482342042183173,15795505.0,False,False
UNII:AD4J2O47FQ,MONDO:0006058,3.1527917133064234,15267654.0,False,False
CHEBI:59173,MONDO:0009759,3.0913456688155154,23913116.0,False,False
UNII:5QS67N4551,MONDO:0006058,3.0916353245977293,23864211.0,False,False
CHEBI:7575,MONDO:0013582,3.1479423744699866,15829818.0,False,False
CHEBI:46859,MONDO:0005212,3.153366302048002,15202628.0,False,False
CHEBI:68579,MONDO:0009759,3.1488042630387145,15728780.0,False,False
UNII:T9FVH03HMZ,MONDO:0006058,3.2906635478452495,5480234.0,False,False
CHEBI:64318,MONDO:0006058,3.0907755135956148,24009156.0,False,False
CHEBI:231594,MONDO:0009759,3.1483400316284413,15782929.0,False,False
CHEBI:82699,MONDO:0005212,3.2904843933658565,5487554.0,False,False
CHEBI:16163,MONDO:0005212,3.307096755014523,4860131.0,False,False
UNII:S866O45PIG,MONDO:0005212,3.1509666134309944,15477051.0,False,False
CHEBI:135919,MONDO:0005212,3.287888653206227,5593205.0,False,False
CHEBI:53775,MONDO:0006058,3.1484179412695594,15773901.0,False,False
UNII:2NU6F9601K,MONDO:0005212,3.3042155160666944,4963431.0,False,False
CHEBI:90951,MONDO:0006058,3.089328333319939,24255714.0,False,False
CHEBI:4031,MONDO:0013582,3.0920984969133487,23786073.0,False,False
UNII:CEGM9YBNGD,MONDO:0005212,3.296302818861119,5258163.0,False,False
CHEBI:27882,MONDO:0009759,3.153245835800557,15216367.0,False,False
CHEBI:6775,MONDO:0005212,3.174856878036837,12949372.0,False,False
CHEBI:31515,MONDO:0009759,3.1719385585704423,13235231.0,False,False
CHEBI:7936,MONDO:0009759,3.1695479456896205,13473445.0,False,False
CHEBI:194527,MONDO:0005212,3.3256488380547444,4246951.0,False,False
CHEBI:7507,MONDO:0005212,3.314596644663043,4601529.0,False,False
CHEBI:9754,MONDO:0005212,3.2255851080526705,8867032.0,False,False
UMLS:C5439902,MONDO:0005212,3.322243332697559,4353251.0,False,False
CHEBI:4909,MONDO:0005212,3.221900454259129,9114310.0,False,False
CHEBI:8673,MONDO:0006058,3.3220271504519276,4360005.0,False,False
CHEBI:92769,MONDO:0009759,3.1695769277081576,13470561.0,False,False
CHEBI:474053,MONDO:0005212,3.315486826569148,4571935.0,False,False
CHEBI:3013,MONDO:0005212,3.1720728564323584,13221821.0,False,False
CHEBI:7825,MONDO:0006058,3.1745824967464324,12975960.0,False,False
CHEBI:90914,MONDO:0005212,3.169868304025659,13441273.0,False,False
CHEBI:9927,MONDO:0006058,3.3146638374208672,4599315.0,False,False
CHEBI:6931,MONDO:0005212,3.1714649617264326,13282218.0,False,False
UNII:M89N0Q7EQR,MONDO:0000141,3.2172703109681913,9434132.0,False,False
CHEBI:9328,MONDO:0006058,3.2225979126921023,9067041.0,False,False
CHEBI:8707,MONDO:0005212,3.216944960364275,9457068.0,False,False
CHEBI:39211,MONDO:0006058,3.320947522517476,4394170.0,False,False
PUBCHEM.COMPOUND:630293,MONDO:0006058,3.2184295954124877,9352979.0,False,False
CHEBI:10100,MONDO:0005212,3.2259728962650818,8841370.0,False,False
CHEBI:5613,MONDO:0009759,3.216682913518384,9475794.0,False,False
CHEBI:85078,MONDO:0013582,3.2196084915281626,9271051.0,False,False
CHEBI:9566,MONDO:0005212,3.2213795361238744,9149626.0,False,False
CHEBI:31485,MONDO:0006058,3.172788740168571,13150886.0,False,False
UNII:W4141180YD,MONDO:0005212,3.321827291159689,4366422.0,False,False
DRUGBANK:DB17362,MONDO:0005212,3.3293424287594364,4134972.0,False,False
CHEBI:2788,MONDO:0005212,3.1728157661736844,13148244.0,False,False
CHEBI:4710,MONDO:0009759,3.22658972955415,8800645.0,False,False
CHEBI:291902,MONDO:0005212,3.226980934606848,8774906.0,False,False
PUBCHEM.COMPOUND:9852982,MONDO:0006058,3.176828057330113,12760395.0,False,False
CHEBI:64318,MONDO:0009759,3.1762728515655283,12813236.0,False,False
CHEBI:16382,MONDO:0006058,3.2188441539718866,9324108.0,False,False
PUBCHEM.COMPOUND:156963654,MONDO:0005212,3.22057829093523,9204336.0,False,False
CHEBI:135961,MONDO:0005212,3.320847970281794,4397390.0,False,False
CHEBI:6912,MONDO:0006058,3.215482434388467,9560951.0,False,False
UNII:43K1W2T1M6,MONDO:0000141,3.220776359594149,9190940.0,False,False
CHEBI:63681,MONDO:0006058,3.3188271816254225,4462325.0,False,False
CHEBI:6149,MONDO:0009759,3.067788831138518,28126884.0,False,False
CHEBI:7575,MONDO:0000141,3.0976859645761534,22861864.0,False,False
CHEBI:4464,MONDO:0005212,3.1611195257241924,14348551.0,False,False
CHEBI:3504,MONDO:0009759,3.0968431465576076,22999196.0,False,False
CHEBI:50693,MONDO:0000141,3.069236407615196,27855800.0,False,False
CHEBI:50663,MONDO:0006058,3.1560680695019894,14899276.0,False,False
CHEBI:90217,MONDO:0013582,3.0699694955248575,27719444.0,False,False
CHEBI:7494,MONDO:0006058,3.097125789861538,22953289.0,False,False
CHEBI:149601,MONDO:0006058,3.069139823798313,27873814.0,False,False
CHEBI:39548,MONDO:0000141,3.157321790532719,14760522.0,False,False
CHEBI:8884,MONDO:0006058,3.1568475615999194,14812678.0,False,False
CHEBI:9566,MONDO:0013582,3.094127155831912,23447054.0,False,False
CHEBI:59773,MONDO:0009759,3.0980200594507306,22807317.0,False,False
CHEBI:6129,MONDO:0009759,3.1580369392386043,14682532.0,False,False
PR:000007302,MONDO:0006058,3.159180924943742,14557646.0,False,False
UNII:07896928ZC,MONDO:0009759,3.069133051811039,27875140.0,False,False
CHEBI:141474,MONDO:0005212,3.09706895730947,22962685.0,False,False
CHEBI:465284,MONDO:0000141,3.1570038647236895,14795376.0,False,False
CHEBI:6904,MONDO:0000141,3.0674359297649865,28192980.0,False,False
CHEBI:91817,MONDO:0013582,3.069736835573916,27762937.0,False,False
CHEBI:9448,MONDO:0009759,3.0690061154091186,27898976.0,False,False
CHEBI:6339,MONDO:0000141,3.0679651147711096,28093630.0,False,False
CHEBI:9321,MONDO:0009759,3.095788963249399,23171925.0,False,False
UNII:04NQ160FRU,MONDO:0005212,3.0673818216356166,28203062.0,False,False
CHEBI:6887,MONDO:0000141,3.0964038224181305,23070854.0,False,False
CHEBI:63638,MONDO:0013582,3.0700691945239367,27700764.0,False,False
CHEBI:5002,MONDO:0013582,3.1581612509632864,14668958.0,False,False
CHEBI:6427,MONDO:0013582,3.15608086017333,14897909.0,False,False
CHEBI:134718,MONDO:0006058,3.0963358331379167,23082093.0,False,False
CHEBI:71272,MONDO:0005212,3.0701308862681698,27689383.0,False,False
CHEBI:48947,MONDO:0005212,3.159884444166277,14481259.0,False,False
CHEBI:109549,MONDO:0009759,3.1590001985697995,14577086.0,False,False
CHEBI:15551,MONDO:0009759,3.0937970158884136,23502062.0,False,False
CHEBI:100241,MONDO:0013582,3.096608401138858,23037440.0,False,False
CHEBI:4858,MONDO:0006058,3.15643778289874,14858218.0,False,False
UNII:M89N0Q7EQR,MONDO:0013582,3.0947049847167136,23351205.0,False,False
CHEBI:85966,MONDO:0005212,3.158836373738512,14595074.0,False,False
CHEBI:48273,MONDO:0009759,3.1554752721421204,14965557.0,False,False
CHEBI:43755,MONDO:0009759,3.160631499500096,14400846.0,False,False
CHEBI:6709,MONDO:0005212,3.068520955417915,27989603.0,False,False
CHEBI:145499,MONDO:0013582,3.093900550239663,23484834.0,False,False
CHEBI:64354,MONDO:0006058,3.157957337826707,14691270.0,False,False
CHEBI:3219,MONDO:0013582,3.068061559515776,28075471.0,False,False
CHEBI:35677,MONDO:0005212,3.1614358835735574,14314762.0,False,False
CHEBI:3347,MONDO:0000141,3.0969782648194513,22977435.0,False,False
CHEBI:17650,MONDO:0009759,3.0976142742261867,22873502.0,False,False
CHEBI:7789,MONDO:0000141,3.155473345868134,14965762.0,False,False
CHEBI:6846,MONDO:0013582,3.0696260385767364,27783618.0,False,False
CHEBI:50169,MONDO:0013582,3.0695654514580575,27794710.0,False,False
DRUGBANK:DB18728,MONDO:0000141,3.0707160325858514,27580717.0,False,False
CHEBI:478164,MONDO:0013582,3.0611381324409557,29386785.0,False,False
CHEBI:144551,MONDO:0005212,3.0617152727898267,29276482.0,False,False
CHEBI:4858,MONDO:0009759,3.0741525139074892,26945940.0,False,False
CHEBI:66899,MONDO:0013582,3.061421781789927,29332461.0,False,False
CHEBI:9150,MONDO:0009759,3.074722025014803,26841685.0,False,False
CHEBI:133013,MONDO:0005212,3.0602718137207723,29552611.0,False,False
CHEBI:8707,MONDO:0009759,3.199385157641358,10781786.0,False,False
UNII:Q6U6J48BWY,MONDO:0005212,3.202223978502497,10556162.0,False,False
UMLS:C4723695,MONDO:0006058,3.202870315127738,10505324.0,False,False
CHEBI:17303,MONDO:0005212,3.203387730504484,10464505.0,False,False
UNII:ROV204583W,MONDO:0000141,3.0608057424783732,29450247.0,False,False
CHEBI:7009,MONDO:0009759,3.20154226138575,10609937.0,False,False
CHEBI:28971,MONDO:0005212,3.199230327365857,10794321.0,False,False
CHEBI:31547,MONDO:0005212,3.200282135982339,10710067.0,False,False
CHEBI:2955,MONDO:0013582,3.060908342938939,29430574.0,False,False
CHEBI:7459,MONDO:0000141,3.0737296617050607,27023446.0,False,False
CHEBI:9434,MONDO:0000141,3.061303138822373,29355248.0,False,False
CHEBI:90865,MONDO:0005212,3.0736861371193562,27031456.0,False,False
CHEBI:135361,MONDO:0000141,3.0594507033391523,29710541.0,False,False
CHEBI:4681,MONDO:0009759,3.20119969773451,10636816.0,False,False
CHEBI:85010,MONDO:0009759,3.060837190247767,29444086.0,False,False
CHEBI:74460,MONDO:0009759,3.0587114504711237,29852012.0,False,False
UNII:LMQ24G57E9,MONDO:0005212,3.073745566973997,27020604.0,False,False
UNII:K2J09EMJ52,MONDO:0013582,3.074178618737712,26941240.0,False,False
CHEBI:59269,MONDO:0006058,3.0725552443984543,27239625.0,False,False
CHEBI:6375,MONDO:0000141,3.061238585299534,29367521.0,False,False
UNII:8G388563M7,MONDO:0013582,3.0730489293656005,27148687.0,False,False
CHEBI:134726,MONDO:0009759,3.0726092751118874,27229756.0,False,False
UNII:RE0V0T1ES0,MONDO:0000141,3.0589461273290377,29806899.0,False,False
CHEBI:4672,MONDO:0013582,3.060161460981218,29573947.0,False,False
PUBCHEM.COMPOUND:156963654,MONDO:0013582,3.058958081179079,29804647.0,False,False
CHEBI:28445,MONDO:0013582,3.1978653700242905,10904499.0,False,False
CHEBI:8890,MONDO:0000141,3.059173269704906,29763551.0,False,False
CHEBI:6846,MONDO:0000141,3.074855379412771,26817842.0,False,False
CHEBI:4392,MONDO:0005212,3.196452275264927,11020888.0,False,False
CHEBI:83527,MONDO:0013582,3.057883684392678,30011769.0,False,False
CHEBI:5551,MONDO:0000141,3.073783100670706,27013888.0,False,False
CHEBI:8364,MONDO:0000141,3.0580982713113265,29970189.0,False,False
CHEBI:6717,MONDO:0013582,3.1971492379739987,10963317.0,False,False
UNII:GNWE7KJ995,MONDO:0000141,3.0603586250759394,29536242.0,False,False
CHEBI:85993,MONDO:0000141,3.0597080065108893,29661102.0,False,False
CHEBI:47781,MONDO:0006058,3.1979044096980567,10901302.0,False,False
UNII:PP0SHH6V16,MONDO:0005212,3.2043026053851835,10393414.0,False,False
CHEBI:17154,MONDO:0013582,3.074536149236531,26875683.0,False,False
CHEBI:3175,MONDO:0005212,3.1961658684193823,11044741.0,False,False
CHEBI:2922,MONDO:0009759,3.0592823121069914,29742743.0,False,False
CHEBI:48390,MONDO:0000141,3.059043153197767,29788334.0,False,False
UNII:1FQ2RY5YHH,MONDO:0013582,3.060789057449782,29453408.0,False,False
UNII:R43D2573WO,MONDO:0009759,3.0712749813226186,27476863.0,False,False
CHEBI:103855,MONDO:0005212,3.0614163713005746,29333522.0,False,False
CHEBI:135920,MONDO:0009759,3.060868899699138,29438054.0,False,False
CHEBI:92609,MONDO:0013582,3.058799848608163,29834746.0,False,False
CHEBI:3044,MONDO:0009759,3.072829470121923,27189042.0,False,False
CHEBI:32090,MONDO:0000141,3.0599044320290067,29623212.0,False,False
CHEBI:6950,MONDO:0006058,3.201943631196187,10578292.0,False,False
CHEBI:184381,MONDO:0009759,3.060119786224341,29581873.0,False,False
CHEBI:36791,MONDO:0005212,3.200640330776393,10681547.0,False,False
CHEBI:9943,MONDO:0013582,3.135614858138516,17345237.0,False,False
UNII:LYO9XZ250J,MONDO:0006058,3.133765745120132,17584147.0,False,False
CHEBI:45652,MONDO:0013582,3.0410167959277423,33288972.0,False,False
CHEBI:10082,MONDO:0009759,3.037577739021004,33952059.0,False,False
UNII:ROV204583W,MONDO:0006058,3.13663241047077,17214734.0,False,False
CHEMBL.COMPOUND:CHEMBL2108558,MONDO:0006058,3.1306074104823223,17998827.0,False,False
UNII:7NL2E3F6K3,MONDO:0000141,3.0398194615640692,33520647.0,False,False
CHEBI:3568,MONDO:0005212,3.140747055627724,16698218.0,False,False
CHEBI:8212,MONDO:0009759,3.1404750391136362,16731889.0,False,False
CHEBI:50859,MONDO:0000141,3.03889188941615,33699488.0,False,False
CHEBI:27796,MONDO:0006058,3.0385270061487386,33769917.0,False,False
UNII:3A189DH42V,MONDO:0013582,3.040684844867254,33353165.0,False,False
CHEBI:15552,MONDO:0000141,3.1384155423796325,16988504.0,False,False
UNII:QX45B99R3J,MONDO:0009759,3.037899194558043,33890599.0,False,False
CHEBI:63580,MONDO:0013582,3.1299904281425373,18081083.0,False,False
CHEBI:136007,MONDO:0005212,3.1321869083512732,17790739.0,False,False
CHEBI:135888,MONDO:0013582,3.038755292788454,33726076.0,False,False
CHEBI:51210,MONDO:0009759,3.039377594354612,33605864.0,False,False
UNII:DLG4EML025,MONDO:0013582,3.0416100971110502,33173691.0,False,False
CHEBI:74460,MONDO:0005212,3.1352346843983003,17394076.0,False,False
CHEBI:71013,MONDO:0006058,3.133268016753811,17648926.0,False,False
UNII:R15UI3245N,MONDO:0005212,3.1331445021756474,17665148.0,False,False
CHEBI:28621,MONDO:0000141,3.040493803867061,33389978.0,False,False
UNII:SHA6U5FJZL,MONDO:0006058,3.1397937809693794,16816381.0,False,False
CHEBI:27899,MONDO:0000141,3.141144034646001,16649297.0,False,False
UNII:MCN858TCP0,MONDO:0000141,3.0401130400034906,33463822.0,False,False
UNII:K4YTU42T8G,MONDO:0005212,3.040681315399561,33353805.0,False,False
CHEBI:82975,MONDO:0006058,3.038383899965324,33797229.0,False,False
UNII:DE2O63YV8R,MONDO:0005212,3.1333356836335193,17640173.0,False,False
CHEBI:681848,MONDO:0006058,3.135602860246487,17346762.0,False,False
CHEBI:9927,MONDO:0005212,3.1312070008745625,17919610.0,False,False
CHEBI:135930,MONDO:0000141,3.0375149323108994,33964004.0,False,False
CHEBI:6954,MONDO:0009759,3.1406909024169543,16705204.0,False,False
CHEBI:68540,MONDO:0000141,3.1319836148544766,17817576.0,False,False
CHEBI:177658,MONDO:0013582,3.038035428170287,33864340.0,False,False
CHEBI:127342,MONDO:0000141,3.040465657158646,33395457.0,False,False
CHEBI:51209,MONDO:0013582,3.1316374715762088,17863033.0,False,False
CHEBI:70752,MONDO:0005212,3.135480906407972,17362188.0,False,False
CHEBI:32127,MONDO:0013582,3.0395446350688613,33573700.0,False,False
CHEBI:3504,MONDO:0013582,3.038160782004631,33840417.0,False,False
UNII:RSA8KO39WH,MONDO:0013582,3.140326036730217,16750345.0,False,False
UNII:R15UI3245N,MONDO:0009759,3.1371630858010695,17147065.0,False,False
CHEBI:209807,MONDO:0000141,3.041586108316444,33178498.0,False,False
CHEBI:17439,MONDO:0013582,3.038371164552971,33799670.0,False,False
CHEBI:68647,MONDO:0013582,3.0412430553454146,33245086.0,False,False
CHEBI:135939,MONDO:0013582,3.041139136663455,33265313.0,False,False
CHEBI:3764,MONDO:0006058,3.1385255449079863,16974629.0,False,False
UNII:234248D0HH,MONDO:0009759,3.04041340554286,33405643.0,False,False
UNII:0K5743G68X,MONDO:0005212,3.1385004344637517,16977819.0,False,False
CHEBI:8884,MONDO:0005212,3.1302929598464098,18040923.0,False,False
UNII:234248D0HH,MONDO:0005212,3.1394458972242782,16859623.0,False,False
CHEBI:3306,MONDO:0013582,3.0409874632781815,33294612.0,False,False
CHEBI:7575,MONDO:0005212,3.1325291490324614,17745763.0,False,False
CHEBI:229657,MONDO:0000141,3.037792638856457,33910983.0,False,False
CHEBI:59582,MONDO:0000141,3.13171145575419,17853465.0,False,False
CHEBI:47519,MONDO:0000141,3.139531090320182,16849050.0,False,False
CHEBI:6076,MONDO:0009759,3.0380239002900904,33866607.0,False,False
CHEBI:51368,MONDO:0000141,3.0387167034412297,33733634.0,False,False
CHEBI:5088,MONDO:0009759,3.1375074415769846,17103296.0,False,False
CHEBI:68610,MONDO:0005212,3.1339243584113206,17563725.0,False,False
UNII:TL60C27RLH,MONDO:0006058,3.1374846621339922,17106170.0,False,False
CHEBI:134990,MONDO:0013582,3.0399443258727823,33496410.0,False,False
CHEBI:85161,MONDO:0006058,3.1304332394560483,18022069.0,False,False
CHEBI:9332,MONDO:0000141,3.133409012274372,17630440.0,False,False
UNII:7K5O7P6QIU,MONDO:0005212,3.177623544580637,12685031.0,False,False
UNII:9R3D3Y0UHS,MONDO:0013582,3.0573314378079615,30118176.0,False,False
CHEBI:5384,MONDO:0000141,3.1835010764087954,12140043.0,False,False
CHEBI:7915,MONDO:0006058,3.185604930159344,11950940.0,False,False
CHEBI:51141,MONDO:0000141,3.0551325796086433,30543970.0,False,False
CHEBI:59204,MONDO:0013582,3.056658809121328,30248021.0,False,False
CHEBI:63626,MONDO:0000141,3.055448359852374,30482742.0,False,False
RXCUI:616538,MONDO:0006058,3.08111412009507,25687532.0,False,False
CHEBI:78538,MONDO:0009759,3.081949402082337,25539581.0,False,False
UMLS:C2826078,MONDO:0000141,3.0820643988759473,25519483.0,False,False
CHEBI:135954,MONDO:0006058,3.1790900103407047,12547142.0,False,False
CHEBI:17439,MONDO:0009759,3.056840003449887,30212921.0,False,False
CHEBI:51860,MONDO:0009759,3.1822212704901536,12256587.0,False,False
UMLS:C5556533,MONDO:0005212,3.181684179416793,12306241.0,False,False
CHEBI:8768,MONDO:0005212,3.1776115002653396,12686187.0,False,False
CHEBI:6843,MONDO:0006058,3.080405703487295,25814244.0,False,False
CHEBI:32293,MONDO:0009759,3.0563981851373825,30298433.0,False,False
CHEBI:135907,MONDO:0009759,3.056402720210019,30297590.0,False,False
CHEBI:4445,MONDO:0009759,3.0805203694271217,25793927.0,False,False
CHEBI:64064,MONDO:0013582,3.0807663389885276,25749840.0,False,False
CHEBI:229599,MONDO:0006058,3.183087801459749,12177695.0,False,False
UNII:00Y6A5AJU6,MONDO:0009759,3.0799355092491476,25898785.0,False,False
CHEBI:135948,MONDO:0005212,3.0838626937589426,25203386.0,False,False
CHEBI:465284,MONDO:0009759,3.0821400410520488,25506249.0,False,False
CHEBI:16796,MONDO:0000141,3.082117160535051,25510297.0,False,False
CHEMBL.COMPOUND:CHEMBL2367706,MONDO:0000141,3.0552258781421866,30525765.0,False,False
CHEBI:229222,MONDO:0000141,3.082151380217529,25504297.0,False,False
CHEBI:132967,MONDO:0005212,3.1838178022746524,12111311.0,False,False
UNII:7K28NB895L,MONDO:0000141,3.0804735072931666,25802270.0,False,False
CHEBI:4885,MONDO:0013582,3.083349039813539,25293243.0,False,False
UNII:L7451S9126,MONDO:0006058,3.179916657283214,12469671.0,False,False
CHEBI:2639,MONDO:0013582,3.1839562133472628,12098712.0,False,False
CHEBI:63637,MONDO:0000141,3.0797973836420196,25923529.0,False,False
CHEBI:64354,MONDO:0000141,3.18521172349529,11985566.0,False,False
CHEBI:4530,MONDO:0005212,3.0799838117842264,25890051.0,False,False
UNII:997WVV895X,MONDO:0000141,3.0544323929784403,30679650.0,False,False
CHEBI:63635,MONDO:0009759,3.056698626964915,30240077.0,False,False
CHEBI:8093,MONDO:0005212,3.182908636070117,12194102.0,False,False
CHEBI:64187,MONDO:0005212,3.055885377299821,30397896.0,False,False
CHEBI:16335,MONDO:0013582,3.185508826177729,11959429.0,False,False
CHEBI:229212,MONDO:0006058,3.178682700250521,12585547.0,False,False
CHEBI:6073,MONDO:0013582,3.1810030863576855,12369007.0,False,False
UNII:T3U32GLJ0F,MONDO:0009759,3.057560783233224,30073966.0,False,False
CHEBI:8310,MONDO:0013582,3.056078493378509,30360725.0,False,False
CHEBI:4753,MONDO:0009759,3.079656597794278,25948859.0,False,False
CHEBI:71019,MONDO:0009759,3.0807154616672427,25759066.0,False,False
CHEBI:50648,MONDO:0000141,3.05626461320143,30324438.0,False,False
CHEBI:85973,MONDO:0013582,3.081818773022938,25562677.0,False,False
UNII:LIA7Z4002P,MONDO:0009759,3.081507659838602,25617760.0,False,False
CHEBI:6715,MONDO:0013582,3.1831381944738575,12173035.0,False,False
UNII:PY79D6C8RX,MONDO:0005212,3.045817163169763,32355742.0,False,False
CHEBI:3723,MONDO:0005212,3.192253129355919,11371303.0,False,False
CHEBI:64317,MONDO:0000141,3.0464473915415335,32233549.0,False,False
CHEBI:68606,MONDO:0005212,3.1917010336534153,11418085.0,False,False
CHEBI:94187,MONDO:0009759,3.08833031062872,24426971.0,False,False
CHEBI:8356,MONDO:0006058,3.1878533794840083,11751956.0,False,False
CHEBI:9671,MONDO:0009759,3.1899258290236867,11570988.0,False,False
CHEBI:68558,MONDO:0005212,3.088180383809877,24452864.0,False,False
CHEBI:92511,MONDO:0005212,3.0860373480746572,24823486.0,False,False
CHEBI:17263,MONDO:0009759,3.086448601118212,24752297.0,False,False
UNII:SQ8A3S5101,MONDO:0013582,3.048848033678544,31765213.0,False,False
CHEBI:93635,MONDO:0000141,3.086919970930504,24670420.0,False,False
UNII:G0G0H52U6K,MONDO:0005212,3.1923579389420356,11362429.0,False,False
CHEBI:28925,MONDO:0000141,3.187625513911707,11771950.0,False,False
UNII:3A189DH42V,MONDO:0000141,3.045923029136801,32335205.0,False,False
CHEBI:64213,MONDO:0005212,3.1878738432361815,11750177.0,False,False
UNII:S76B51L5AM,MONDO:0013582,3.084320443464324,25123595.0,False,False
CHEBI:88316,MONDO:0005212,3.047882166716164,31953324.0,False,False
CHEBI:31781,MONDO:0000141,3.0495472155814056,31628929.0,False,False
UNII:2J3H5C81A5,MONDO:0009759,3.04893505892848,31748374.0,False,False
CHEBI:8776,MONDO:0013582,3.189869870171503,11575884.0,False,False
CHEBI:229221,MONDO:0000141,3.0488985535554836,31755508.0,False,False
CHEBI:66919,MONDO:0000141,3.0856261851246103,24895119.0,False,False
UMLS:C2826229,MONDO:0000141,3.049079911249147,31720281.0,False,False
CHEBI:31530,MONDO:0000141,3.088292350015494,24433496.0,False,False
CHEBI:7454,MONDO:0005212,3.0877141481336317,24533364.0,False,False
CHEBI:49566,MONDO:0013582,3.0474549803369637,32036970.0,False,False
CHEBI:8890,MONDO:0009759,3.0844452127440043,25101614.0,False,False
CHEBI:68554,MONDO:0009759,3.0874868766450914,24572744.0,False,False
UNII:T12B44A1OE,MONDO:0005212,3.0861308858551704,24807186.0,False,False
CHEBI:6438,MONDO:0005212,3.192643621471177,11338215.0,False,False
UNII:XZA0KB1BDQ,MONDO:0005212,3.0465169572854176,32219769.0,False,False
CHEBI:68575,MONDO:0013582,3.045901743261238,32339311.0,False,False
CHEBI:17263,MONDO:0000141,3.1893676842214127,11619763.0,False,False
CHEBI:95170,MONDO:0005212,3.0840111436830044,25177650.0,False,False
CHEBI:8214,MONDO:0013582,3.1888695481047806,11663216.0,False,False
CHEBI:85662,MONDO:0005212,3.0863398384282927,24771035.0,False,False
CHEBI:55346,MONDO:0005212,3.1860015316093575,11915848.0,False,False
CHEBI:3309,MONDO:0009759,3.0868669774236004,24679618.0,False,False
CHEBI:31794,MONDO:0013582,3.0868552504394637,24681651.0,False,False
CHEBI:31524,MONDO:0009759,3.046622509332691,32199186.0,False,False
CHEBI:31547,MONDO:0000141,3.0856704924099763,24887301.0,False,False
CHEBI:8665,MONDO:0009759,3.0486411412617387,31805593.0,False,False
UNII:939U7C91AI,MONDO:0005212,3.048178139801346,31895924.0,False,False
CHEBI:68642,MONDO:0013582,3.0457714836305385,32364698.0,False,False
PUBCHEM.COMPOUND:76314940,MONDO:0005212,3.0872345359299302,24616292.0,False,False
CHEBI:92511,MONDO:0009759,3.088345063664589,24424416.0,False,False
UNII:WGD229O42W,MONDO:0000141,3.04662387306439,32198943.0,False,False
CHEBI:53766,MONDO:0006058,3.1935067260561105,11265551.0,False,False
CHEBI:7507,MONDO:0013582,3.0488733582052916,31760337.0,False,False
CHEBI:6444,MONDO:0009759,3.0470029079767995,32125165.0,False,False
CHEBI:64187,MONDO:0009759,3.04734246999584,32058896.0,False,False
CHEBI:77590,MONDO:0006058,3.193975484747233,11226307.0,False,False
CHEBI:51380,MONDO:0000141,3.0470305916478804,32119927.0,False,False
CHEBI:8802,MONDO:0006058,3.1917445176189863,11414436.0,False,False
CHEBI:240107,MONDO:0005212,3.0880811500530845,24470260.0,False,False
CHEBI:6970,MONDO:0009759,3.083976759258347,25183723.0,False,False
UMLS:C0032140,MONDO:0013582,3.0853432989748213,24944495.0,False,False
CHEBI:6794,MONDO:0000141,3.0869589380022884,24663675.0,False,False
UNII:03KSI6WLXH,MONDO:0005212,3.0866568643360903,24716181.0,False,False
CHEBI:177836,MONDO:0000141,3.0840674651939546,25167748.0,False,False
CHEBI:6367,MONDO:0000141,3.0850687882782206,24992285.0,False,False
CHEBI:2673,MONDO:0006058,3.049307990312541,31675711.0,False,False
CHEBI:3994,MONDO:0013582,3.085394381891219,24935539.0,False,False
UNII:8L7891MRB6,MONDO:0013582,3.0104915059225714,38557955.0,False,False
UMLS:C1881890,MONDO:0013582,3.0119001475154237,38371741.0,False,False
UNII:B72HH48FLU,MONDO:0009759,3.043364939702606,32831758.0,False,False
CHEBI:17549,MONDO:0000141,3.024243509070765,36419326.0,False,False
CHEBI:229233,MONDO:0009759,3.0213182810237806,36921900.0,False,False
UNII:8L7891MRB6,MONDO:0000141,3.0447650584277857,32560172.0,False,False
UNII:4FR53SIF3A,MONDO:0009759,3.025054592733023,36276991.0,False,False
UNII:4A2Y23XK11,MONDO:0013582,3.0099287483814914,38628929.0,False,False
UMLS:C5557539,MONDO:0009759,3.0205152462780793,37056790.0,False,False
CHEBI:7478,MONDO:0000141,3.0232174552201094,36597557.0,False,False
CHEBI:7865,MONDO:0000141,3.0223935484935516,36739400.0,False,False
CHEBI:63599,MONDO:0009759,3.0437469673335076,32758020.0,False,False
UNII:4F4X42SYQ6,MONDO:0013582,3.0154004263600465,37870039.0,False,False
CHEBI:63605,MONDO:0009759,3.044903894665319,32533502.0,False,False
DRUGBANK:DB15699,MONDO:0009759,3.0103292568329216,38578420.0,False,False
CHEBI:229539,MONDO:0009759,3.0232279651756,36595686.0,False,False
CHEBI:135351,MONDO:0000141,3.041753764185801,33145790.0,False,False
CHEBI:63612,MONDO:0013582,3.015305824841443,37884370.0,False,False
UMLS:C4329337,MONDO:0000141,3.0151733833260574,37904323.0,False,False
CHEBI:135720,MONDO:0013582,3.0243122059892498,36407338.0,False,False
CHEBI:136040,MONDO:0000141,3.0439219058749907,32723861.0,False,False
CHEBI:64213,MONDO:0013582,3.0119432374759274,38365909.0,False,False
UNII:5Q6TZN2HNM,MONDO:0013582,3.0134057083982,38162447.0,False,False
CHEBI:229212,MONDO:0000141,3.0115258714376147,38421936.0,False,False
UNII:73SM5SF3OR,MONDO:0009759,3.0452928586547574,32457720.0,False,False
CHEBI:53760,MONDO:0013582,3.022886426372174,36654331.0,False,False
CHEBI:3183,MONDO:0013582,3.043284414090952,32847309.0,False,False
CHEBI:59750,MONDO:0009759,3.024702091050329,36339131.0,False,False
CHEBI:134677,MONDO:0009759,3.0234622861226517,36555333.0,False,False
CHEBI:135945,MONDO:0009759,3.021250129748263,36933449.0,False,False
CHEBI:50922,MONDO:0005212,3.0446979328152843,32573234.0,False,False
CHEBI:61080,MONDO:0009759,3.0124602649051777,38295322.0,False,False
UNII:6T8C155666,MONDO:0013582,3.010769578920743,38522178.0,False,False
CHEBI:4682,MONDO:0009759,3.015396032811026,37870718.0,False,False
CHEBI:15640,MONDO:0013582,3.0437541999977973,32756564.0,False,False
DRUGBANK:DB16746,MONDO:0009759,3.010556531809649,38549534.0,False,False
CHEBI:63635,MONDO:0013582,3.01188272806767,38374045.0,False,False
CHEBI:9555,MONDO:0013582,3.0245096365638173,36372782.0,False,False
CHEBI:136007,MONDO:0000141,3.0139358398461242,38086594.0,False,False
CHEBI:6076,MONDO:0013582,3.0242915189078916,36411009.0,False,False
CHEBI:145372,MONDO:0013582,3.013629467078032,38130575.0,False,False
UNII:SHA6U5FJZL,MONDO:0000141,3.0222734890797835,36760157.0,False,False
UMLS:C0006050,MONDO:0000141,3.041705004629933,33155318.0,False,False
UNII:T41737F88A,MONDO:0013582,3.014183096777913,38050623.0,False,False
CHEBI:231032,MONDO:0009759,3.0233349118695227,36577180.0,False,False
CHEBI:6794,MONDO:0005212,3.0447691569108217,32559422.0,False,False
CHEBI:135333,MONDO:0000141,3.0111098292945666,38477499.0,False,False
CHEBI:4724,MONDO:0013582,3.024738726886998,36332619.0,False,False
UNII:AD0O8X2QJR,MONDO:0000141,3.0122958258894394,38318058.0,False,False
UNII:KXG2PJ551I,MONDO:0000141,3.0126493793190288,38268902.0,False,False
CHEBI:6472,MONDO:0000141,3.014486759465953,38006272.0,False,False
UNII:PF8K38CG54,MONDO:0009759,3.0098043156542427,38644640.0,False,False
CHEBI:42068,MONDO:0013582,3.0238877326498503,36481384.0,False,False
UNII:6D848RA61B,MONDO:0009759,3.0454607400727434,32425416.0,False,False
UNII:2WU922TK3L,MONDO:0000141,3.022092246117448,36791016.0,False,False
DRUGBANK:DB17831,MONDO:0013582,3.0214911259417385,36892823.0,False,False
CHEBI:31905,MONDO:0000141,3.0218038940379177,36840110.0,False,False
CHEBI:52173,MONDO:0013582,3.02257373812084,36708454.0,False,False
CHEBI:135954,MONDO:0013582,3.0229812067433746,36638050.0,False,False
DRUGBANK:DB16791,MONDO:0009759,3.014921460454941,37941881.0,False,False
CHEBI:82721,MONDO:0013582,3.0129272700286545,38230056.0,False,False
CHEBI:167600,MONDO:0009759,3.009942977585329,38627163.0,False,False
UNII:3E3D8T1GIX,MONDO:0000141,3.0217277716729707,36852823.0,False,False
UNII:SHA6U5FJZL,MONDO:0009759,3.013498021889159,38149351.0,False,False
UNII:0T4IMT8S5Z,MONDO:0013582,3.042039832845987,33090024.0,False,False
CHEBI:195280,MONDO:0013582,3.041990351306383,33099634.0,False,False
CHEBI:61390,MONDO:0009759,3.0109226277058374,38501977.0,False,False
CHEBI:9421,MONDO:0013582,3.0205986609569058,37042923.0,False,False
CHEBI:27796,MONDO:0005212,3.0437829437678174,32750892.0,False,False
UNII:PP0SHH6V16,MONDO:0009759,3.0236373761680677,36524833.0,False,False
CHEBI:16480,MONDO:0009759,3.043698504267187,32767344.0,False,False
UNII:OU2YM37K86,MONDO:0009759,3.023636385381864,36524998.0,False,False
CHEBI:91083,MONDO:0013582,3.0242313553438294,36421485.0,False,False
CHEBI:4911,MONDO:0009759,3.0432161537461138,32860596.0,False,False
UNII:2WTV10SIKH,MONDO:0000141,3.042554947994597,32989196.0,False,False
CHEBI:134966,MONDO:0013582,3.021424843521617,36904027.0,False,False
CHEBI:84050,MONDO:0013582,3.0251376838593416,36262347.0,False,False
UNII:23OW28RS7P,MONDO:0013582,3.0097749569722794,38648316.0,False,False
CHEBI:76230,MONDO:0000141,3.015086425263214,37917349.0,False,False
CHEBI:145372,MONDO:0000141,3.0116186070678035,38409608.0,False,False
DRUGBANK:DB16199,MONDO:0009759,3.0096970054005174,38657934.0,False,False
UNII:07730V90L6,MONDO:0009759,3.012999895743027,38219829.0,False,False
CHEBI:26580,MONDO:0000141,3.010305490592615,38581452.0,False,False
CHEBI:33336,MONDO:0000141,3.0107932992063304,38519020.0,False,False
CHEBI:135957,MONDO:0009759,3.012710376700773,38260316.0,False,False
UMLS:C0937609,MONDO:0000141,3.024662263779302,36346121.0,False,False
PUBCHEM.COMPOUND:78383862,MONDO:0013582,3.021623322757371,36870520.0,False,False
CHEBI:3749,MONDO:0009759,3.0237103534145717,36512269.0,False,False
UNII:DEW6X41BEK,MONDO:0013582,3.0110824745941382,38481069.0,False,False
CHEBI:33336,MONDO:0013582,3.0239450334886024,36471433.0,False,False
UNII:DVF0PR037D,MONDO:0013582,3.010764273751616,38522864.0,False,False
UNII:A10SJL62JY,MONDO:0000141,3.0146339718974615,37984732.0,False,False
CHEBI:82866,MONDO:0009759,3.0159821413364685,37781616.0,False,False
CHEBI:176399,MONDO:0009759,3.0191240647152924,37285305.0,False,False
CHEBI:134700,MONDO:0000141,3.0174533238545367,37553093.0,False,False
CHEBI:6709,MONDO:0013582,3.0164128321963286,37715501.0,False,False
CHEBI:66901,MONDO:0000141,3.0195818240591668,37210943.0,False,False
CHEBI:75988,MONDO:0013582,3.0199206927866453,37155128.0,False,False
UNII:NWQ5N31VKK,MONDO:0000141,3.0185039068731596,37386004.0,False,False
CHEBI:36795,MONDO:0000141,3.098243782280809,22770625.0,False,False
CHEBI:31536,MONDO:0000141,3.0516025263228217,31230502.0,False,False
UNII:N19A0T0E5J,MONDO:0000141,3.053559242292235,30849150.0,False,False
CHEBI:64019,MONDO:0013582,3.0983910863274637,22746771.0,False,False
CHEBI:135010,MONDO:0013582,3.0526779771502826,31020360.0,False,False
CHEBI:9332,MONDO:0013582,3.1013483130798303,22270484.0,False,False
DRUGBANK:DB16410,MONDO:0009759,3.015525662240379,37851169.0,False,False
CHEBI:90933,MONDO:0013582,3.101021229879528,22322979.0,False,False
CHEBI:78543,MONDO:0009759,3.017236686999451,37587267.0,False,False
UNII:2HLC17MX9G,MONDO:0005212,3.0986166220997955,22710333.0,False,False
UNII:513P80B4YJ,MONDO:0009759,3.019148313044892,37281353.0,False,False
UNII:AVK0I6HY2U,MONDO:0006058,3.101633813502007,22224825.0,False,False
UNII:4Z63YK6E0E,MONDO:0009759,3.0190399078674837,37299330.0,False,False
CHEBI:53796,MONDO:0005212,3.05179615672062,31192765.0,False,False
CHEBI:136050,MONDO:0009759,3.019620476702489,37204504.0,False,False
CHEBI:31355,MONDO:0009759,3.0192133979452764,37270739.0,False,False
CHEBI:9468,MONDO:0009759,3.0498169558660075,31576617.0,False,False
UNII:7C00L34NB9,MONDO:0009759,3.05320004083487,30918920.0,False,False
CHEBI:70752,MONDO:0000141,3.0986802858920957,22699923.0,False,False
CHEBI:72305,MONDO:0009759,3.050514543541657,31441236.0,False,False
RXCUI:616538,MONDO:0005212,3.100030877404738,22481361.0,False,False
UNII:6A901E312A,MONDO:0013582,3.0160666382977706,37768578.0,False,False
CHEBI:229230,MONDO:0013582,3.0165865660557376,37688663.0,False,False
CHEBI:94563,MONDO:0005212,3.10205905041288,22157280.0,False,False
CHEBI:2914,MONDO:0000141,3.0176204170100824,37526764.0,False,False
UNII:3H8GSZ4SQL,MONDO:0000141,3.019193591471597,37273943.0,False,False
UNII:WTT295HSY5,MONDO:0009759,3.0182176926796553,37432023.0,False,False
CHEBI:8059,MONDO:0006058,3.0505866656421246,31427389.0,False,False
CHEBI:51032,MONDO:0005212,3.0518313908086365,31186022.0,False,False
CHEBI:50567,MONDO:0000141,3.101507534311475,22244978.0,False,False
CHEBI:43968,MONDO:0000141,3.0180689604270805,37455678.0,False,False
CHEBI:134783,MONDO:0006058,3.0534433116626447,30871667.0,False,False
CHEBI:41948,MONDO:0009759,3.019505916825631,37223473.0,False,False
CHEBI:27958,MONDO:0000141,3.018545291765726,37379357.0,False,False
CHEBI:64064,MONDO:0000141,3.1026544106797287,22062666.0,False,False
CHEBI:60773,MONDO:0013582,3.0499790495886154,31545019.0,False,False
CHEBI:6359,MONDO:0000141,3.017518922632247,37542766.0,False,False
CHEBI:133021,MONDO:0000141,3.0165304956465326,37697321.0,False,False
CHEBI:66899,MONDO:0009759,3.0202885609089187,37094449.0,False,False
CHEBI:575568,MONDO:0000141,3.0158835653621248,37796810.0,False,False
CHEBI:94449,MONDO:0000141,3.052495917363938,31055507.0,False,False
CHEBI:134745,MONDO:0009759,3.1005043452022525,22405427.0,False,False
CHEBI:32090,MONDO:0009759,3.052701050619417,31015852.0,False,False
CHEBI:6916,MONDO:0000141,3.0184912680841984,37388016.0,False,False
UNII:DE2O63YV8R,MONDO:0013582,3.0989427252567916,22657507.0,False,False
PUBCHEM.COMPOUND:5487427,MONDO:0000141,3.100670328415238,22378838.0,False,False
CHEBI:76612,MONDO:0013582,3.018850951296316,37330197.0,False,False
CHEBI:52139,MONDO:0009759,3.050690254882973,31407059.0,False,False
CHEBI:8654,MONDO:0013582,3.100982022541561,22329385.0,False,False
UNII:9R3D3Y0UHS,MONDO:0009759,3.01686558656321,37645417.0,False,False
UNII:07730V90L6,MONDO:0013582,3.019364127826914,37246492.0,False,False
UNII:S51J6N56M7,MONDO:0000141,3.0189612551025524,37312156.0,False,False
CHEBI:229236,MONDO:0013582,3.017594224937783,37530863.0,False,False
UNII:Z80293URPV,MONDO:0009759,3.0186588522317264,37361239.0,False,False
CHEBI:28901,MONDO:0009759,3.0497456902018056,31590466.0,False,False
CHEBI:132975,MONDO:0000141,3.0195643175693965,37213785.0,False,False
CHEBI:31498,MONDO:0009759,3.0165147138252957,37699775.0,False,False
CHEBI:32010,MONDO:0000141,3.0528391980742136,30988761.0,False,False
CHEBI:29007,MONDO:0009759,3.1023704737446156,22107676.0,False,False
CHEBI:3636,MONDO:0013582,3.0189203847079997,37318854.0,False,False
CHEBI:3547,MONDO:0013582,3.0509498296152886,31356802.0,False,False
PUBCHEM.COMPOUND:5284632,MONDO:0013582,3.0278336352602304,35778137.0,False,False
UNII:PF9462I9HX,MONDO:0000141,3.0049905326309245,39165347.0,False,False
CHEBI:63605,MONDO:0013582,3.0254584028674048,36205334.0,False,False
UNII:W4141180YD,MONDO:0013582,3.0032083090075155,39307168.0,False,False
CHEBI:31174,MONDO:0013582,3.00736966969324,38929247.0,False,False
CHEBI:136048,MONDO:0000141,3.0051024922413774,39155356.0,False,False
PUBCHEM.COMPOUND:5229907,MONDO:0009759,3.027672189383668,35807367.0,False,False
UNII:4SED7F4BSG,MONDO:0000141,3.0368973867445206,34082744.0,False,False
UNII:YK2K6N3ZVU,MONDO:0013582,3.0272555442900124,35882964.0,False,False
UNII:F925RR824R,MONDO:0013582,3.006337317738599,39037474.0,False,False
UNII:7D0YB67S97,MONDO:0009759,3.0064500525210103,39026032.0,False,False
CHEBI:135686,MONDO:0000141,3.0336741968659675,34695036.0,False,False
CHEBI:39585,MONDO:0000141,3.0252461341935035,36243136.0,False,False
UNII:FU77B4U5Z0,MONDO:0009759,3.0035668120408046,39281440.0,False,False
CHEBI:76612,MONDO:0009759,3.0345506865751433,34529533.0,False,False
CHEBI:229233,MONDO:0013582,3.0362177444953686,34212701.0,False,False
CHEBI:71204,MONDO:0013582,3.001827093167872,39390174.0,False,False
UNII:C3VX249T6L,MONDO:0013582,3.0032075474980293,39307219.0,False,False
UNII:A10SJL62JY,MONDO:0009759,3.0285419470079926,35649400.0,False,False
CHEBI:82718,MONDO:0013582,3.005514504533643,39117460.0,False,False
UMLS:C4547971,MONDO:0000141,3.008304695255058,38824423.0,False,False
CHEBI:71013,MONDO:0000141,3.035423116046846,34364031.0,False,False
CHEBI:453011,MONDO:0009759,3.0357786134227567,34296328.0,False,False
CHEBI:229213,MONDO:0013582,3.0352225455159,34402307.0,False,False
CHEBI:90942,MONDO:0009759,3.027357630235533,35864391.0,False,False
CHEBI:600520,MONDO:0013582,3.0059923453090276,39071709.0,False,False
UNII:03KSI6WLXH,MONDO:0013582,3.0010850397838316,39422108.0,False,False
UNII:8ZHS5657EH,MONDO:0000141,3.0091691616684892,38722580.0,False,False
CHEBI:36795,MONDO:0013582,3.0372456996303105,34015489.0,False,False
CHEBI:9288,MONDO:0013582,3.0287552353290215,35610316.0,False,False
CHEBI:3534,MONDO:0000141,3.0256951441526123,36163471.0,False,False
UMLS:C4764258,MONDO:0009759,3.0083926181515346,38814364.0,False,False
UNII:4EQZ6YO2HI,MONDO:0013582,3.026798075228169,35965702.0,False,False
CHEBI:71023,MONDO:0000141,3.0338445615955405,34662901.0,False,False
UNII:04NQ160FRU,MONDO:0013582,3.003817981895428,39262606.0,False,False
UNII:O880NM097T,MONDO:0009759,3.03359745648239,34709470.0,False,False
UMLS:C5557539,MONDO:0000141,3.005798481161896,39090583.0,False,False
UNII:8ZHS5657EH,MONDO:0013582,3.008104007280988,38847424.0,False,False
UMLS:C4684961,MONDO:0009759,3.003910436687079,39255431.0,False,False
UNII:Z7HVY03PHP,MONDO:0013582,3.0268899481024074,35949093.0,False,False
UNII:2HLC17MX9G,MONDO:0013582,3.0059008936631266,39080612.0,False,False
UNII:QX45B99R3J,MONDO:0013582,3.033467012972272,34734170.0,False,False
CHEBI:63589,MONDO:0000141,3.005607182683703,39108680.0,False,False
CHEBI:66913,MONDO:0000141,3.034160232953025,34603243.0,False,False
CHEBI:6729,MONDO:0013582,3.0093545285008965,38700055.0,False,False
RXCUI:379383,MONDO:0000141,3.0266098021828256,35999354.0,False,False
CHEBI:4754,MONDO:0013582,3.004447098972024,39212126.0,False,False
CHEBI:45373,MONDO:0013582,3.0283817601446046,35678550.0,False,False
CHEBI:79042,MONDO:0013582,3.0334347503572516,34740268.0,False,False
CHEBI:77776,MONDO:0013582,3.0335604767311226,34716431.0,False,False
UNII:1L7BVT4Z4Z,MONDO:0000141,3.0047781137840452,39184043.0,False,False
CHEBI:3403,MONDO:0009759,3.026616044730323,35998295.0,False,False
CHEBI:82718,MONDO:0009759,3.009351597578928,38700425.0,False,False
CHEBI:135939,MONDO:0009759,3.0351907585227638,34408439.0,False,False
CHEBI:8485,MONDO:0000141,3.007328976466618,38933634.0,False,False
UNII:2P6O7CFW5K,MONDO:0013582,3.033512778852195,34725542.0,False,False
UNII:AIW6036FAS,MONDO:0013582,3.0086295512240833,38786776.0,False,False
UNII:LT369U66CE,MONDO:0009759,3.0087896838671226,38768010.0,False,False
CHEBI:71028,MONDO:0009759,3.035809349747926,34290494.0,False,False
CHEBI:229661,MONDO:0009759,3.035256643281267,34395737.0,False,False
CHEBI:4639,MONDO:0013582,3.0276327700415138,35814620.0,False,False
CHEBI:229649,MONDO:0000141,3.009308332594923,38705730.0,False,False
CHEBI:499361,MONDO:0000141,3.0273795698333483,35860444.0,False,False
UNII:0JJ21K6L2I,MONDO:0000141,3.009000023016556,38742934.0,False,False
UNII:939U7C91AI,MONDO:0000141,3.0091361674083394,38726608.0,False,False
CHEBI:9123,MONDO:0000141,3.034692796006207,34502602.0,False,False
UNII:QEN1X95CIX,MONDO:0013582,3.0069320155055745,38975997.0,False,False
CHEBI:178199,MONDO:0013582,3.0051729646528154,39149033.0,False,False
UNII:681K1JDI8M,MONDO:0009759,3.027620023264939,35816905.0,False,False
CHEBI:29105,MONDO:0013582,3.008219336598284,38834320.0,False,False
CHEBI:4682,MONDO:0000141,3.0045738827648063,39201504.0,False,False
DRUGBANK:DB16738,MONDO:0013582,3.0050592283552566,39159222.0,False,False
CHEBI:136034,MONDO:0013582,3.009091052892323,38732061.0,False,False
CHEBI:71941,MONDO:0013582,3.0356791422198937,34315150.0,False,False
CHEMBL.COMPOUND:CHEMBL2108558,MONDO:0009759,3.035492657434352,34350898.0,False,False
CHEBI:7454,MONDO:0013582,3.0268135201300135,35962946.0,False,False
CHEBI:31625,MONDO:0009759,3.034240572054396,34587986.0,False,False
UNII:VRN8S9CW5V,MONDO:0013582,3.0253751151210926,36220225.0,False,False
PUBCHEM.COMPOUND:21121097,MONDO:0009759,3.0262658041599138,36061368.0,False,False
UNII:UMD07X179E,MONDO:0013582,3.0015826710889835,39401745.0,False,False
CHEBI:135948,MONDO:0009759,3.0360555221659253,34243701.0,False,False
CHEBI:50169,MONDO:0000141,3.0369249917128043,34077490.0,False,False
CHEBI:135949,MONDO:0009759,3.035729025833303,34305733.0,False,False
UNII:PUE0TO3XDR,MONDO:0000141,3.0338548701898445,34661011.0,False,False
UNII:09495UIM6V,MONDO:0009759,3.0259465647828057,36118307.0,False,False
CHEBI:72305,MONDO:0000141,3.0364426112748024,34169649.0,False,False
CHEBI:91407,MONDO:0013582,3.036111440991056,34233085.0,False,False
CHEBI:5864,MONDO:0013582,3.037441354943878,33978188.0,False,False
CHEBI:35149,MONDO:0000141,3.0035799359658917,39280480.0,False,False
UNII:52CMI0WC3Y,MONDO:0009759,3.005974486747435,39073439.0,False,False
CHEBI:75283,MONDO:0000141,3.026724562361143,35978950.0,False,False
CHEBI:135934,MONDO:0009759,3.027256653477356,35882763.0,False,False
CHEBI:8694,MONDO:0013582,3.0030707495176943,39316444.0,False,False
UNII:7IK8Z952OK,MONDO:0005212,3.0287573593501995,35609931.0,False,False
UNII:7XZ4062R17,MONDO:0009759,3.0095700412107327,38673688.0,False,False
CHEBI:3638,MONDO:0006058,3.6191980258701832,553121.0,False,False
CHEBI:135919,MONDO:0006058,3.597829498240054,638052.0,False,False
CHEBI:176844,MONDO:0005212,3.4660677450342514,1568825.0,False,False
CHEBI:135945,MONDO:0005212,3.754995916614357,221772.0,False,False
CHEBI:78543,MONDO:0006058,3.6576022017880745,427824.0,False,False
PUBCHEM.COMPOUND:92043599,MONDO:0006058,3.6265865904554637,526360.0,False,False
CHEBI:63605,MONDO:0006058,3.672999396256931,385768.0,False,False
CHEBI:6801,MONDO:0006058,3.5518183452715713,870488.0,False,False
CHEBI:15367,MONDO:0005212,3.7136358976815984,293551.0,False,False
CHEBI:50885,MONDO:0006058,3.6293595834169468,516622.0,False,False
CHEBI:32020,MONDO:0006058,3.4967208780131527,1268581.0,False,False
UNII:4Q52C550XK,MONDO:0006058,3.480078273551042,1423759.0,False,False
CHEBI:6520,MONDO:0005212,3.8285848417032646,135640.0,False,False
DRUGBANK:DB13915,MONDO:0005212,3.503669656769227,1209209.0,False,False
UNII:7D96IR0PPM,MONDO:0006058,3.7509421534272382,227980.0,False,False
CHEBI:41774,MONDO:0006058,3.7881824854392105,177547.0,False,False
UNII:B72HH48FLU,MONDO:0005212,3.6247442350598633,532804.0,False,False
CHEBI:5109,MONDO:0005212,3.591542195828765,665598.0,False,False
UNII:M89N0Q7EQR,MONDO:0006058,3.8796887487529297,96246.0,False,False
CHEBI:41948,MONDO:0006058,3.532422911044251,993412.0,False,False
CHEBI:27436,MONDO:0006058,3.465443636164003,1575592.0,False,False
CHEBI:9334,MONDO:0006058,3.467142664722821,1557368.0,False,False
CHEBI:41879,MONDO:0006058,3.8521750436880087,115658.0,False,False
CHEBI:4786,MONDO:0006058,3.4704340182114453,1522501.0,False,False
CHEBI:31348,MONDO:0006058,3.842786868638443,123249.0,False,False
CHEBI:60761,MONDO:0005212,3.733899630066254,256412.0,False,False
CHEBI:28680,MONDO:0005212,4.148092745476826,16356.0,False,False
UNII:7XL5ISS668,MONDO:0005212,3.520914624728905,1074484.0,False,False
CHEBI:2208,MONDO:0006058,3.688536290244769,347594.0,False,False
CHEBI:7986,MONDO:0006058,3.6206587325170823,547762.0,False,False
CHEBI:63599,MONDO:0005212,3.743326918560813,240393.0,False,False
CHEBI:70708,MONDO:0005212,3.4754714550838957,1470178.0,False,False
CHEBI:6413,MONDO:0005212,3.5357471172408514,971121.0,False,False
CHEBI:17347,MONDO:0006058,3.639662481680907,482258.0,False,False
CHEBI:28901,MONDO:0005212,3.844296684280016,122005.0,False,False
CHEBI:27834,MONDO:0005212,3.687503436470864,349926.0,False,False
CHEBI:135905,MONDO:0006058,3.5269535481374055,1031259.0,False,False
CHEBI:90851,MONDO:0006058,3.4840653958972894,1384762.0,False,False
CHEBI:135515,MONDO:0005212,3.7840937050522347,182482.0,False,False
CHEBI:9570,MONDO:0005212,4.045113892267491,32211.0,False,False
UNII:K16AIQ8CTM,MONDO:0006058,3.5909284694185795,668297.0,False,False
CHEBI:63616,MONDO:0005212,3.8479451657892123,118989.0,False,False
CHEBI:231702,MONDO:0006058,3.484788566019187,1377897.0,False,False
DRUGBANK:DB00086,MONDO:0000141,3.031829054726056,35041825.0,False,False
CHEBI:55346,MONDO:0000141,3.030739566254407,35244408.0,False,False
UNII:O43472U9X8,MONDO:0006058,3.411582553493625,2296541.0,False,False
DRUGBANK:DB16582,MONDO:0009759,3.0307514831912976,35242179.0,False,False
DRUGBANK:DB17831,MONDO:0006058,3.335644120040872,3950538.0,False,False
CHEBI:28077,MONDO:0005212,3.4185929963263644,2185607.0,False,False
CHEBI:82960,MONDO:0000141,3.0315889425898277,35086579.0,False,False
UNII:9X7O8V25IT,MONDO:0006058,3.424228638850329,2100663.0,False,False
UNII:S4M959U2IJ,MONDO:0006058,3.346157459157053,3661613.0,False,False
DRUGBANK:DB18728,MONDO:0006058,3.424899353846345,2090686.0,False,False
CHEBI:2948,MONDO:0006058,3.446453475868596,1798135.0,False,False
CHEBI:64356,MONDO:0005212,3.3385757964714555,3867561.0,False,False
UMLS:C0006050,MONDO:0013582,3.032283772140486,34957249.0,False,False
UNII:LR3UXN0193,MONDO:0006058,3.3420381133143406,3772079.0,False,False
UNII:4T36H88UA7,MONDO:0000141,3.427525914289223,2052345.0,False,False
CHEBI:175901,MONDO:0013582,3.0316302946181093,35078948.0,False,False
PUBCHEM.COMPOUND:11979316,MONDO:0006058,3.4235249538852486,2110996.0,False,False
CHEBI:4974,MONDO:0013582,3.031597775911299,35084943.0,False,False
CHEBI:8772,MONDO:0006058,3.4291724273961925,2028756.0,False,False
UNII:5M691HL4BO,MONDO:0013582,3.0322773463386956,34958497.0,False,False
CHEBI:231350,MONDO:0005212,3.3547458821006755,3441899.0,False,False
UNII:DE2O63YV8R,MONDO:0006058,3.438495095251608,1900495.0,False,False
UNII:SMA5ZS5B22,MONDO:0009759,3.0331285032748476,34798033.0,False,False
UNII:07730V90L6,MONDO:0006058,3.345249720200642,3685753.0,False,False
CHEBI:63622,MONDO:0013582,3.4339745169021336,1961344.0,False,False
CHEBI:167450,MONDO:0005212,3.3321998289111328,4050247.0,False,False
CHEBI:45081,MONDO:0005212,3.3397301895027804,3835275.0,False,False
UNII:2P6O7CFW5K,MONDO:0009759,3.031450434893032,35112411.0,False,False
CHEBI:63607,MONDO:0006058,3.4258157433869707,2077246.0,False,False
UNII:7K5O7P6QIU,MONDO:0006058,3.4344996176465292,1954270.0,False,False
CHEBI:94759,MONDO:0009759,3.0296680994907965,35442373.0,False,False
RXCUI:866851,MONDO:0006058,3.0324688344639403,34922304.0,False,False
CHEBI:6931,MONDO:0013582,3.0314461379517557,35113252.0,False,False
CHEBI:173077,MONDO:0005212,3.4292425839970004,2027753.0,False,False
PUBCHEM.COMPOUND:139399801,MONDO:0013582,3.031955383075739,35018029.0,False,False
DRUGBANK:DB13881,MONDO:0013582,3.033171432355681,34789930.0,False,False
CHEBI:45304,MONDO:0005212,3.353391427946063,3475278.0,False,False
CHEBI:8346,MONDO:0005212,3.361984658701388,3268039.0,False,False
CHEBI:90863,MONDO:0005212,3.429710967666773,2020898.0,False,False
CHEBI:85990,MONDO:0006058,3.4382648635075572,1903586.0,False,False
CHEBI:72690,MONDO:0006058,3.4263178936178593,2069969.0,False,False
CHEBI:3749,MONDO:0005212,3.4120104176974544,2289618.0,False,False
CHEBI:5384,MONDO:0006058,3.3345980044891737,3980343.0,False,False
UNII:9XW757O13D,MONDO:0005212,3.332957197578039,4028185.0,False,False
DRUGBANK:DB16257,MONDO:0009759,3.0309964595946157,35196697.0,False,False
CHEBI:135962,MONDO:0000141,3.0320597254222674,34998879.0,False,False
CHEBI:3013,MONDO:0009759,3.4306498769087703,2007619.0,False,False
CHEBI:27902,MONDO:0005212,3.452966648667191,1718594.0,False,False
UNII:LIA7Z4002P,MONDO:0000141,3.0328281257828307,34854427.0,False,False
CHEBI:17439,MONDO:0005212,3.438253996021589,1903743.0,False,False
CHEBI:134689,MONDO:0005212,3.4266523937354387,2065153.0,False,False
CHEBI:6359,MONDO:0013582,3.0296627948621513,35443322.0,False,False
UNII:X05U0N2RCO,MONDO:0006058,3.356647940973084,3395263.0,False,False
CHEBI:76607,MONDO:0013582,3.032711656956552,34876487.0,False,False
UNII:37CQ2C7X93,MONDO:0013582,3.033035062031014,34815727.0,False,False
CHEBI:33336,MONDO:0009759,3.0317566426578724,35055313.0,False,False
CHEBI:35045,MONDO:0009759,3.03182109406285,35043287.0,False,False
CHEBI:691037,MONDO:0005212,3.439566760952534,1886278.0,False,False
UMLS:C4287766,MONDO:0005212,3.412572230157843,2280606.0,False,False
CHEBI:3611,MONDO:0009759,3.3334838477838913,4012685.0,False,False
UNII:00Y6A5AJU6,MONDO:0000141,3.030488251698138,35290914.0,False,False
CHEBI:16828,MONDO:0013582,3.031673608373543,35070909.0,False,False
UNII:2N4O9L084N,MONDO:0009759,3.0329990718236655,34822461.0,False,False
UNII:CEGM9YBNGD,MONDO:0013582,3.0300752203443984,35367136.0,False,False
RXCUI:866851,MONDO:0013582,3.0301839642110044,35347161.0,False,False
UNII:5G1WE425BI,MONDO:0013582,3.030162663008387,35351092.0,False,False
CHEBI:72690,MONDO:0009759,3.0296121412271386,35452612.0,False,False
CHEBI:32243,MONDO:0006058,3.3357428974462864,3947728.0,False,False
CHEBI:4392,MONDO:0009759,3.0320088969209635,35008239.0,False,False
UNII:LDJ89SS0YG,MONDO:0005212,3.338930523082568,3857715.0,False,False
UNII:Z633861EIM,MONDO:0009759,3.030643175300491,35262211.0,False,False
CHEBI:63633,MONDO:0006058,3.3503310903249717,3553118.0,False,False
CHEBI:27666,MONDO:0005212,,,True,
UNII:PF8K38CG54,MONDO:0005212,3.3600605619976593,3313464.0,False,False
CHEBI:145372,MONDO:0006058,3.340029666918851,3827060.0,False,False
CHEBI:4325,MONDO:0005212,3.3494399091123115,3576140.0,False,False
UNII:L1Q2K5JYO8,MONDO:0005212,3.443858730179533,1830975.0,False,False
CHEBI:135919,MONDO:0013582,3.3573183516995893,3379002.0,False,False
CHEBI:4708,MONDO:0005212,3.2503706240323664,7376359.0,False,False
CHEBI:109549,MONDO:0000141,3.1138084320651966,20354548.0,False,False
CHEBI:16586,MONDO:0009759,3.116116610177567,20014995.0,False,False
UNII:9927MT646M,MONDO:0005212,3.235321666755517,8247259.0,False,False
UNII:54534MX6Z9,MONDO:0006058,3.234317436666909,8308734.0,False,False
CHEBI:28915,MONDO:0005212,3.239434364882388,7999281.0,False,False
CHEBI:38545,MONDO:0006058,3.2347167752673647,8284276.0,False,False
PUBCHEM.COMPOUND:5487427,MONDO:0006058,3.2447744607822853,7688258.0,False,False
CHEBI:253342,MONDO:0006058,3.1134488063688206,20407611.0,False,False
CHEBI:31199,MONDO:0000141,3.1157817189499513,20063959.0,False,False
CHEBI:3216,MONDO:0006058,3.114987150837701,20180419.0,False,False
DRUGBANK:DB16791,MONDO:0005212,3.227769750687446,8723043.0,False,False
UNII:Y64GQ0KC0A,MONDO:0005212,3.233802440854742,8340538.0,False,False
CHEBI:46345,MONDO:0000141,3.241075737667377,7902062.0,False,False
CHEBI:31687,MONDO:0009759,3.114518352509017,20249314.0,False,False
UNII:2S9ZZM9Q9V,MONDO:0000141,3.238275979569133,8068423.0,False,False
UNII:9RV78Q2002,MONDO:0000141,3.1163646620187615,19979100.0,False,False
CHEBI:167309,MONDO:0005212,3.2466011344713497,7584915.0,False,False
CHEBI:6690,MONDO:0005212,3.116137422247248,20011913.0,False,False
UNII:CEGM9YBNGD,MONDO:0006058,3.2389292709407926,8029381.0,False,False
CHEBI:94686,MONDO:0000141,3.1177452997806716,19778863.0,False,False
CHEBI:142290,MONDO:0013582,3.114356416250791,20273101.0,False,False
UNII:25E79B5CTM,MONDO:0005212,3.2319472314289897,8455976.0,False,False
UNII:PX9FTM69BF,MONDO:0005212,3.2458666550915205,7626355.0,False,False
CHEBI:8382,MONDO:0000141,3.244512420536066,7703095.0,False,False
CHEBI:194135,MONDO:0009759,3.115983751443512,20034220.0,False,False
CHEBI:18385,MONDO:0006058,3.242869310002196,7797370.0,False,False
CHEBI:40279,MONDO:0013582,3.1152924343168635,20135599.0,False,False
CHEBI:7566,MONDO:0006058,3.2354843968701537,8237396.0,False,False
CHEBI:4453,MONDO:0005212,3.2272399318109217,8757920.0,False,False
CHEBI:50275,MONDO:0005212,3.2390960140112175,8019440.0,False,False
CHEBI:145372,MONDO:0005212,3.24534965949214,7655625.0,False,False
CHEBI:135920,MONDO:0006058,3.11657344425902,19948765.0,False,False
CHEBI:6062,MONDO:0009759,3.1135848544856595,20387535.0,False,False
CHEBI:17263,MONDO:0013582,3.1140352639656426,20321022.0,False,False
CHEBI:50673,MONDO:0005212,3.248393240297238,7484792.0,False,False
CHEBI:6797,MONDO:0005212,3.230978161691953,8517130.0,False,False
CHEBI:47657,MONDO:0013582,3.1170214231409066,19883885.0,False,False
UNII:12PYH0FTU9,MONDO:0005212,3.2423577790988967,7827021.0,False,False
CHEBI:31597,MONDO:0005212,3.1165833369487936,19947349.0,False,False
CHEBI:77181,MONDO:0006058,3.1147693593912376,20212470.0,False,False
CHEBI:9445,MONDO:0006058,3.2524940598510703,7261135.0,False,False
CHEBI:94187,MONDO:0006058,3.252347854700069,7268959.0,False,False
UNII:F64QU97QCR,MONDO:0005212,3.251639351698668,7307339.0,False,False
CHEBI:127342,MONDO:0013582,3.115920136585146,20043634.0,False,False
CHEBI:140427,MONDO:0006058,3.2521483327607568,7279815.0,False,False
CHEBI:16714,MONDO:0005212,3.11389589503392,20341472.0,False,False
CHEBI:521033,MONDO:0006058,3.2324280505514347,8426080.0,False,False
CHEBI:71019,MONDO:0006058,3.2394139944876184,8000504.0,False,False
CHEBI:63608,MONDO:0006058,3.249747988698037,7410316.0,False,False
CHEBI:32293,MONDO:0005212,3.2286974418270282,8662967.0,False,False
CHEBI:10100,MONDO:0009759,3.116887076907747,19903338.0,False,False
CHEBI:42355,MONDO:0009759,3.1175047351090495,19813628.0,False,False
CHEBI:4975,MONDO:0009759,3.1162768605508115,19991773.0,False,False
CHEBI:5893,MONDO:0009759,3.2352164857902506,8253644.0,False,False
CHEBI:8499,MONDO:0005212,3.228714448636203,8661828.0,False,False
CHEBI:7907,MONDO:0006058,3.116942003320891,19895406.0,False,False
CHEBI:71940,MONDO:0009759,3.1175088343397723,19813009.0,False,False
CHEBI:68554,MONDO:0000141,3.113136570409072,20454026.0,False,False
CHEBI:32221,MONDO:0005212,3.104243327353135,21812181.0,False,False
CHEBI:4031,MONDO:0000141,3.167216034237315,13709856.0,False,False
CHEBI:93635,MONDO:0009759,3.1034682296336147,21934398.0,False,False
CHEBI:32223,MONDO:0000141,3.105412659314608,21629166.0,False,False
CHEBI:50861,MONDO:0005212,3.104433797652824,21782056.0,False,False
CHEBI:2666,MONDO:0006058,3.1638106706414666,14062733.0,False,False
CHEBI:3309,MONDO:0000141,3.0784990054173833,26156311.0,False,False
UNII:LYO9XZ250J,MONDO:0005212,3.0753644503080935,26724478.0,False,False
CHEBI:50848,MONDO:0000141,3.106849908363592,21406414.0,False,False
UMLS:C0937609,MONDO:0013582,3.1664035343455006,13793146.0,False,False
UNII:ODJ69JZG85,MONDO:0005212,3.10283762476626,22033606.0,False,False
CHEBI:77733,MONDO:0000141,3.106853500535017,21405828.0,False,False
CHEBI:9588,MONDO:0000141,3.0754245287109976,26713418.0,False,False
CHEBI:28689,MONDO:0000141,3.166777499220238,13754764.0,False,False
CHEBI:44915,MONDO:0013582,3.077353523709778,26362706.0,False,False
CHEBI:8665,MONDO:0005212,3.078637560315764,26131322.0,False,False
UNII:6D848RA61B,MONDO:0005212,3.0793744557082157,25999632.0,False,False
CHEBI:231594,MONDO:0013582,3.169288709716588,13499500.0,False,False
DRUGBANK:DB00055,MONDO:0013582,3.077068681767939,26414622.0,False,False
CHEBI:6504,MONDO:0000141,3.1621819133557887,14235169.0,False,False
CHEBI:453011,MONDO:0000141,3.1063670358575606,21481050.0,False,False
CHEBI:63632,MONDO:0000141,3.163673229416647,14077059.0,False,False
CHEBI:6375,MONDO:0005212,3.166418076152838,13791705.0,False,False
CHEBI:135530,MONDO:0006058,3.107338883619332,21330726.0,False,False
CHEBI:7573,MONDO:0009759,3.106225010428792,21503064.0,False,False
CHEBI:3207,MONDO:0009759,3.1672199544765345,13709465.0,False,False
CHEBI:228302,MONDO:0009759,3.1052728715036606,21650713.0,False,False
CHEBI:51368,MONDO:0009759,3.077078171321858,26412946.0,False,False
CHEBI:9352,MONDO:0009759,3.1644957324094705,13990993.0,False,False
CHEMBL.COMPOUND:CHEMBL2108558,MONDO:0005212,3.0791697767885156,26036020.0,False,False
CHEBI:82699,MONDO:0009759,3.1068991900927156,21398763.0,False,False
CHEBI:9468,MONDO:0006058,3.1072554756023614,21343713.0,False,False
CHEBI:27470,MONDO:0013582,3.165797094819231,13855689.0,False,False
CHEBI:8346,MONDO:0000141,3.0769943148188466,26428020.0,False,False
CHEBI:5138,MONDO:0009759,3.1058561461928353,21560463.0,False,False
UNII:NQX9KB6PCL,MONDO:0013582,3.167163312920193,13715186.0,False,False
CHEBI:27899,MONDO:0013582,3.0774191080837126,26350701.0,False,False
CHEBI:8093,MONDO:0013582,3.1646835720086743,13971278.0,False,False
CHEBI:5002,MONDO:0000141,3.105931993237683,21548545.0,False,False
CHEBI:36560,MONDO:0009759,3.0775917843205383,26319438.0,False,False
CHEBI:172944,MONDO:0006058,3.1667024071146135,13762489.0,False,False
UMLS:C2827697,MONDO:0000141,3.0788404564020873,26094831.0,False,False
CHEBI:136046,MONDO:0005212,3.107484042923071,21308368.0,False,False
UNII:5G7AKV2MKP,MONDO:0009759,3.0779912627134856,26247469.0,False,False
CHEBI:16347,MONDO:0009759,3.1649659328705266,13942082.0,False,False
PUBCHEM.COMPOUND:139399801,MONDO:0005212,3.105818332564793,21566196.0,False,False
CHEBI:71223,MONDO:0006058,3.3979085415666432,2529484.0,False,False
UNII:L76T0ZCA8K,MONDO:0013582,3.1441266647326396,16285008.0,False,False
PUBCHEM.COMPOUND:11980076,MONDO:0006058,3.27463502305248,6165411.0,False,False
UNII:3H8GSZ4SQL,MONDO:0005212,3.1461797151126225,16039167.0,False,False
CHEBI:32221,MONDO:0006058,3.1469586195994728,15946270.0,False,False
CHEBI:100241,MONDO:0005212,3.2704346898727743,6359355.0,False,False
UNII:4T36H88UA7,MONDO:0009759,3.3763870432907632,2947716.0,False,False
CHEBI:132233,MONDO:0006058,3.1447047362045337,16215380.0,False,False
UNII:2372V1TKXK,MONDO:0006058,3.374362332269658,2990752.0,False,False
UNII:2P471X1Z11,MONDO:0005212,3.400200884269558,2488874.0,False,False
PUBCHEM.COMPOUND:54671203,MONDO:0006058,3.4002475821441314,2488049.0,False,False
CHEBI:6706,MONDO:0006058,3.14332177426287,16382401.0,False,False
UNII:P76B05O5V6,MONDO:0006058,3.379721626614586,2878295.0,False,False
CHEBI:7009,MONDO:0006058,3.281511975022333,5861524.0,False,False
CHEBI:3757,MONDO:0006058,3.3831780581299196,2808218.0,False,False
CHEBI:3547,MONDO:0005212,3.2802993246052723,5914147.0,False,False
CHEBI:133017,MONDO:0006058,3.1465356304475818,15996673.0,False,False
CHEBI:52172,MONDO:0005212,3.3789607238898807,2893852.0,False,False
CHEBI:46557,MONDO:0000141,3.271218155106393,6322789.0,False,False
CHEBI:7872,MONDO:0006058,3.385434896541019,2763537.0,False,False
CHEBI:6121,MONDO:0005212,3.3909919934043304,2656340.0,False,False
CHEBI:41879,MONDO:0009759,3.141693494150246,16581577.0,False,False
UNII:TG8IQ19NG2,MONDO:0006058,3.386589100540366,2740819.0,False,False
CHEBI:61049,MONDO:0006058,3.3959771583809166,2564288.0,False,False
UNII:9XW757O13D,MONDO:0006058,3.378278675040843,2908055.0,False,False
CHEBI:7823,MONDO:0006058,3.1422641884785225,16511084.0,False,False
CHEBI:28787,MONDO:0013582,3.382366911671319,2824474.0,False,False
CHEBI:2379,MONDO:0006058,3.1467507150262337,15970916.0,False,False
CHEBI:76018,MONDO:0009759,3.144498957591094,16240151.0,False,False
CHEBI:4875,MONDO:0000141,3.146070342410688,16051870.0,False,False
UNII:U59UGK3IPC,MONDO:0006058,3.396085460458773,2562292.0,False,False
CHEBI:8378,MONDO:0009759,3.146741903165734,15971983.0,False,False
CHEBI:3814,MONDO:0006058,3.3841664314152533,2788606.0,False,False
CHEBI:3996,MONDO:0000141,3.1467894526054443,15966382.0,False,False
CHEBI:2611,MONDO:0006058,3.144606317405719,16227216.0,False,False
CHEBI:9649,MONDO:0006058,3.2747859340016587,6158583.0,False,False
CHEBI:2922,MONDO:0006058,3.381662349870834,2838752.0,False,False
PUBCHEM.COMPOUND:122173801,MONDO:0006058,3.3891277737492977,2691634.0,False,False
RXCUI:1157354,MONDO:0006058,3.284987457900516,5713477.0,False,False
CHEBI:94686,MONDO:0005212,3.1449730048740667,16183192.0,False,False
CHEBI:4325,MONDO:0006058,3.1462984210956684,16024967.0,False,False
UNII:L76T0ZCA8K,MONDO:0005212,3.4003543775169343,2486069.0,False,False
UNII:PP0SHH6V16,MONDO:0006058,3.280907466713791,5887764.0,False,False
CHEBI:131169,MONDO:0006058,3.3877535423988556,2718111.0,False,False
CHEBI:16664,MONDO:0013582,3.1473478777606627,15900222.0,False,False
CHEBI:61049,MONDO:0005212,3.3723210551652905,3034578.0,False,False
CHEBI:50567,MONDO:0005212,3.2759732087435687,6104849.0,False,False
CHEBI:17141,MONDO:0006058,3.2759966853317932,6103828.0,False,False
CHEBI:7907,MONDO:0005212,3.1434403060001337,16368083.0,False,False
UNII:F60NE4XB53,MONDO:0006058,3.4009532006966685,2475540.0,False,False
UNII:7NL2E3F6K3,MONDO:0005212,3.2724308793347907,6266486.0,False,False
CHEBI:291902,MONDO:0006058,3.3817594423513593,2836764.0,False,False
CHEBI:32016,MONDO:0006058,3.3712587777636847,3057714.0,False,False
UNII:FU77B4U5Z0,MONDO:0006058,3.279566648824342,5945924.0,False,False
UNII:4Z63YK6E0E,MONDO:0005212,3.392505164235783,2627667.0,False,False
CHEBI:231425,MONDO:0006058,3.377694654567992,2920248.0,False,False
CHEBI:4653,MONDO:0000141,3.112508425370377,20547279.0,False,False
CHEBI:5551,MONDO:0013582,3.1123369067253828,20572822.0,False,False
CHEBI:4814,MONDO:0009759,3.1264594399873222,18556809.0,False,False
CHEBI:3240,MONDO:0006058,3.11176344414878,20658706.0,False,False
CHEBI:9449,MONDO:0005212,3.1242032106779627,18866547.0,False,False
CHEBI:94449,MONDO:0013582,3.065102911057194,28632308.0,False,False
CHEBI:7903,MONDO:0013582,3.1251092105914036,18741436.0,False,False
CHEBI:391960,MONDO:0005212,3.129047372586022,18207186.0,False,False
CHEBI:140427,MONDO:0009759,3.0637237746023356,28893524.0,False,False
CHEBI:291342,MONDO:0013582,3.129374128612114,18163557.0,False,False
UNII:5QS67N4551,MONDO:0005212,3.1289469236560015,18220577.0,False,False
CHEBI:47612,MONDO:0005212,3.124836635597874,18778835.0,False,False
CHEBI:229659,MONDO:0013582,3.064663627588314,28715436.0,False,False
CHEBI:142773,MONDO:0000141,3.062637923429136,29100086.0,False,False
CHEBI:133011,MONDO:0000141,3.1244904947302636,18826746.0,False,False
CHEMBL.COMPOUND:CHEMBL1256744,MONDO:0009759,3.109345355473507,21024535.0,False,False
CHEBI:51209,MONDO:0000141,3.1105891970288875,20835506.0,False,False
CHEBI:681850,MONDO:0009759,3.1243114464168382,18851405.0,False,False
CHEBI:101085,MONDO:0005212,3.1123461366763596,20571468.0,False,False
CHEBI:72317,MONDO:0009759,3.128753121274161,18246435.0,False,False
CHEBI:48390,MONDO:0013582,3.128996467501885,18213995.0,False,False
CHEBI:92609,MONDO:0006058,3.1239754581832484,18898094.0,False,False
CHEBI:72297,MONDO:0005212,3.1292040633601435,18186136.0,False,False
CHEBI:132233,MONDO:0005212,3.066166192556362,28431749.0,False,False
UNII:2P471X1Z11,MONDO:0006058,3.1277584742490405,18380485.0,False,False
CHEBI:31184,MONDO:0000141,3.1281749979969713,18324121.0,False,False
UMLS:C4684961,MONDO:0006058,3.1292221103836995,18183758.0,False,False
CHEBI:188719,MONDO:0005212,3.065859740585976,28489500.0,False,False
CHEBI:18385,MONDO:0013582,3.110880986425359,20791944.0,False,False
UNII:0T4IMT8S5Z,MONDO:0005212,3.112811046181636,20502319.0,False,False
CHEBI:71415,MONDO:0000141,3.0624518300481363,29135616.0,False,False
UMLS:C5557539,MONDO:0005212,3.065784835525856,28503621.0,False,False
CHEBI:76230,MONDO:0005212,3.1090421231575522,21070557.0,False,False
CHEBI:3892,MONDO:0009759,3.1119319247292108,20633438.0,False,False
UNII:S866O45PIG,MONDO:0006058,3.1123158054079036,20576027.0,False,False
UNII:5Z9SP3X666,MONDO:0006058,3.1265996074168694,18537927.0,False,False
CHEBI:10127,MONDO:0013582,3.1269420976124973,18491360.0,False,False
CHEBI:134726,MONDO:0013582,3.0645485181665153,28737038.0,False,False
CHEBI:45924,MONDO:0005212,3.12927740287521,18176264.0,False,False
UMLS:C0042971,MONDO:0009759,3.0638306684806635,28873259.0,False,False
CHEBI:170007,MONDO:0005212,3.1271683293412904,18460729.0,False,False
CHEBI:31859,MONDO:0000141,3.1293245897401327,18170101.0,False,False
CHEBI:4910,MONDO:0009759,3.124091046609527,18882042.0,False,False
CHEBI:36795,MONDO:0009759,3.1260240129016674,18616276.0,False,False
PUBCHEM.COMPOUND:92043599,MONDO:0009759,3.1242127712386756,18865240.0,False,False
CHEBI:7451,MONDO:0005212,3.1124907569925884,20549897.0,False,False
CHEBI:85662,MONDO:0000141,3.1122789642729147,20581509.0,False,False
PUBCHEM.COMPOUND:11980076,MONDO:0009759,3.06389262038537,28861463.0,False,False
CHEBI:63631,MONDO:0009759,3.2652966868883797,6605262.0,False,False
CHEBI:75283,MONDO:0006058,3.2640365935064732,6667160.0,False,False
CHEBI:3084,MONDO:0006058,3.206435209765562,10228750.0,False,False
CHEBI:45285,MONDO:0005212,3.2695737660583397,6399793.0,False,False
CHEBI:8863,MONDO:0005212,3.2677254482973943,6487458.0,False,False
CHEBI:5296,MONDO:0013582,3.12215189200285,19151547.0,False,False
CHEBI:33336,MONDO:0005212,3.207738273569622,10129541.0,False,False
CHEBI:85083,MONDO:0006058,3.2045675018706037,10372655.0,False,False
CHEBI:233309,MONDO:0005212,3.2672652833001634,6509913.0,False,False
CHEBI:50924,MONDO:0000141,3.212454740892162,9778900.0,False,False
CHEBI:94385,MONDO:0009759,3.123681776454112,18938827.0,False,False
UNII:5Z9SP3X666,MONDO:0005212,3.212579339974855,9769894.0,False,False
CHEBI:50381,MONDO:0006058,3.2108286806074333,9897959.0,False,False
CHEBI:134726,MONDO:0005212,3.1229341001907462,19042645.0,False,False
UNII:4W3KFI3TN3,MONDO:0005212,3.2103184411072965,9936101.0,False,False
CHEBI:27436,MONDO:0000141,3.118937836636381,19607384.0,False,False
CHEBI:5931,MONDO:0013582,3.269258222117542,6414785.0,False,False
UMLS:C3714737,MONDO:0005212,3.209083717939467,10028363.0,False,False
CHEBI:229649,MONDO:0005212,3.2093877403604356,10005668.0,False,False
CHEBI:8228,MONDO:0000141,3.254982832812032,7128449.0,False,False
CHEBI:3286,MONDO:0000141,3.1206318068826056,19366191.0,False,False
CHEBI:72312,MONDO:0006058,3.255363305117114,7108560.0,False,False
CHEBI:3242,MONDO:0006058,3.256353579766932,7056790.0,False,False
CHEBI:8207,MONDO:0013582,3.120536155468039,19379802.0,False,False
CHEBI:48390,MONDO:0005212,3.12048528733893,19387050.0,False,False
CHEBI:3814,MONDO:0013582,3.119499166115663,19527294.0,False,False
CHEBI:135791,MONDO:0006058,3.2141621898145427,9655214.0,False,False
UMLS:C5421200,MONDO:0005212,3.256203498719797,7064559.0,False,False
CHEBI:367163,MONDO:0006058,3.1229571132137397,19039436.0,False,False
CHEBI:3127,MONDO:0006058,3.2592366845484344,6907222.0,False,False
CHEBI:45951,MONDO:0005212,3.2575776552024998,6992914.0,False,False
CHEBI:8871,MONDO:0006058,3.267627708719226,6492187.0,False,False
CHEBI:71941,MONDO:0006058,3.2069426420837086,10190048.0,False,False
CHEBI:15940,MONDO:0005212,3.2145398292078804,9628512.0,False,False
CHEBI:16962,MONDO:0000141,3.2097537551505475,9978489.0,False,False
CHEBI:59204,MONDO:0005212,3.1204271450891454,19395184.0,False,False
UMLS:C3714737,MONDO:0006058,3.262015479999663,6766727.0,False,False
CHEBI:2922,MONDO:0005212,3.2685574535130852,6448156.0,False,False
UNII:XRO4566Q4R,MONDO:0005212,3.2652456782987045,6607769.0,False,False
CHEBI:134990,MONDO:0006058,3.208092791431331,10102807.0,False,False
CHEBI:135947,MONDO:0005212,3.2677702005241853,6485317.0,False,False
UNII:G4PX8C4HKV,MONDO:0000141,3.2639691791804,6670509.0,False,False
CHEBI:617099,MONDO:0013582,3.1217352420117197,19210228.0,False,False
UNII:2WU922TK3L,MONDO:0005212,3.1214349333108333,19252664.0,False,False
CHEBI:6824,MONDO:0005212,3.208185035665732,10095862.0,False,False
CHEBI:5790,MONDO:0005212,3.1231342280577676,19014684.0,False,False
CHEBI:7514,MONDO:0013582,3.209395709805847,10005071.0,False,False
CHEMBL.COMPOUND:CHEMBL2367706,MONDO:0005212,3.2116471269752607,9838176.0,False,False
UNII:73SM5SF3OR,MONDO:0006058,3.2584764280023117,6946206.0,False,False
CHEBI:135652,MONDO:0005212,3.1220868552395693,19160832.0,False,False
DRUGBANK:DB09381,MONDO:0006058,3.2660279858372894,6569619.0,False,False
UNII:A9A0O6FB4H,MONDO:0006058,3.2891969101500975,5539572.0,False,False
PUBCHEM.COMPOUND:78383862,MONDO:0005212,3.2917348573518757,5437101.0,False,False
CHEBI:28241,MONDO:0006058,3.3066446001967575,4876277.0,False,False
CHEBI:63627,MONDO:0006058,3.1478192550074686,15844575.0,False,False
UNII:492M3I304T,MONDO:0005212,3.0905453661659443,24048519.0,False,False
CHEBI:68551,MONDO:0006058,3.154151779458537,15113390.0,False,False
UNII:513P80B4YJ,MONDO:0005212,3.2934488412183964,5369464.0,False,False
CHEBI:143117,MONDO:0005212,3.2945838310683326,5324939.0,False,False
CHEBI:187893,MONDO:0009759,3.289396268952898,5531489.0,False,False
CHEBI:3611,MONDO:0006058,3.2892627431753425,5536882.0,False,False
CHEBI:66876,MONDO:0006058,3.2998042936053884,5125654.0,False,False
CHEBI:4055,MONDO:0005212,3.1502373871380067,15561379.0,False,False
UNII:6315412YVF,MONDO:0005212,3.0923948636435568,23735994.0,False,False
CHEBI:6538,MONDO:0006058,3.151430799071298,15423303.0,False,False
CHEBI:9448,MONDO:0006058,3.306328504558568,4887599.0,False,False
CHEBI:5002,MONDO:0005212,3.1493849474773046,15660991.0,False,False
CHEBI:8346,MONDO:0009759,3.090295267450301,24090907.0,False,False
CHEBI:16899,MONDO:0000141,3.092425164960451,23730876.0,False,False
CHEBI:134991,MONDO:0009759,3.1514559452489124,15420441.0,False,False
CHEBI:3547,MONDO:0006058,3.3012644947325973,5071637.0,False,False
CHEBI:6846,MONDO:0009759,3.1501262742149234,15574312.0,False,False
CHEBI:17347,MONDO:0009759,3.0915537079649122,23877967.0,False,False
CHEBI:83168,MONDO:0009759,3.0898998657363412,24158233.0,False,False
CHEBI:6775,MONDO:0006058,3.288087615150493,5585000.0,False,False
CHEBI:8713,MONDO:0009759,3.1497907524708904,15613333.0,False,False
CHEBI:84116,MONDO:0013582,3.0887756895108662,24350429.0,False,False
CHEBI:85994,MONDO:0009759,3.089459508656134,24233346.0,False,False
CHEBI:66899,MONDO:0005212,3.30348497728495,4990318.0,False,False
CHEBI:8869,MONDO:0006058,3.2940571934020357,5345446.0,False,False
CHEBI:9332,MONDO:0009759,3.153007115967927,15243310.0,False,False
CHEBI:71253,MONDO:0000141,3.1529191910805636,15253316.0,False,False
CHEBI:8077,MONDO:0005212,3.0911383256855256,23948034.0,False,False
UNII:TT0V5JLG5B,MONDO:0006058,3.1535130766749813,15186095.0,False,False
CHEBI:4055,MONDO:0009759,3.0918717496066543,23824537.0,False,False
CHEBI:50305,MONDO:0006058,3.2906119265049147,5482369.0,False,False
UNII:R15UI3245N,MONDO:0006058,3.150070131729885,15580767.0,False,False
CHEBI:6541,MONDO:0013582,3.1482461821062495,15794129.0,False,False
CHEBI:6965,MONDO:0000141,3.1490869152511562,15695890.0,False,False
CHEBI:51450,MONDO:0005212,3.3040459870687204,4969726.0,False,False
CHEBI:40303,MONDO:0005212,3.293466668226241,5368773.0,False,False
CHEBI:6149,MONDO:0005212,3.1523084198703186,15322769.0,False,False
CHEBI:7577,MONDO:0013582,3.090931469076316,23982842.0,False,False
CHEBI:8869,MONDO:0005212,3.295091229996655,5305197.0,False,False
CHEBI:50742,MONDO:0000141,3.088636866963907,24374354.0,False,False
CHEBI:135905,MONDO:0005212,3.2901373619990357,5501358.0,False,False
UNII:NWQ5N31VKK,MONDO:0005212,3.15433795363632,15092768.0,False,False
CHEBI:6909,MONDO:0009759,3.1503797247437486,15544840.0,False,False
CHEBI:44423,MONDO:0013582,3.0900494802657343,24132630.0,False,False
CHEBI:6761,MONDO:0006058,3.2902934036132505,5495140.0,False,False
CHEBI:136050,MONDO:0006058,3.2163796952858386,9497271.0,False,False
CHEBI:27732,MONDO:0000141,3.172323395104506,13196977.0,False,False
CHEBI:8654,MONDO:0006058,3.174135728364555,13019186.0,False,False
DRUGBANK:DB09381,MONDO:0005212,3.217811613524555,9396187.0,False,False
CHEBI:6761,MONDO:0005212,3.3087237987644684,4802571.0,False,False
CHEBI:3286,MONDO:0009759,3.2156824179441634,9546778.0,False,False
CHEBI:194135,MONDO:0006058,3.3082546982988195,4819042.0,False,False
CHEBI:41872,MONDO:0005212,3.2239898813459558,8973515.0,False,False
CHEBI:48538,MONDO:0006058,3.1749030633342192,12944809.0,False,False
UNII:1FQ2RY5YHH,MONDO:0006058,3.3194265803682925,4442915.0,False,False
CHEBI:32293,MONDO:0006058,3.3224096131046394,4347989.0,False,False
CHEBI:5296,MONDO:0006058,3.2165396317768047,9485865.0,False,False
CHEBI:133833,MONDO:0006058,3.17329639394878,13100786.0,False,False
CHEBI:7565,MONDO:0006058,3.3223220229054267,4350741.0,False,False
CHEBI:135888,MONDO:0005212,3.32442472994658,4284916.0,False,False
CHEBI:167707,MONDO:0006058,3.2212034065869375,9161662.0,False,False
CHEBI:5441,MONDO:0006058,3.330371093443823,4104065.0,False,False
CHEBI:49566,MONDO:0005212,3.226451086634794,8809707.0,False,False
CHEBI:3437,MONDO:0009759,3.31793810760259,4491317.0,False,False
UNII:033072U4MZ,MONDO:0006058,3.3157412213019253,4563469.0,False,False
CHEBI:3756,MONDO:0000141,3.2186330988082377,9338618.0,False,False
CHEBI:81567,MONDO:0006058,3.324224634750525,4291142.0,False,False
UNII:PUE0TO3XDR,MONDO:0005212,3.2203207254432957,9221953.0,False,False
CHEBI:31793,MONDO:0006058,3.2156802593750475,9546940.0,False,False
UNII:35A26E427H,MONDO:0005212,3.325131105617862,4262848.0,False,False
CHEBI:10102,MONDO:0009759,3.1749208368018653,12943031.0,False,False
CHEBI:80630,MONDO:0009759,3.1766274030085038,12779396.0,False,False
CHEBI:9449,MONDO:0006058,3.3301381225695748,4111065.0,False,False
CHEBI:8412,MONDO:0009759,3.327034176831294,4204683.0,False,False
UNII:2CN60TN6ZS,MONDO:0005212,3.3196171652832893,4436772.0,False,False
UNII:RJ1IW3B4QX,MONDO:0006058,3.1737480455971894,13056686.0,False,False
CHEBI:7492,MONDO:0005212,3.3258992280066604,4239325.0,False,False
UNII:P0GVQ9A4S5,MONDO:0005212,3.3202763674946567,4415674.0,False,False
CHEBI:8060,MONDO:0009759,3.1769554139006906,12748284.0,False,False
UNII:AD0O8X2QJR,MONDO:0005212,3.223598884099503,8999937.0,False,False
CHEBI:8093,MONDO:0006058,3.3314269990563283,4072940.0,False,False
CHEBI:231416,MONDO:0005212,3.174584319027936,12975800.0,False,False
CHEBI:27690,MONDO:0006058,3.224917949207069,8911503.0,False,False
UMLS:C1879680,MONDO:0006058,3.218877302981738,9321822.0,False,False
CHEBI:142290,MONDO:0005212,3.32926250285057,4137399.0,False,False
UNII:R43D2573WO,MONDO:0006058,3.217007881729911,9452611.0,False,False
CHEBI:17561,MONDO:0005212,3.318128658240866,4484947.0,False,False
UNII:SXA7YP6EKX,MONDO:0006058,3.1721956486319063,13209696.0,False,False
UNII:39IS23Q1EW,MONDO:0006058,3.222484927070945,9074721.0,False,False
CHEBI:37943,MONDO:0005212,3.2208069993938437,9188871.0,False,False
CHEBI:90914,MONDO:0006058,3.2213336500064162,9152720.0,False,False
UNII:73B0K5S26A,MONDO:0006058,3.3209515725131604,4394039.0,False,False
CHEBI:7824,MONDO:0000141,3.2228152513121717,9052468.0,False,False
UNII:N19A0T0E5J,MONDO:0006058,3.2267667305765286,8789006.0,False,False
UNII:O43472U9X8,MONDO:0005212,3.3083969922048615,4813944.0,False,False
CHEBI:5138,MONDO:0005212,3.174199170394721,13012874.0,False,False
CHEBI:64045,MONDO:0005212,3.1764387172043675,12797603.0,False,False
CHEBI:204734,MONDO:0013582,3.0975134476360573,22890001.0,False,False
CHEBI:6538,MONDO:0009759,3.069451700500368,27815834.0,False,False
CHEBI:8448,MONDO:0005212,3.0696912639530662,27771509.0,False,False
CHEBI:8066,MONDO:0009759,3.069594067712316,27789508.0,False,False
CHEBI:94461,MONDO:0013582,3.0950850973806543,23288197.0,False,False
CHEBI:61033,MONDO:0000141,3.155311801636949,14983679.0,False,False
CHEBI:9328,MONDO:0009759,3.0956561781076095,23193794.0,False,False
UNII:G4PX8C4HKV,MONDO:0013582,3.1584177529238646,14640868.0,False,False
CHEBI:9757,MONDO:0006058,3.0955520168691137,23210993.0,False,False
CHEBI:9014,MONDO:0005212,3.159751869189401,14495734.0,False,False
CHEBI:261649,MONDO:0006058,3.09769816525644,22859894.0,False,False
CHEBI:63618,MONDO:0000141,3.067837713104069,28117620.0,False,False
CHEBI:6888,MONDO:0013582,3.0979296073092772,22822115.0,False,False
UNII:41KZS5432U,MONDO:0006058,3.0957084781916464,23185179.0,False,False
CHEBI:3125,MONDO:0013582,3.069432005278097,27819589.0,False,False
CHEBI:3309,MONDO:0013582,3.067705786122534,28142462.0,False,False
CHEBI:3398,MONDO:0009759,3.1608766439156155,14374465.0,False,False
CHEBI:70707,MONDO:0006058,3.0967724371872856,23010663.0,False,False
CHEBI:188559,MONDO:0005212,3.1594740057783293,14525863.0,False,False
CHEBI:91583,MONDO:0013582,3.0694692054757993,27812707.0,False,False
CHEBI:40303,MONDO:0013582,3.0701624017319578,27683600.0,False,False
CHEBI:8404,MONDO:0000141,3.0679242438870586,28101473.0,False,False
CHEBI:66910,MONDO:0000141,3.0941145072133063,23449179.0,False,False
CHEBI:6904,MONDO:0005212,3.155559683365975,14956093.0,False,False
CHEBI:47519,MONDO:0013582,3.0664335124809527,28381303.0,False,False
CHEBI:204928,MONDO:0005212,3.159271093367167,14547894.0,False,False
CHEBI:135014,MONDO:0006058,3.159738517413036,14497227.0,False,False
CHEBI:85078,MONDO:0006058,3.161644785925352,14292679.0,False,False
CHEBI:94707,MONDO:0000141,3.0695520579854625,27797253.0,False,False
CHEBI:4784,MONDO:0009759,3.1575803710121555,14732370.0,False,False
CHEBI:145374,MONDO:0009759,3.0679917708711786,28088557.0,False,False
CHEBI:3437,MONDO:0005212,3.0970762388372473,22961457.0,False,False
CHEBI:9168,MONDO:0009759,3.0693056816584043,27842948.0,False,False
CHEBI:4309,MONDO:0005212,3.157541423031135,14736687.0,False,False
UNII:438HCF2X0M,MONDO:0013582,3.0666900163963966,28333157.0,False,False
CHEBI:601027,MONDO:0005212,3.0945738720344007,23373112.0,False,False
CHEBI:15407,MONDO:0000141,3.0980177704023673,22807680.0,False,False
DRUGBANK:DB09381,MONDO:0009759,3.067274425706013,28223201.0,False,False
CHEBI:134726,MONDO:0000141,3.09773524693359,22853986.0,False,False
CHEBI:50924,MONDO:0013582,3.0948605310483437,23325441.0,False,False
CHEBI:4453,MONDO:0000141,3.0674892646371203,28182892.0,False,False
UNII:9K8GNJ2874,MONDO:0013582,3.1591555777993237,14560391.0,False,False
CHEBI:31663,MONDO:0009759,3.070484036920968,27623625.0,False,False
CHEBI:31596,MONDO:0009759,3.0940494880663802,23460014.0,False,False
CHEBI:59773,MONDO:0006058,3.154781844809082,15043020.0,False,False
CHEBI:84500,MONDO:0013582,3.094944367738015,23311783.0,False,False
CHEBI:4464,MONDO:0000141,3.094447798928524,23393777.0,False,False
CHEBI:6359,MONDO:0005212,3.0690462414485666,27891502.0,False,False
CHEBI:7915,MONDO:0009759,3.0960107761607487,23135431.0,False,False
CHEBI:2950,MONDO:0006058,3.093834304223158,23495845.0,False,False
CHEBI:135809,MONDO:0013582,3.1610206667213534,14359023.0,False,False
CHEBI:40279,MONDO:0000141,3.1545510692263194,15068881.0,False,False
CHEBI:5280,MONDO:0009759,3.1602454709269567,14442169.0,False,False
CHEBI:63584,MONDO:0000141,3.069105999538203,27880188.0,False,False
CHEBI:3011,MONDO:0009759,3.0942273542941052,23430357.0,False,False
CHEBI:7581,MONDO:0006058,3.067362722546161,28206614.0,False,False
UNII:7C00L34NB9,MONDO:0005212,3.160608580380584,14403272.0,False,False
CHEBI:5004,MONDO:0000141,3.0935532889520907,23542578.0,False,False
CHEBI:135333,MONDO:0006058,3.093870363564161,23489779.0,False,False
PUBCHEM.COMPOUND:657309,MONDO:0009759,3.0670452233020953,28266129.0,False,False
PUBCHEM.COMPOUND:156963654,MONDO:0000141,3.070430672802524,27633581.0,False,False
CHEBI:51041,MONDO:0005212,3.0721929547451325,27306698.0,False,False
CHEBI:31597,MONDO:0000141,3.0714237066101795,27449395.0,False,False
CHEBI:32010,MONDO:0013582,3.0607899103124647,29453249.0,False,False
CHEBI:31159,MONDO:0005212,3.195142486323866,11129123.0,False,False
CHEBI:5001,MONDO:0000141,3.203941449668919,10421239.0,False,False
UNII:71TH42O2CQ,MONDO:0013582,3.0596198175953893,29677724.0,False,False
DRUGBANK:DB00086,MONDO:0006058,3.2031861016914447,10480377.0,False,False
CHEBI:5147,MONDO:0000141,3.0596014403607894,29681364.0,False,False
CHEBI:10082,MONDO:0006058,3.070943444183622,27538228.0,False,False
CHEBI:76607,MONDO:0009759,3.0578709379679054,30014280.0,False,False
CHEBI:4814,MONDO:0000141,3.07479523673088,26828544.0,False,False
CHEBI:72312,MONDO:0013582,3.072511841084853,27247574.0,False,False
UNII:DEW6X41BEK,MONDO:0006058,3.19934076791625,10785475.0,False,False
CHEBI:135934,MONDO:0006058,3.0611612446983534,29382357.0,False,False
UNII:953A26OA1Y,MONDO:0000141,3.07225265989017,27295593.0,False,False
UNII:8FOJ430U94,MONDO:0013582,3.0601094859955325,29583786.0,False,False
UNII:7C00L34NB9,MONDO:0000141,3.0577749188026377,30032711.0,False,False
CHEBI:2948,MONDO:0009759,3.072233747733051,27299130.0,False,False
CHEBI:178699,MONDO:0013582,3.0732224114991142,27116495.0,False,False
CHEBI:136040,MONDO:0009759,3.0603759221164353,29532908.0,False,False
CHEBI:7956,MONDO:0013582,3.0588367199934896,29827696.0,False,False
CHEBI:27504,MONDO:0013582,3.0617896766470447,29262218.0,False,False
CHEBI:7445,MONDO:0009759,3.0728766980288125,27180463.0,False,False
CHEBI:53766,MONDO:0000141,3.0603890443245234,29530357.0,False,False
CHEBI:8214,MONDO:0000141,3.058518444953741,29889295.0,False,False
CHEBI:6838,MONDO:0006058,3.073262400809311,27109156.0,False,False
CHEBI:94848,MONDO:0005212,3.0612949070652795,29356850.0,False,False
CHEBI:44915,MONDO:0000141,3.0595846793155888,29684526.0,False,False
UMLS:C4287766,MONDO:0000141,3.0618153877692817,29257274.0,False,False
CHEBI:135930,MONDO:0005212,3.0584816460619084,29896381.0,False,False
UNII:DB1041CXDG,MONDO:0006058,3.1982902654037346,10870296.0,False,False
CHEBI:9654,MONDO:0000141,3.071362996858962,27460686.0,False,False
CHEBI:7986,MONDO:0000141,3.203721452593368,10438335.0,False,False
CHEBI:72564,MONDO:0000141,3.195267015232048,11118826.0,False,False
CHEBI:83804,MONDO:0000141,3.197870101226509,10904135.0,False,False
CHEBI:82720,MONDO:0000141,3.201657587918189,10600848.0,False,False
PUBCHEM.COMPOUND:137229597,MONDO:0009759,3.0582538362461964,29940183.0,False,False
CHEBI:135361,MONDO:0006058,3.0715734265020447,27421647.0,False,False
CHEBI:86158,MONDO:0005212,3.0734560103572033,27073532.0,False,False
CHEBI:61058,MONDO:0013582,3.074616256046924,26861016.0,False,False
CHEBI:76609,MONDO:0006058,3.197444267406376,10939077.0,False,False
UNII:AD4J2O47FQ,MONDO:0000141,3.0613168700513755,29352693.0,False,False
CHEBI:3478,MONDO:0009759,3.0614052113581933,29335687.0,False,False
UNII:G2AE2VE07O,MONDO:0005212,3.071004407248541,27526990.0,False,False
CHEBI:135791,MONDO:0000141,3.0728931154235264,27177420.0,False,False
CHEBI:63628,MONDO:0009759,3.0737764244008305,27015057.0,False,False
CHEBI:601027,MONDO:0013582,3.2004408296411415,10697332.0,False,False
CHEBI:46081,MONDO:0006058,3.203678664696329,10441754.0,False,False
CHEBI:81567,MONDO:0009759,3.072202643350791,27304930.0,False,False
CHEBI:40009,MONDO:0013582,3.0730248390616497,27153155.0,False,False
CHEBI:28830,MONDO:0013582,3.0609903272012158,29414760.0,False,False
CHEBI:18332,MONDO:0000141,3.0747949609894185,26828593.0,False,False
CHEBI:74460,MONDO:0013582,3.0709290675789584,27540902.0,False,False
UNII:76RS4S2ET1,MONDO:0013582,3.0723076550561172,27285446.0,False,False
CHEBI:3306,MONDO:0009759,3.0728131214523247,27192044.0,False,False
CHEBI:5106,MONDO:0000141,3.0715885824007487,27418899.0,False,False
CHEBI:31897,MONDO:0009759,3.074887170580712,26811954.0,False,False
CHEBI:7983,MONDO:0006058,3.1297894999795615,18108086.0,False,False
UNII:QEN1X95CIX,MONDO:0000141,3.038274506647218,33818394.0,False,False
CHEBI:8405,MONDO:0013582,3.0406783615573003,33354358.0,False,False
CHEBI:64019,MONDO:0009759,3.0415700571280366,33181556.0,False,False
CHEBI:50729,MONDO:0009759,3.132852906344903,17703216.0,False,False
CHEBI:4657,MONDO:0006058,3.1301294190077362,18062545.0,False,False
UNII:06P3KLK2J8,MONDO:0006058,3.135368907895595,17376849.0,False,False
RXCUI:1157354,MONDO:0000141,3.1389258136725644,16924690.0,False,False
CHEBI:3534,MONDO:0006058,3.138538095754397,16973063.0,False,False
CHEBI:229226,MONDO:0006058,3.1347561222804927,17456064.0,False,False
CHEBI:48131,MONDO:0009759,3.0390518227387324,33668450.0,False,False
CHEBI:135686,MONDO:0009759,3.0390066971843877,33677232.0,False,False
CHEBI:184555,MONDO:0009759,3.0411568826297115,33261873.0,False,False
CHEBI:204734,MONDO:0000141,3.1327260895242426,17719756.0,False,False
CHEBI:46345,MONDO:0009759,3.037773480088136,33914731.0,False,False
CHEBI:31638,MONDO:0000141,3.037734237911465,33922256.0,False,False
CHEBI:4877,MONDO:0013582,3.037998833007211,33871496.0,False,False
CHEBI:16382,MONDO:0000141,3.0379000146172386,33890450.0,False,False
CHEBI:68575,MONDO:0009759,3.0406345219687996,33362783.0,False,False
UNII:9P1872D4OL,MONDO:0013582,3.040411848791466,33405916.0,False,False
CHEBI:50861,MONDO:0000141,3.041069216647278,33278855.0,False,False
CHEBI:135333,MONDO:0009759,3.0413118229140537,33231847.0,False,False
CHEBI:31159,MONDO:0000141,3.1391692104199587,16894261.0,False,False
CHEBI:229599,MONDO:0005212,3.1317643030248656,17846446.0,False,False
CHEBI:3499,MONDO:0013582,3.0378645104430673,33897189.0,False,False
CHEBI:135515,MONDO:0009759,3.0416038598380064,33174889.0,False,False
CHEBI:39211,MONDO:0000141,3.040057244692979,33474652.0,False,False
CHEBI:3044,MONDO:0005212,3.1399506040772245,16796897.0,False,False
DRUGBANK:DB09381,MONDO:0013582,3.03891226660407,33695533.0,False,False
CHEBI:71272,MONDO:0000141,3.137718135045474,17076574.0,False,False
CHEBI:608828,MONDO:0000141,3.0375646090777266,33954597.0,False,False
CHEBI:9599,MONDO:0005212,3.1352907030539536,17386892.0,False,False
CHEBI:29013,MONDO:0013582,3.0375336170540685,33960494.0,False,False
CHEBI:9130,MONDO:0013582,3.039676430583208,33548234.0,False,False
CHEBI:64045,MONDO:0009759,3.1372795393518467,17132107.0,False,False
UNII:DVF0PR037D,MONDO:0009759,3.0377239150371196,33924179.0,False,False
UNII:4F4X42SYQ6,MONDO:0009759,3.0383753640800144,33798862.0,False,False
CHEBI:2038,MONDO:0000141,3.038926031426099,33692866.0,False,False
CHEBI:7565,MONDO:0005212,3.1323920859150114,17763669.0,False,False
CHEBI:70707,MONDO:0005212,3.132733634635132,17718721.0,False,False
CHEBI:167600,MONDO:0000141,3.038202750655951,33832236.0,False,False
CHEBI:63633,MONDO:0009759,3.0375903298436935,33949618.0,False,False
CHEBI:3238,MONDO:0000141,3.039253800191579,33629593.0,False,False
CHEBI:144421,MONDO:0009759,3.0378830397338845,33893674.0,False,False
CHEBI:9321,MONDO:0006058,3.1303007708867003,18039907.0,False,False
UNII:PY79D6C8RX,MONDO:0006058,3.1310874916197386,17935340.0,False,False
CHEBI:3311,MONDO:0005212,3.140910331075357,16678128.0,False,False
CHEBI:231032,MONDO:0000141,3.0394916520022566,33583897.0,False,False
UMLS:C5418336,MONDO:0009759,3.040752603774492,33340119.0,False,False
UNII:834YJF89WO,MONDO:0000141,3.141006920709727,16666389.0,False,False
CHEBI:8493,MONDO:0006058,3.132329921543943,17771851.0,False,False
UNII:53O87HA2QU,MONDO:0000141,3.131774647330898,17845129.0,False,False
CHEBI:10033,MONDO:0009759,3.1306319287727864,17995593.0,False,False
CHEBI:70707,MONDO:0009759,3.079685976991846,25943590.0,False,False
CHEBI:64317,MONDO:0013582,3.179569601672429,12501919.0,False,False
CHEBI:6954,MONDO:0000141,3.0837192678907233,25228259.0,False,False
CHEBI:79042,MONDO:0009759,3.0800916452798313,25870672.0,False,False
CHEBI:4639,MONDO:0006058,3.0836415501654635,25241792.0,False,False
CHEBI:50848,MONDO:0013582,3.0819991337150245,25530798.0,False,False
UNII:4G86Y4JT3F,MONDO:0009759,3.054291715068225,30706752.0,False,False
UNII:TT0V5JLG5B,MONDO:0013582,3.0547960487725785,30609336.0,False,False
UNII:089658A12D,MONDO:0009759,3.056248602649221,30327535.0,False,False
PUBCHEM.COMPOUND:76314940,MONDO:0006058,3.0566129838433787,30256828.0,False,False
CHEMBL.COMPOUND:CHEMBL2367706,MONDO:0009759,3.0576812289356003,30050825.0,False,False
CHEBI:75984,MONDO:0013582,3.1834420021540066,12145381.0,False,False
DRUGBANK:DB10343,MONDO:0000141,3.0560323231101774,30369525.0,False,False
CHEBI:136007,MONDO:0006058,3.1839641221967234,12097987.0,False,False
UNII:S76B51L5AM,MONDO:0009759,3.0795695697755017,25964524.0,False,False
CHEBI:8435,MONDO:0000141,3.083783070213012,25217119.0,False,False
PUBCHEM.COMPOUND:5487427,MONDO:0009759,3.0832457109925313,25311425.0,False,False
CHEBI:32888,MONDO:0009759,3.0572677184820467,30130300.0,False,False
CHEBI:107736,MONDO:0005212,3.179875499301088,12473439.0,False,False
CHEBI:5127,MONDO:0009759,3.0816753046592065,25588040.0,False,False
CHEBI:33130,MONDO:0006058,3.1819471484761417,12282149.0,False,False
UNII:T12B44A1OE,MONDO:0006058,3.0800868824710106,25871528.0,False,False
UNII:YI437801BE,MONDO:0000141,3.057494812442626,30086673.0,False,False
CHEBI:3437,MONDO:0000141,3.185875550128463,11927014.0,False,False
CHEBI:31625,MONDO:0013582,3.055719722833709,30430198.0,False,False
CHEBI:6073,MONDO:0009759,3.183065960084028,12179652.0,False,False
CHEBI:35677,MONDO:0013582,3.0556505785469277,30443610.0,False,False
CHEBI:9123,MONDO:0009759,3.083654939509656,25239419.0,False,False
CHEBI:4046,MONDO:0005212,3.1858275884743232,11931257.0,False,False
CHEBI:82960,MONDO:0009759,3.054239827568266,30716922.0,False,False
CHEBI:49575,MONDO:0009759,3.1826633677478746,12216328.0,False,False
CHEBI:3994,MONDO:0006058,3.083140357894923,25329965.0,False,False
CHEBI:7809,MONDO:0006058,3.185362749703644,11972286.0,False,False
UNII:W6I5QDT7QI,MONDO:0000141,3.053767887184322,30808952.0,False,False
CHEBI:48669,MONDO:0013582,3.1814822099487037,12324796.0,False,False
CHEBI:9398,MONDO:0005212,3.08351963205027,25263004.0,False,False
CHEBI:45783,MONDO:0013582,3.0550752148023737,30555159.0,False,False
CHEBI:180905,MONDO:0000141,3.081633825726793,25595467.0,False,False
CHEBI:63608,MONDO:0013582,3.0456590010395876,32386489.0,False,False
CHEBI:9927,MONDO:0000141,3.0488887120492585,31757323.0,False,False
CHEBI:36560,MONDO:0013582,3.046650312921523,32193757.0,False,False
CHEBI:9635,MONDO:0009759,3.0875927026661185,24554355.0,False,False
UNII:6ZA31Y954Z,MONDO:0000141,3.0850225919797998,25000508.0,False,False
PUBCHEM.COMPOUND:137229597,MONDO:0006058,3.1905182178556464,11519958.0,False,False
CHEBI:94385,MONDO:0000141,3.084166793174357,25150354.0,False,False
CHEBI:32223,MONDO:0009759,3.0854410676953252,24927324.0,False,False
CHEBI:29007,MONDO:0006058,3.1902328961716586,11544524.0,False,False
CHEBI:31794,MONDO:0006058,3.1899572884909992,11568197.0,False,False
UNII:8A7F670F2Y,MONDO:0013582,3.0490290460076652,31730188.0,False,False
CHEBI:76128,MONDO:0006058,3.1924361438382807,11355725.0,False,False
CHEBI:3419,MONDO:0000141,3.188761255059975,11672611.0,False,False
CHEBI:6690,MONDO:0000141,3.049423992283873,31653102.0,False,False
CHEBI:8060,MONDO:0005212,3.1945952963218662,11174665.0,False,False
CHEBI:3441,MONDO:0009759,3.0876868310953247,24538143.0,False,False
UNII:MCN858TCP0,MONDO:0006058,3.0841419527419385,25154646.0,False,False
CHEBI:41977,MONDO:0009759,3.0861960714814707,24795832.0,False,False
UNII:PQX0D8J21J,MONDO:0000141,3.046415614139627,32239660.0,False,False
CHEBI:4470,MONDO:0013582,3.0496816022191355,31602814.0,False,False
CHEBI:2208,MONDO:0013582,3.084426097860593,25104949.0,False,False
CHEBI:2904,MONDO:0000141,3.0467142248680275,32181250.0,False,False
CHEBI:47780,MONDO:0000141,3.084519547934689,25088609.0,False,False
CHEBI:6950,MONDO:0000141,3.045951899331162,32329464.0,False,False
UNII:WGD229O42W,MONDO:0009759,3.046949448977076,32135535.0,False,False
CHEBI:8597,MONDO:0013582,3.0839728084777915,25184383.0,False,False
UNII:997WVV895X,MONDO:0005212,3.1887492147086722,11673626.0,False,False
DRUGBANK:DB18728,MONDO:0009759,3.047409592672434,32045824.0,False,False
CHEBI:229657,MONDO:0013582,3.0492127968080363,31694304.0,False,False
UNII:A3ULP0F556,MONDO:0013582,3.0475189878625084,32024364.0,False,False
CHEBI:232556,MONDO:0009759,3.0482650958582562,31879093.0,False,False
CHEBI:6950,MONDO:0009759,3.1942086850813722,11206806.0,False,False
CHEBI:135934,MONDO:0000141,3.0476097691557325,32006445.0,False,False
CHEBI:134743,MONDO:0013582,3.0232453409001367,36592575.0,False,False
UMLS:C1881890,MONDO:0000141,3.012509820036839,38288507.0,False,False
CHEBI:135876,MONDO:0009759,3.021551036089667,36882721.0,False,False
CHEBI:4858,MONDO:0013582,3.010077058965536,38610382.0,False,False
UNII:9013DUQ28K,MONDO:0000141,3.0450408439033776,32506733.0,False,False
CHEBI:135752,MONDO:0000141,3.0100473463235113,38614165.0,False,False
CHEBI:4953,MONDO:0013582,3.0138387789383705,38100449.0,False,False
UNII:23HYE36B0I,MONDO:0000141,3.024442793121233,36384248.0,False,False
CHEBI:143117,MONDO:0009759,3.0225069789485848,36719739.0,False,False
CHEBI:10125,MONDO:0000141,3.0098131261800614,38643485.0,False,False
CHEBI:45652,MONDO:0000141,3.0235885138640466,36533382.0,False,False
CHEBI:230846,MONDO:0000141,3.022986997426969,36637016.0,False,False
UNII:55KHL3P693,MONDO:0000141,3.022193612052154,36773760.0,False,False
UNII:R30772KCU0,MONDO:0013582,3.010158049219404,38600214.0,False,False
UNII:789Q85GA8P,MONDO:0000141,3.024324558688228,36405172.0,False,False
CHEBI:61080,MONDO:0013582,3.0120295567667155,38354257.0,False,False
CHEBI:93403,MONDO:0013582,3.010777085761606,38521162.0,False,False
UNII:Q6U6J48BWY,MONDO:0009759,3.014300381988899,38033466.0,False,False
UNII:L1F3R18W77,MONDO:0009759,3.0154037679937313,37869522.0,False,False
CHEBI:135791,MONDO:0013582,3.022793841470737,36670429.0,False,False
CHEBI:4911,MONDO:0013582,3.0442347327233703,32663303.0,False,False
UNII:4G86Y4JT3F,MONDO:0000141,3.0241696336644086,36432371.0,False,False
DRUGBANK:DB17635,MONDO:0000141,3.01366284922638,38125725.0,False,False
UMLS:C2699571,MONDO:0000141,3.015476625030429,37858530.0,False,False
UNII:2N4O9L084N,MONDO:0013582,3.0131943746524534,38192438.0,False,False
UNII:L1Q2K5JYO8,MONDO:0009759,3.024441471079486,36384497.0,False,False
CHEBI:167707,MONDO:0013582,3.011115702889411,38476656.0,False,False
UNII:12PYH0FTU9,MONDO:0013582,3.0140244768907944,38073775.0,False,False
CHEBI:8080,MONDO:0005212,3.0432445917464466,32855071.0,False,False
UNII:RJ1IW3B4QX,MONDO:0013582,3.012348993002937,38310738.0,False,False
PUBCHEM.COMPOUND:139399801,MONDO:0009759,3.0217304255407553,36852402.0,False,False
CHEBI:230905,MONDO:0009759,3.0143637969250223,38024266.0,False,False
CHEBI:7852,MONDO:0013582,3.0455788278872937,32402192.0,False,False
CHEBI:95341,MONDO:0009759,3.023050993266116,36625892.0,False,False
UMLS:C4329337,MONDO:0009759,3.009806161371249,38644394.0,False,False
CHEBI:65346,MONDO:0000141,3.0127448913299717,38255555.0,False,False
CHEBI:135754,MONDO:0013582,3.0236739181033743,36518599.0,False,False
CHEBI:82701,MONDO:0000141,3.0218781710234026,36827551.0,False,False
UNII:3VHF2ZD92J,MONDO:0009759,3.0226151242694637,36701377.0,False,False
UNII:0Y70779M1F,MONDO:0013582,3.012543547335002,38283729.0,False,False
CHEBI:135010,MONDO:0000141,3.0137822999033617,38108536.0,False,False
CHEBI:82980,MONDO:0009759,3.0230173327073473,36631796.0,False,False
UNII:4Q52C550XK,MONDO:0013582,3.0140905553079493,38064027.0,False,False
CHEBI:82752,MONDO:0000141,3.0107423487895244,38525708.0,False,False
UNII:54K37P50KH,MONDO:0005212,3.045000785192796,32514511.0,False,False
CHEBI:9435,MONDO:0013582,3.0154599239923816,37861104.0,False,False
CHEBI:28001,MONDO:0013582,3.0432044173748793,32862876.0,False,False
RXCUI:1157362,MONDO:0009759,3.0429977294073147,32902993.0,False,False
CHEBI:85993,MONDO:0013582,3.0154349695542364,37864922.0,False,False
PUBCHEM.COMPOUND:11980076,MONDO:0000141,3.0418439142179876,33128288.0,False,False
CHEBI:94405,MONDO:0013582,3.024909167203119,36302461.0,False,False
CHEBI:85183,MONDO:0009759,3.0136757346220118,38123838.0,False,False
CHEBI:63115,MONDO:0013582,3.0234221600651816,36562265.0,False,False
UNII:UYB6UOF69L,MONDO:0013582,3.022687195525423,36688890.0,False,False
UNII:033072U4MZ,MONDO:0013582,3.042136946310212,33071055.0,False,False
CHEBI:94807,MONDO:0013582,3.0102718206582755,38585748.0,False,False
CHEBI:90851,MONDO:0009759,3.0218621963520937,36830264.0,False,False
UNII:WP58SVM6R4,MONDO:0009759,3.02372322971874,36510004.0,False,False
CHEBI:90841,MONDO:0000141,3.012886615720668,38235692.0,False,False
UNII:0J8RN2W0HK,MONDO:0009759,3.0126874640113233,38263608.0,False,False
CHEBI:8448,MONDO:0000141,3.0446215720103402,32588204.0,False,False
CHEBI:59582,MONDO:0013582,3.044297357858863,32651248.0,False,False
CHEBI:140628,MONDO:0000141,3.021686638881167,36859762.0,False,False
CHEBI:145430,MONDO:0000141,3.0226462813119155,36695953.0,False,False
CHEBI:64318,MONDO:0000141,3.0135951163311283,38135541.0,False,False
CHEBI:71219,MONDO:0013582,3.0247427870464865,36331924.0,False,False
CHEBI:77942,MONDO:0000141,3.013610059276491,38133331.0,False,False
CHEBI:76230,MONDO:0009759,3.043470825011715,32811206.0,False,False
CHEBI:2569,MONDO:0013582,3.0120403841250765,38352788.0,False,False
CHEBI:90908,MONDO:0000141,3.012385251853723,38305730.0,False,False
CHEBI:134700,MONDO:0005212,3.043565844855089,32793206.0,False,False
UMLS:C5557539,MONDO:0013582,3.0249777577008463,36290522.0,False,False
UNII:QQA9MLH692,MONDO:0009759,3.013431042511322,38158899.0,False,False
CHEBI:134743,MONDO:0000141,3.0208590311136505,36999140.0,False,False
CHEBI:77181,MONDO:0013582,3.0207377145640297,37019746.0,False,False
UNII:G4PX8C4HKV,MONDO:0005212,3.0450930185654097,32496817.0,False,False
CHEBI:8802,MONDO:0000141,3.0132584150449064,38183508.0,False,False
CHEBI:10454,MONDO:0000141,3.023215147224726,36597963.0,False,False
UNII:12PYH0FTU9,MONDO:0009759,3.0121582966323213,38336815.0,False,False
UNII:5G7AKV2MKP,MONDO:0000141,3.0448278129615263,32548195.0,False,False
CHEBI:85979,MONDO:0013582,3.0152171649711077,37897818.0,False,False
PUBCHEM.COMPOUND:3467,MONDO:0000141,3.015248422087212,37893131.0,False,False
CHEBI:51137,MONDO:0000141,3.0417909696709877,33138483.0,False,False
UNII:D99YVK4L0X,MONDO:0009759,3.0152894496110787,37886938.0,False,False
UNII:21904A5386,MONDO:0009759,3.0438656074394403,32734933.0,False,False
CHEBI:66876,MONDO:0009759,3.0240062075761935,36460760.0,False,False
CHEBI:71013,MONDO:0013582,3.012765788719553,38252536.0,False,False
UNII:2BT4C47RUI,MONDO:0000141,3.0116490308686537,38405532.0,False,False
CHEBI:135810,MONDO:0000141,3.021962996137188,36812935.0,False,False
CHEBI:2719,MONDO:0013582,3.0448037844724958,32552699.0,False,False
CHEBI:7451,MONDO:0013582,3.024934450559603,36298104.0,False,False
UNII:N658GY6L3E,MONDO:0013582,3.0113344098946255,38447511.0,False,False
UNII:2R27AB6766,MONDO:0013582,3.0098062214522017,38644384.0,False,False
UNII:K4YTU42T8G,MONDO:0009759,3.0206034567589093,37042097.0,False,False
UNII:AD0O8X2QJR,MONDO:0013582,3.0208704313763257,36997199.0,False,False
CHEBI:31498,MONDO:0013582,3.015865214183288,37799538.0,False,False
CHEBI:66901,MONDO:0009759,3.0188304739834355,37333461.0,False,False
CHEBI:9445,MONDO:0000141,3.100995832388741,22327190.0,False,False
CHEBI:46081,MONDO:0009759,3.0986741952962076,22700942.0,False,False
CHEBI:229221,MONDO:0013582,3.01609767429108,37763816.0,False,False
CHEBI:3749,MONDO:0000141,3.0168032361503476,37655216.0,False,False
CHEBI:39501,MONDO:0009759,3.102664362619472,22061066.0,False,False
UNII:28X28X9OKV,MONDO:0013582,3.0167443492105175,37664461.0,False,False
CHEBI:75922,MONDO:0000141,3.0185807333125263,37373749.0,False,False
CHEBI:7565,MONDO:0000141,3.1012509445931933,22285979.0,False,False
UMLS:C4764258,MONDO:0000141,3.0184199015125444,37399359.0,False,False
CHEBI:85182,MONDO:0000141,3.019695258175029,37192163.0,False,False
CHEBI:135499,MONDO:0000141,3.051685195943045,31214547.0,False,False
CHEBI:59560,MONDO:0013582,3.102112446934277,22148891.0,False,False
CHEBI:32016,MONDO:0000141,3.050148919461698,31511962.0,False,False
RXCUI:616538,MONDO:0013582,3.0522133552267934,31111306.0,False,False
UNII:2HLC17MX9G,MONDO:0000141,3.0163282938174723,37728454.0,False,False
CHEBI:10650,MONDO:0009759,3.1008172897394672,22355485.0,False,False
DRUGBANK:DB00058,MONDO:0009759,3.0498220774588916,31575643.0,False,False
CHEBI:3044,MONDO:0013582,3.0516287653763428,31225485.0,False,False
CHEBI:59224,MONDO:0009759,3.016819853546971,37652598.0,False,False
UNII:7V4A8U16MB,MONDO:0000141,3.020229398845869,37104307.0,False,False
CHEBI:8772,MONDO:0013582,3.0518524541574585,31181965.0,False,False
CHEBI:35677,MONDO:0000141,3.0192069110735313,37271770.0,False,False
UNII:76RS4S2ET1,MONDO:0009759,3.050613718673673,31422041.0,False,False
CHEBI:79699,MONDO:0009759,3.051899657422683,31172613.0,False,False
CHEBI:75922,MONDO:0009759,3.0179734975657655,37470839.0,False,False
CHEBI:167574,MONDO:0000141,3.0187259889357225,37350551.0,False,False
CHEBI:135754,MONDO:0006058,3.05079429812422,31387192.0,False,False
CHEBI:8871,MONDO:0013582,3.098085273228871,22796634.0,False,False
UNII:QQA9MLH692,MONDO:0013582,3.0204029617997925,37075504.0,False,False
DRUGBANK:DB15572,MONDO:0009759,3.018195962382845,37435560.0,False,False
CHEBI:135686,MONDO:0005212,3.10007859656141,22473658.0,False,False
UNII:2O4BE0K238,MONDO:0013582,3.0524748151676127,31059676.0,False,False
PUBCHEM.COMPOUND:139399801,MONDO:0000141,3.019569851370424,37212894.0,False,False
CHEBI:104017,MONDO:0013582,3.019062672438481,37295587.0,False,False
CHEBI:6754,MONDO:0009759,3.0984987667052866,22729450.0,False,False
CHEBI:2611,MONDO:0005212,3.1001402330671564,22463785.0,False,False
CHEBI:134745,MONDO:0013582,3.0525699456561695,31041280.0,False,False
CHEBI:4527,MONDO:0013582,3.0499967190512622,31541537.0,False,False
UNII:DQ448MW7KS,MONDO:0009759,3.050574064419696,31429849.0,False,False
RXCUI:1157354,MONDO:0013582,3.0526760140243745,31020714.0,False,False
CHEBI:64356,MONDO:0000141,3.0988411586638436,22673902.0,False,False
CHEBI:5384,MONDO:0009759,3.1016754441224466,22218319.0,False,False
PUBCHEM.COMPOUND:11979316,MONDO:0009759,3.051053890746882,31336945.0,False,False
CHEBI:229230,MONDO:0006058,3.0983312421522005,22756527.0,False,False
UNII:3H8GSZ4SQL,MONDO:0013582,3.0171093697429567,37607375.0,False,False
CHEBI:5127,MONDO:0000141,3.0988069679963934,22679358.0,False,False
CHEBI:72291,MONDO:0009759,3.020355800623684,37083410.0,False,False
CHEBI:8028,MONDO:0013582,3.098919575259404,22661228.0,False,False
CHEBI:230846,MONDO:0013582,3.018629414539423,37365972.0,False,False
CHEBI:7862,MONDO:0000141,3.0528847595780375,30979906.0,False,False
UNII:3JB47N2Q2P,MONDO:0013582,3.016263219065409,37738395.0,False,False
CHEBI:90942,MONDO:0013582,3.0161849871467803,37750467.0,False,False
CHEBI:4708,MONDO:0009759,3.102281543749063,22122108.0,False,False
UNII:GB4I2JI8UI,MONDO:0000141,3.0187716358810506,37343120.0,False,False
CHEBI:135962,MONDO:0013582,3.050545030919171,31435437.0,False,False
CHEBI:9437,MONDO:0013582,3.051961246273202,31160589.0,False,False
CHEBI:188153,MONDO:0000141,3.0182280002921686,37430338.0,False,False
UNII:D6OMY2L0WA,MONDO:0009759,3.0204582202556365,37066231.0,False,False
DRUGBANK:DB18728,MONDO:0013582,3.0507799045642017,31389990.0,False,False
CHEBI:42355,MONDO:0013582,3.101064793228036,22316029.0,False,False
UNII:WKM56H3TLB,MONDO:0009759,3.0181393152258327,37444544.0,False,False
CHEBI:188153,MONDO:0009759,3.051820402105173,31188048.0,False,False
DRUGBANK:DB13915,MONDO:0009759,3.0187026975444935,37354330.0,False,False
CHEBI:47782,MONDO:0013582,3.019470738659359,37229173.0,False,False
CHEBI:100241,MONDO:0009759,3.1005143488832347,22403847.0,False,False
UNII:59UA429E5G,MONDO:0013582,3.019904654750473,37157733.0,False,False
CHEBI:8232,MONDO:0009759,3.099857045629265,22509675.0,False,False
CHEBI:5779,MONDO:0000141,3.052431521967949,31068175.0,False,False
CHEBI:229217,MONDO:0013582,3.0185349588112027,37380951.0,False,False
UNII:A92JFM5XNU,MONDO:0000141,3.015573436577277,37843934.0,False,False
UNII:7SQY4ZUD30,MONDO:0009759,3.020295833136553,37093302.0,False,False
UNII:XN7MM8XG2M,MONDO:0013582,3.0505223227612643,31439845.0,False,False
UNII:FU77B4U5Z0,MONDO:0000141,3.006477944510067,39023125.0,False,False
CHEBI:71023,MONDO:0013582,3.026194454978838,36074085.0,False,False
UNII:EO144CP0X9,MONDO:0013582,3.0031018130266998,39314391.0,False,False
UNII:1RXS4UE564,MONDO:0000141,3.0275725738058923,35825320.0,False,False
UNII:G9WJT6RD29,MONDO:0013582,3.006075091699395,39063624.0,False,False
CHEBI:64733,MONDO:0000141,3.035390691245096,34370164.0,False,False
UNII:73B0K5S26A,MONDO:0000141,3.007833415922098,38877944.0,False,False
UNII:WP58SVM6R4,MONDO:0013582,3.0048392865650877,39178715.0,False,False
UNII:T3U32GLJ0F,MONDO:0000141,3.036116601687038,34232040.0,False,False
CHEBI:68606,MONDO:0009759,3.0087350218128237,38774535.0,False,False
CHEBI:85155,MONDO:0013582,3.003010610217286,39320647.0,False,False
CHEBI:66903,MONDO:0013582,3.0056216761721815,39107313.0,False,False
CHEBI:7581,MONDO:0013582,3.0070768542977886,38960541.0,False,False
CHEBI:51368,MONDO:0013582,3.037250631470462,34014560.0,False,False
CHEBI:83766,MONDO:0013582,3.0285275025924094,35652069.0,False,False
CHEBI:135276,MONDO:0006058,3.034006989643143,34632166.0,False,False
CHEBI:313639,MONDO:0013582,3.0363171164129836,34193619.0,False,False
PUBCHEM.COMPOUND:21121097,MONDO:0013582,3.0274992852469707,35838704.0,False,False
UNII:7XZ4062R17,MONDO:0000141,3.026906964751946,35946100.0,False,False
PUBCHEM.COMPOUND:132212657,MONDO:0009759,3.00795524183543,38864431.0,False,False
CHEBI:94405,MONDO:0009759,3.028501751375067,35656791.0,False,False
UNII:QEN1X95CIX,MONDO:0009759,3.035605184526208,34329267.0,False,False
UNII:Z80293URPV,MONDO:0013582,3.0064580804181564,39025163.0,False,False
CHEBI:75998,MONDO:0013582,3.025840558165064,36137356.0,False,False
UNII:5Q6TZN2HNM,MONDO:0000141,3.0025120505244187,39352366.0,False,False
CHEBI:94440,MONDO:0013582,3.005939704022702,39076850.0,False,False
UNII:AG9MHG098Z,MONDO:0009759,3.0261837853520204,36075965.0,False,False
CHEBI:85966,MONDO:0000141,3.028599731386484,35638880.0,False,False
CHEBI:136007,MONDO:0013582,3.0064440028909343,39026634.0,False,False
CHEBI:90943,MONDO:0000141,3.0339621076842196,34640730.0,False,False
CHEBI:6402,MONDO:0013582,3.027849269334861,35775283.0,False,False
CHEBI:6128,MONDO:0013582,3.0346811336998227,34504887.0,False,False
UNII:LT369U66CE,MONDO:0013582,3.003003132713676,39321135.0,False,False
CHEBI:82980,MONDO:0000141,3.0093190769522957,38704369.0,False,False
UNII:2N4O9L084N,MONDO:0000141,3.0254883171435973,36200160.0,False,False
CHEBI:180653,MONDO:0009759,3.0065245291962377,39018223.0,False,False
CHEBI:231693,MONDO:0000141,3.0352634658699986,34394470.0,False,False
DRUGBANK:DB16199,MONDO:0000141,3.0256850219333575,36165334.0,False,False
CHEBI:94759,MONDO:0000141,3.0277975903285226,35784642.0,False,False
CHEBI:229643,MONDO:0000141,3.0021742380848195,39371764.0,False,False
CHEBI:4309,MONDO:0013582,3.0066643403554694,39003770.0,False,False
CHEBI:5147,MONDO:0013582,3.0356670021951846,34317490.0,False,False
CHEBI:91514,MONDO:0013582,3.0280867868814694,35732234.0,False,False
CHEBI:50859,MONDO:0013582,3.0053684457424006,39130984.0,False,False
UNII:K911R84KEW,MONDO:0000141,3.0371043856331896,34042670.0,False,False
CHEBI:4856,MONDO:0005212,3.02570527912097,36161660.0,False,False
CHEBI:94458,MONDO:0005212,3.027804789244617,35783305.0,False,False
CHEBI:134742,MONDO:0013582,3.027961066696912,35755306.0,False,False
CHEBI:7025,MONDO:0000141,3.0277864005050916,35786688.0,False,False
CHEBI:82699,MONDO:0013582,3.036444033451652,34169354.0,False,False
CHEBI:72305,MONDO:0013582,3.0335931005719905,34710320.0,False,False
CHEBI:31759,MONDO:0000141,3.004480948116241,39209349.0,False,False
UNII:5IB2J79MCX,MONDO:0009759,3.0061004128848197,39061147.0,False,False
UNII:0JSR7Z0NB6,MONDO:0000141,3.0260460973981322,36100567.0,False,False
CHEBI:78825,MONDO:0000141,3.027479077887235,35842326.0,False,False
CHEBI:31413,MONDO:0013582,3.007675250272231,38895489.0,False,False
CHEBI:38940,MONDO:0009759,3.0374126420363234,33983806.0,False,False
CHEBI:5098,MONDO:0000141,3.0092378263272956,38714178.0,False,False
CHEBI:75998,MONDO:0000141,3.036267722120935,34203074.0,False,False
CHEBI:3723,MONDO:0013582,3.0270291352882337,35923930.0,False,False
CHEBI:91514,MONDO:0000141,3.0289777342909283,35569238.0,False,False
UNII:E3B2GI648A,MONDO:0000141,3.0355731443340135,34335550.0,False,False
UNII:GK1LYB375A,MONDO:0013582,3.004221889862577,39230682.0,False,False
CHEBI:83168,MONDO:0013582,3.0264224601488072,36033255.0,False,False
CHEBI:2636,MONDO:0013582,3.0351938401574223,34407872.0,False,False
UNII:681K1JDI8M,MONDO:0000141,3.007207256926468,38946608.0,False,False
CHEBI:135876,MONDO:0013582,3.0061205262579067,39059214.0,False,False
CHEBI:140628,MONDO:0013582,3.0023030620603848,39364528.0,False,False
UNII:9XW757O13D,MONDO:0009759,3.029382214322742,35494880.0,False,False
CHEBI:172944,MONDO:0013582,3.004722254779821,39188798.0,False,False
UNII:913P6LK81M,MONDO:0009759,3.027440068817156,35849426.0,False,False
DRUGBANK:DB00086,MONDO:0013582,3.0284221619988934,35671300.0,False,False
UNII:D27V6190PM,MONDO:0013582,3.028660258837263,35627782.0,False,False
CHEBI:7862,MONDO:0013582,3.0285711543146125,35644045.0,False,False
CHEBI:195558,MONDO:0013582,3.0036701713058056,39273809.0,False,False
CHEBI:142432,MONDO:0000141,3.0269347490374305,35941072.0,False,False
CHEBI:72564,MONDO:0006058,3.845737480711085,120777.0,False,False
CHEBI:6888,MONDO:0006058,3.6227403511026397,540067.0,False,False
CHEBI:9241,MONDO:0006058,3.496354543105988,1271852.0,False,False
CHEBI:45783,MONDO:0005212,4.01175867725797,40287.0,False,False
UNII:7XL5ISS668,MONDO:0006058,3.563110859436216,806376.0,False,False
CHEBI:6402,MONDO:0005212,3.504452514496869,1202743.0,False,False
CHEBI:231344,MONDO:0006058,3.481422820641001,1410439.0,False,False
CHEBI:74947,MONDO:0005212,3.8658395211549257,105593.0,False,False
PUBCHEM.COMPOUND:92043599,MONDO:0005212,3.5270041629736575,1030889.0,False,False
CHEBI:71417,MONDO:0006058,3.8422803199101994,123662.0,False,False
CHEBI:2636,MONDO:0006058,3.4684655383783807,1543238.0,False,False
CHEBI:175901,MONDO:0005212,4.123191009886052,19227.0,False,False
CHEBI:6722,MONDO:0005212,3.8137023680115245,149723.0,False,False
CHEBI:16469,MONDO:0005212,3.625808258334536,529058.0,False,False
UNII:7SQY4ZUD30,MONDO:0006058,3.560957052414289,818190.0,False,False
UNII:8GZG754X6M,MONDO:0006058,3.503435861136423,1211151.0,False,False
CHEBI:74947,MONDO:0006058,3.864354418418253,106663.0,False,False
CHEBI:6888,MONDO:0005212,3.6501043974508587,449785.0,False,False
CHEBI:75988,MONDO:0005212,3.910948172779126,78233.0,False,False
CHEBI:79699,MONDO:0006058,3.60774715603051,597104.0,False,False
CHEBI:231344,MONDO:0005212,3.66878573857316,396918.0,False,False
CHEBI:2955,MONDO:0005212,3.5418769675203894,931612.0,False,False
CHEBI:49603,MONDO:0005212,3.606966559379835,600276.0,False,False
CHEBI:9570,MONDO:0006058,3.7165429887486265,287886.0,False,False
CHEBI:9139,MONDO:0006058,3.5656410714379767,792694.0,False,False
UNII:D6OMY2L0WA,MONDO:0005212,3.476698222033355,1457551.0,False,False
CHEBI:50692,MONDO:0006058,3.6478046497815066,456606.0,False,False
CHEBI:17263,MONDO:0006058,3.562971780858255,807086.0,False,False
CHEBI:135907,MONDO:0006058,3.6005206514677894,626809.0,False,False
CHEBI:16347,MONDO:0006058,3.538156135087851,955372.0,False,False
CHEBI:59560,MONDO:0006058,3.486289830786118,1363654.0,False,False
CHEBI:5801,MONDO:0006058,3.5838931110904526,701004.0,False,False
UNII:LT369U66CE,MONDO:0006058,3.5347918169388803,977555.0,False,False
CHEBI:28445,MONDO:0000141,3.5418535799611064,931749.0,False,False
CHEBI:16467,MONDO:0006058,3.47938313853506,1430628.0,False,False
PUBCHEM.COMPOUND:261004,MONDO:0006058,3.662213116752546,414960.0,False,False
CHEBI:28925,MONDO:0006058,3.926987741843602,70316.0,False,False
UNII:37CQ2C7X93,MONDO:0005212,3.5548518284599746,853036.0,False,False
PUBCHEM.COMPOUND:160283094,MONDO:0005212,3.4583647818972634,1655020.0,False,False
CHEBI:50859,MONDO:0005212,3.5552771189161447,850529.0,False,False
CHEBI:3892,MONDO:0006058,3.7028728963928703,315666.0,False,False
CHEBI:2639,MONDO:0006058,3.6256231326502135,529711.0,False,False
UNII:TO3JYR3BOU,MONDO:0006058,3.664704756602613,407967.0,False,False
CHEBI:4031,MONDO:0005212,3.620480785505213,548420.0,False,False
CHEBI:27834,MONDO:0006058,3.7147027286525427,291483.0,False,False
CHEBI:63452,MONDO:0006058,3.5983997112044808,635660.0,False,False
CHEBI:31638,MONDO:0006058,3.5601182435791,822847.0,False,False
CHEBI:3756,MONDO:0009759,3.561418522814666,815658.0,False,False
UMLS:C2826229,MONDO:0006058,3.6037680160079715,613273.0,False,False
CHEBI:4868,MONDO:0005212,3.8097903144871887,153724.0,False,False
CHEBI:10110,MONDO:0013582,3.0298893898329,35401494.0,False,False
UNII:9RV78Q2002,MONDO:0013582,3.033232110074246,34778571.0,False,False
UNII:AG9MHG098Z,MONDO:0006058,3.4301737534813865,2014411.0,False,False
CHEBI:5523,MONDO:0005212,3.4312742585147475,1998831.0,False,False
UNII:25CG88L0BB,MONDO:0009759,3.031445871291776,35113297.0,False,False
CHEBI:6030,MONDO:0005212,3.410630001936739,2312240.0,False,False
UNII:0H8KZ470DW,MONDO:0013582,3.0308820407954427,35217875.0,False,False
CHEBI:71417,MONDO:0000141,3.442573460658619,1847396.0,False,False
CHEBI:91407,MONDO:0005212,3.4184369666080214,2188075.0,False,False
CHEBI:32127,MONDO:0000141,3.0322022459808182,34972393.0,False,False
CHEBI:133538,MONDO:0005212,3.349362096918552,3578104.0,False,False
DRUGBANK:DB16802,MONDO:0013582,3.0316152827826643,35081637.0,False,False
CHEBI:27565,MONDO:0005212,3.4046506343979264,2411803.0,False,False
DRUGBANK:DB16199,MONDO:0005212,3.4039848168165014,2423209.0,False,False
CHEBI:4868,MONDO:0000141,3.3449460938632387,3693754.0,False,False
CHEBI:64318,MONDO:0013582,3.029883553757508,35402551.0,False,False
CHEBI:231087,MONDO:0006058,3.36170543909671,3274638.0,False,False
CHEBI:17549,MONDO:0006058,3.402281950007941,2452455.0,False,False
CHEBI:6062,MONDO:0006058,3.406721880968666,2376624.0,False,False
PUBCHEM.COMPOUND:261004,MONDO:0000141,3.0299542942923052,35389538.0,False,False
UNII:70BSQ12069,MONDO:0000141,3.0318132490994927,35044700.0,False,False
CHEBI:177836,MONDO:0005212,3.4482062945990704,1776230.0,False,False
UNII:09495UIM6V,MONDO:0006058,3.3412098730780624,3794523.0,False,False
CHEBI:31413,MONDO:0000141,3.030250378517036,35334918.0,False,False
CHEBI:59040,MONDO:0005212,3.0308566858665538,35222511.0,False,False
CHEBI:50212,MONDO:0000141,3.0332821714359444,34769291.0,False,False
UNII:234248D0HH,MONDO:0006058,3.3344576373175303,3984377.0,False,False
CHEBI:90217,MONDO:0009759,3.0314904377605036,35104879.0,False,False
RXCUI:1429358,MONDO:0013582,3.0315824028360727,35087747.0,False,False
CHEBI:63638,MONDO:0006058,3.435280333396737,1943690.0,False,False
UMLS:C5421200,MONDO:0013582,3.030899693664087,35214735.0,False,False
CHEBI:63633,MONDO:0000141,3.0309116932753444,35212585.0,False,False
UNII:UMD07X179E,MONDO:0005212,3.3445199542536286,3705134.0,False,False
CHEBI:4875,MONDO:0006058,3.4035202019637207,2431031.0,False,False
CHEBI:136034,MONDO:0009759,3.0324791283384283,34920327.0,False,False
UNII:G9WJT6RD29,MONDO:0005212,3.3526300646594556,3494520.0,False,False
CHEBI:71200,MONDO:0006058,3.332386872503304,4044833.0,False,False
CHEBI:9398,MONDO:0013582,3.0323565274125377,34943611.0,False,False
CHEBI:63581,MONDO:0000141,3.031640465410077,35077011.0,False,False
CHEBI:101085,MONDO:0009759,3.334488800312052,3983448.0,False,False
CHEBI:61390,MONDO:0005212,3.4096683502756533,2327915.0,False,False
CHEBI:63845,MONDO:0009759,3.02987066626613,35404920.0,False,False
CHEBI:31397,MONDO:0006058,3.3499068632412645,3564172.0,False,False
CHEBI:75984,MONDO:0006058,3.3362508687779115,3933328.0,False,False
CHEBI:231693,MONDO:0009759,3.032466035741722,34922853.0,False,False
CHEBI:68558,MONDO:0000141,3.0325494121205887,34907098.0,False,False
CHEBI:43755,MONDO:0006058,3.3395092037083463,3841432.0,False,False
CHEBI:15891,MONDO:0013582,3.031574803279439,35089118.0,False,False
CHEBI:232556,MONDO:0006058,3.3361033827792017,3937471.0,False,False
UMLS:C2587184,MONDO:0009759,3.030645907080072,35261730.0,False,False
CHEBI:31932,MONDO:0006058,3.3390578117103824,3854071.0,False,False
CHEBI:4659,MONDO:0006058,3.4043639584220022,2416746.0,False,False
UNII:DTI67O9503,MONDO:0013582,3.032017297588121,35006728.0,False,False
CHEBI:5100,MONDO:0006058,3.3428822901499524,3749280.0,False,False
CHEBI:76128,MONDO:0013582,3.0297007428584424,35436332.0,False,False
CHEBI:167309,MONDO:0000141,3.032138674750083,34984319.0,False,False
CHEBI:28787,MONDO:0006058,3.4385463191459555,1899771.0,False,False
UNII:QC4F7FKK7I,MONDO:0013582,3.0331222983672133,34799210.0,False,False
UNII:YI437801BE,MONDO:0006058,3.401703461007623,2462441.0,False,False
CHEBI:32229,MONDO:0006058,3.4517719454279874,1732852.0,False,False
CHEBI:72312,MONDO:0005212,3.4098608458943778,2324901.0,False,False
DRUGBANK:DB16900,MONDO:0013582,3.0297749006068804,35422499.0,False,False
CHEBI:230846,MONDO:0006058,3.427805862163097,2048334.0,False,False
CHEBI:75045,MONDO:0005212,3.357748097520644,3368474.0,False,False
CHEBI:6456,MONDO:0005212,3.4130210685456004,2273412.0,False,False
UNII:S51J6N56M7,MONDO:0005212,3.3557431037285315,3417504.0,False,False
CHEBI:15544,MONDO:0005212,3.347725465326351,3620338.0,False,False
CHEBI:232328,MONDO:0006058,3.42149666935574,2141291.0,False,False
CHEBI:28971,MONDO:0000141,3.0333765350603854,34751217.0,False,False
UNII:089658A12D,MONDO:0005212,3.41116919850072,2303349.0,False,False
CHEBI:3371,MONDO:0006058,3.1148137269817013,20206008.0,False,False
CHEBI:16899,MONDO:0009759,3.2413807771591845,7884028.0,False,False
CHEBI:9605,MONDO:0006058,3.234371102156359,8305474.0,False,False
CHEBI:132975,MONDO:0006058,3.2534632723673824,7209194.0,False,False
UNII:L0HR9A577V,MONDO:0006058,3.2453679738593095,7654642.0,False,False
CHEBI:7566,MONDO:0005212,3.2369546306922916,8147698.0,False,False
CHEBI:3996,MONDO:0009759,3.234810045489391,8278494.0,False,False
CHEBI:75984,MONDO:0005212,3.1144076256254403,20265527.0,False,False
CHEBI:132268,MONDO:0006058,3.2349656443819637,8269006.0,False,False
CHEBI:32010,MONDO:0009759,3.2294356924233014,8615462.0,False,False
CHEBI:95341,MONDO:0006058,3.2293547924485737,8620693.0,False,False
CHEBI:63622,MONDO:0000141,3.1157093514286975,20074568.0,False,False
CHEBI:17303,MONDO:0006058,3.252125187344949,7281038.0,False,False
CHEBI:5103,MONDO:0000141,3.115846370009418,20054478.0,False,False
CHEBI:2668,MONDO:0006058,3.2517044129456703,7303717.0,False,False
CHEBI:231425,MONDO:0013582,3.2335618985805983,8355572.0,False,False
CHEBI:92712,MONDO:0005212,3.2356227266383746,8228798.0,False,False
UNII:2O4BE0K238,MONDO:0005212,3.113843733531621,20349317.0,False,False
CHEBI:27999,MONDO:0000141,3.23856410090202,8051273.0,False,False
CHEBI:5391,MONDO:0006058,3.236197724568454,8193498.0,False,False
CHEBI:18357,MONDO:0005212,3.2531333845387342,7226885.0,False,False
CHEBI:5118,MONDO:0009759,3.1171577958945473,19864059.0,False,False
CHEBI:63620,MONDO:0013582,3.11633993321699,19982746.0,False,False
CHEBI:59040,MONDO:0006058,3.1133928642964035,20415862.0,False,False
CHEBI:9398,MONDO:0006058,3.1142014976694057,20296171.0,False,False
CHEBI:47381,MONDO:0005212,3.2315610040086384,8480400.0,False,False
CHEBI:5818,MONDO:0006058,3.114226914480572,20292478.0,False,False
CHEBI:2618,MONDO:0005212,3.2369662669344548,8146976.0,False,False
UNII:D27V6190PM,MONDO:0006058,3.114257917711851,20287887.0,False,False
CHEBI:18258,MONDO:0000141,3.2352323797068907,8252680.0,False,False
CHEBI:9130,MONDO:0005212,3.117498235980692,19814598.0,False,False
CHEBI:5127,MONDO:0005212,3.2451238149983315,7668494.0,False,False
UNII:L0HR9A577V,MONDO:0005212,3.242217997629033,7835280.0,False,False
UNII:WYD79216A6,MONDO:0006058,3.1164963422571645,19959871.0,False,False
CHEBI:82980,MONDO:0005212,3.234954082893224,8269694.0,False,False
UNII:9P1872D4OL,MONDO:0005212,3.2292395175766173,8628145.0,False,False
CHEBI:64312,MONDO:0009759,3.235273545503053,8250151.0,False,False
CHEBI:15365,MONDO:0013582,3.2410827978662087,7901655.0,False,False
CHEBI:7492,MONDO:0009759,3.115301889228929,20134190.0,False,False
CHEBI:63622,MONDO:0009759,3.2355015514863545,8236301.0,False,False
CHEBI:68610,MONDO:0006058,3.2324056886681034,8427531.0,False,False
CHEBI:4909,MONDO:0006058,3.2454284549421577,7651112.0,False,False
UNII:39HBQ4A67L,MONDO:0006058,3.2374214922457893,8119770.0,False,False
CHEBI:38562,MONDO:0009759,3.1132598233832605,20435782.0,False,False
UNII:K6BUU8J72P,MONDO:0005212,3.2419545499296323,7850572.0,False,False
CHEBI:94759,MONDO:0005212,3.244753635170728,7689403.0,False,False
CHEBI:78540,MONDO:0005212,3.2438308594974927,7741896.0,False,False
CHEBI:5779,MONDO:0009759,3.1643981935679335,14001257.0,False,False
CHEBI:7025,MONDO:0006058,3.1039884680009497,21852286.0,False,False
PUBCHEM.COMPOUND:21121097,MONDO:0006058,3.105043102230727,21686600.0,False,False
CHEBI:8207,MONDO:0005212,3.1622582260345444,14227073.0,False,False
CHEBI:31348,MONDO:0000141,3.076947490027301,26436617.0,False,False
CHEBI:94686,MONDO:0013582,3.1072747279420385,21340713.0,False,False
CHEBI:8461,MONDO:0006058,3.076941495398159,26437719.0,False,False
CHEBI:85662,MONDO:0009759,3.0785213295526273,26152264.0,False,False
CHEBI:5134,MONDO:0000141,3.0795094602107635,25975229.0,False,False
CHEBI:135956,MONDO:0000141,3.077089613347562,26410795.0,False,False
CHEBI:32888,MONDO:0006058,3.107502866068277,21305482.0,False,False
CHEBI:28748,MONDO:0009759,3.105045022819934,21686300.0,False,False
CHEBI:51137,MONDO:0009759,3.0787746427663754,26106622.0,False,False
CHEBI:3654,MONDO:0005212,3.1681258457387838,13616844.0,False,False
CHEBI:8461,MONDO:0005212,3.1655044206087033,13886007.0,False,False
CHEBI:7903,MONDO:0009759,3.0767715422389212,26468694.0,False,False
CHEBI:9599,MONDO:0000141,3.076528002387348,26513007.0,False,False
CHEBI:7907,MONDO:0000141,3.076127904468314,26585534.0,False,False
CHEBI:6078,MONDO:0000141,3.076036319839237,26602172.0,False,False
CHEBI:5050,MONDO:0009759,3.105736262665078,21579039.0,False,False
CHEBI:48669,MONDO:0000141,3.079089353075706,26050288.0,False,False
PUBCHEM.COMPOUND:21121097,MONDO:0005212,3.1628715593330163,14161734.0,False,False
CHEBI:135935,MONDO:0006058,3.0788727456407035,26089055.0,False,False
CHEBI:135515,MONDO:0000141,3.079447163869501,25986518.0,False,False
CHEBI:50275,MONDO:0009759,3.0790183825266872,26063002.0,False,False
CHEBI:31547,MONDO:0009759,3.0749914435016956,26792806.0,False,False
CHEBI:77776,MONDO:0009759,3.075681566932212,26666418.0,False,False
CHEBI:34825,MONDO:0005212,3.1065326598344747,21455347.0,False,False
CHEBI:44423,MONDO:0009759,3.1054336128628934,21625929.0,False,False
CHEBI:53766,MONDO:0005212,3.1641194866199385,14030523.0,False,False
CHEBI:36704,MONDO:0013582,3.076988571061012,26429103.0,False,False
CHEBI:93403,MONDO:0009759,3.07693352455699,26439149.0,False,False
CHEBI:8066,MONDO:0005212,3.0789970861947262,26066776.0,False,False
UNII:07730V90L6,MONDO:0005212,3.166073942509944,13827197.0,False,False
CHEBI:681569,MONDO:0013582,3.0789593595095086,26073540.0,False,False
CHEBI:85078,MONDO:0000141,3.1064244866466275,21472189.0,False,False
CHEBI:74947,MONDO:0000141,3.1655627569424514,13879906.0,False,False
CHEBI:76016,MONDO:0009759,3.167010066700222,13730933.0,False,False
CHEBI:34385,MONDO:0000141,3.105891624161692,21554857.0,False,False
CHEBI:48273,MONDO:0006058,3.106332652910943,21486437.0,False,False
CHEBI:8232,MONDO:0005212,3.162473112123579,14204257.0,False,False
CHEBI:64019,MONDO:0006058,3.1644483513637303,13996007.0,False,False
CHEBI:4356,MONDO:0009759,3.161889121620292,14266570.0,False,False
CHEBI:3398,MONDO:0000141,3.107080344696967,21370674.0,False,False
CHEBI:6437,MONDO:0009759,3.276544921871716,6079295.0,False,False
CHEBI:27470,MONDO:0009759,3.141230290205791,16638668.0,False,False
CHEBI:52139,MONDO:0006058,3.1447139967083118,16214236.0,False,False
UNII:74T7185BMM,MONDO:0006058,3.389954544502289,2675859.0,False,False
CHEBI:29105,MONDO:0006058,3.1449845621997645,16181867.0,False,False
CHEBI:85078,MONDO:0009759,3.14578669461274,16085685.0,False,False
CHEBI:18358,MONDO:0006058,3.39879077111641,2513863.0,False,False
UNII:LKC0U3A8NJ,MONDO:0006058,3.2876008714966947,5604883.0,False,False
CHEBI:49662,MONDO:0013582,3.2740562264743307,6191807.0,False,False
CHEBI:8249,MONDO:0005212,3.1469789696996635,15943842.0,False,False
UNII:91X1KLU43E,MONDO:0006058,3.3630651850972786,3242882.0,False,False
CHEBI:27974,MONDO:0005212,3.38985676170969,2677756.0,False,False
CHEBI:78825,MONDO:0005212,3.2754310365572668,6129179.0,False,False
CHEBI:76018,MONDO:0006058,3.2749038967410877,6153125.0,False,False
CHEBI:3213,MONDO:0009759,3.274048595041352,6192169.0,False,False
CHEBI:47780,MONDO:0005212,3.3628003798384505,3249171.0,False,False
CHEBI:70735,MONDO:0009759,3.272865701152217,6246423.0,False,False
UNII:I5I8VB78VT,MONDO:0006058,3.3806111251030693,2860221.0,False,False
CHEBI:136051,MONDO:0013582,3.1432690824584384,16388789.0,False,False
CHEBI:101278,MONDO:0000141,3.1448243686084454,16200997.0,False,False
CHEBI:135905,MONDO:0013582,3.141450388609985,16611665.0,False,False
CHEBI:134990,MONDO:0009759,3.1446083794312716,16226964.0,False,False
CHEBI:4653,MONDO:0005212,3.2862897613923794,5659125.0,False,False
CHEBI:4453,MONDO:0006058,3.391278988020889,2650716.0,False,False
CHEBI:3777,MONDO:0005212,3.1440084660116834,16299298.0,False,False
CHEBI:180905,MONDO:0009759,3.376569541364265,2943958.0,False,False
CHEBI:5280,MONDO:0005212,3.269902593843139,6384517.0,False,False
CHEBI:10100,MONDO:0006058,3.2798775472620068,5932417.0,False,False
CHEBI:5558,MONDO:0006058,3.2818733933811393,5845929.0,False,False
UNII:31YO63LBSN,MONDO:0006058,3.285848414800199,5677488.0,False,False
CHEBI:691037,MONDO:0006058,3.3880044215077314,2713220.0,False,False
CHEBI:6520,MONDO:0000141,3.2813737181293243,5867636.0,False,False
CHEBI:27732,MONDO:0005212,3.376672343500477,2941879.0,False,False
CHEBI:94805,MONDO:0006058,3.280971339305613,5884971.0,False,False
UNII:A10SJL62JY,MONDO:0006058,3.275904059285136,6107956.0,False,False
CHEBI:7735,MONDO:0006058,3.2875272497707853,5607855.0,False,False
CHEBI:145374,MONDO:0006058,3.3793614019420497,2885689.0,False,False
UNII:N0A21N6RAU,MONDO:0006058,3.4007995512548335,2478248.0,False,False
CHEBI:15544,MONDO:0000141,3.143403892772559,16372510.0,False,False
CHEBI:47426,MONDO:0013582,3.3715303849268397,3051909.0,False,False
RXCUI:1152373,MONDO:0006058,3.14698828701439,15942765.0,False,False
CHEBI:7514,MONDO:0009759,3.1460980990347682,16048603.0,False,False
CHEBI:71272,MONDO:0013582,3.1415722820932412,16596525.0,False,False
PUBCHEM.COMPOUND:54585,MONDO:0005212,3.1455489967347736,16114239.0,False,False
CHEBI:28241,MONDO:0013582,3.1437673754643902,16328071.0,False,False
CHEBI:50838,MONDO:0005212,3.373391971803364,3011638.0,False,False
CHEBI:32090,MONDO:0006058,3.373206883124106,3015515.0,False,False
CHEBI:4551,MONDO:0006058,3.3981368960132463,2525422.0,False,False
CHEBI:6741,MONDO:0009759,3.1421784987295682,16521674.0,False,False
UNII:15C2VL427D,MONDO:0013582,3.110633114057787,20829073.0,False,False
CHEBI:5801,MONDO:0009759,3.1287033790727206,18252931.0,False,False
UNII:WYD79216A6,MONDO:0009759,3.111928370444345,20633952.0,False,False
CHEBI:3001,MONDO:0009759,3.062991120254013,29032977.0,False,False
UNII:3U02EL437C,MONDO:0000141,3.0662903422390633,28408319.0,False,False
CHEBI:94688,MONDO:0013582,3.0659793855260222,28467011.0,False,False
CHEBI:209807,MONDO:0009759,3.062716877316536,29085131.0,False,False
UNII:QX45B99R3J,MONDO:0000141,3.06582357440734,28496380.0,False,False
UNII:PP0SHH6V16,MONDO:0013582,3.0621038656811006,29202126.0,False,False
CHEBI:53766,MONDO:0009759,3.1249358293122804,18765130.0,False,False
UNII:YK2K6N3ZVU,MONDO:0005212,3.1085378087997757,21147152.0,False,False
UNII:38RL9AE51Q,MONDO:0009759,3.124054390912688,18887166.0,False,False
CHEBI:41879,MONDO:0000141,3.1122438370293812,20586793.0,False,False
CHEBI:8502,MONDO:0000141,3.1122465842445437,20586387.0,False,False
CHEBI:32229,MONDO:0005212,3.1280907234194837,18335537.0,False,False
CHEBI:6832,MONDO:0013582,3.129362809647149,18165074.0,False,False
UNII:UA8U0KJM72,MONDO:0005212,3.108207687307071,21197658.0,False,False
CHEBI:4534,MONDO:0013582,3.0636178127619926,28913717.0,False,False
CHEBI:188559,MONDO:0006058,3.1239575168965645,18900602.0,False,False
CHEBI:4527,MONDO:0006058,3.1240926963777023,18881816.0,False,False
CHEBI:27902,MONDO:0000141,3.127712688121363,18386775.0,False,False
CHEBI:4702,MONDO:0000141,3.1254220067903997,18698704.0,False,False
CHEBI:65346,MONDO:0005212,3.062747771624246,29079144.0,False,False
UNII:834YJF89WO,MONDO:0009759,3.112078181355507,20611477.0,False,False
CHEBI:9738,MONDO:0000141,3.1123346876309244,20573168.0,False,False
CHEBI:135738,MONDO:0006058,3.1271268818331346,18466316.0,False,False
CHEBI:6073,MONDO:0005212,3.1126589330632983,20524979.0,False,False
UNII:Y6BX7BL23K,MONDO:0000141,3.064266539161798,28790284.0,False,False
CHEBI:17754,MONDO:0009759,3.065403828645898,28575412.0,False,False
CHEBI:133017,MONDO:0000141,3.1089497671552007,21084436.0,False,False
CHEBI:3183,MONDO:0005212,3.064621765869762,28723248.0,False,False
CHEBI:81567,MONDO:0013582,3.1251943509321887,18729803.0,False,False
CHEBI:9738,MONDO:0013582,3.062418300614843,29142056.0,False,False
CHEBI:177658,MONDO:0009759,3.108722292344255,21118866.0,False,False
CHEBI:30745,MONDO:0006058,3.108761730104864,21112910.0,False,False
CHEBI:10127,MONDO:0000141,3.111502131624144,20698135.0,False,False
CHEBI:59040,MONDO:0009759,3.064114314342589,28819423.0,False,False
CHEBI:6432,MONDO:0009759,3.110277183630082,20882770.0,False,False
CHEBI:4995,MONDO:0009759,3.124114031842544,18878860.0,False,False
CHEBI:66901,MONDO:0006058,3.126468612095815,18555573.0,False,False
UNII:2J3H5C81A5,MONDO:0005212,3.1238549883392093,18914832.0,False,False
CHEBI:5931,MONDO:0009759,3.1258432458430567,18641028.0,False,False
CHEBI:135925,MONDO:0013582,3.1106577696970232,20825291.0,False,False
CHEBI:253342,MONDO:0009759,3.128726893929011,18249875.0,False,False
CHEBI:76010,MONDO:0005212,3.1251908939819746,18730278.0,False,False
CHEBI:63632,MONDO:0009759,3.1265682143643376,18542195.0,False,False
CHEBI:40009,MONDO:0000141,3.126406468995524,18564094.0,False,False
CHEBI:5130,MONDO:0013582,3.0646072507713376,28725913.0,False,False
UMLS:C2699571,MONDO:0005212,3.124203360487228,18866524.0,False,False
CHEBI:17594,MONDO:0006058,3.119643428307343,19506725.0,False,False
CHEBI:8774,MONDO:0006058,3.2645985350282443,6639607.0,False,False
CHEBI:2719,MONDO:0006058,3.25739617474533,7002397.0,False,False
CHEBI:10119,MONDO:0009759,3.262484708983825,6743396.0,False,False
CHEBI:229661,MONDO:0006058,3.212737275658678,9758524.0,False,False
CHEBI:10127,MONDO:0009759,3.213692816642949,9689238.0,False,False
CHEBI:41423,MONDO:0000141,3.2620375171012177,6765662.0,False,False
CHEBI:81567,MONDO:0005212,3.2693786083105874,6409044.0,False,False
CHEBI:31292,MONDO:0006058,3.26298366429661,6718838.0,False,False
CHEBI:72305,MONDO:0006058,3.2108436932313977,9896846.0,False,False
CHEBI:229764,MONDO:0005212,3.254679217258404,7144563.0,False,False
CHEBI:94848,MONDO:0013582,3.1217389183317845,19209720.0,False,False
UMLS:C0032140,MONDO:0006058,3.206093955765886,10255013.0,False,False
CHEBI:4466,MONDO:0009759,3.2081516067072986,10098383.0,False,False
UNII:105J35OE21,MONDO:0006058,3.2056556199024,10288825.0,False,False
CHEBI:40237,MONDO:0013582,3.215018413981002,9593983.0,False,False
CHEBI:83804,MONDO:0006058,3.2108551277457877,9896017.0,False,False
CHEBI:63613,MONDO:0006058,3.2549411101809844,7130695.0,False,False
CHEBI:233446,MONDO:0006058,3.258842331265031,6927314.0,False,False
CHEBI:176399,MONDO:0006058,3.2105484302060776,9918967.0,False,False
CHEBI:9434,MONDO:0013582,3.122341489371151,19125095.0,False,False
CHEBI:82699,MONDO:0006058,3.2127400609585726,9758320.0,False,False
CHEBI:5864,MONDO:0009759,3.1214242909206362,19254194.0,False,False
CHEBI:196955,MONDO:0005212,3.2544869273751367,7154851.0,False,False
RXCUI:967089,MONDO:0006058,3.1229062770842844,19046491.0,False,False
UMLS:C4329337,MONDO:0006058,3.2688880437415033,6432375.0,False,False
CHEBI:134709,MONDO:0013582,3.120996479911065,19314607.0,False,False
CHEBI:49662,MONDO:0000141,3.211956722442299,9815482.0,False,False
UNII:4B33BGI082,MONDO:0006058,3.208659600892073,10060160.0,False,False
CHEBI:107736,MONDO:0006058,3.2638719517649486,6675189.0,False,False
CHEBI:9468,MONDO:0005212,3.2117405496600613,9831352.0,False,False
CHEBI:3732,MONDO:0000141,3.123532015757011,18959740.0,False,False
CHEBI:135925,MONDO:0009759,3.2106606752666575,9910613.0,False,False
CHEBI:51860,MONDO:0006058,3.2127453909023784,9757914.0,False,False
CHEBI:3387,MONDO:0000141,3.2676744993362488,6489906.0,False,False
CHEBI:8310,MONDO:0005212,3.2958869545975724,5274309.0,False,False
CHEBI:3084,MONDO:0013582,3.150932144919672,15480922.0,False,False
CHEBI:8212,MONDO:0013582,3.0916074840054564,23868931.0,False,False
UNII:0R4NLX88O4,MONDO:0005212,3.148859092482915,15722276.0,False,False
CHEBI:8357,MONDO:0000141,3.148631079391675,15748949.0,False,False
CHEBI:3640,MONDO:0013582,3.3038095169288972,4978477.0,False,False
CHEBI:140407,MONDO:0009759,3.089885040775348,24160691.0,False,False
CHEBI:27902,MONDO:0009759,3.090591463850581,24040698.0,False,False
UNII:XN7MM8XG2M,MONDO:0005212,3.1493565026224193,15664414.0,False,False
CHEBI:6838,MONDO:0005212,3.1506566102274904,15512792.0,False,False
CHEBI:31687,MONDO:0013582,3.090755682941947,24012579.0,False,False
CHEBI:3506,MONDO:0009759,3.0908628023146645,23994395.0,False,False
CHEBI:5778,MONDO:0000141,3.2949047182078597,5312450.0,False,False
CHEBI:94501,MONDO:0005212,3.1531625129266523,15225789.0,False,False
CHEBI:31413,MONDO:0005212,3.152718492058968,15275850.0,False,False
CHEBI:41977,MONDO:0013582,3.092572003600079,23706194.0,False,False
CHEBI:9674,MONDO:0009759,3.151263060443987,15442948.0,False,False
CHEBI:9168,MONDO:0000141,3.0924698539610262,23723346.0,False,False
CHEBI:127780,MONDO:0005212,3.1501192932088147,15575114.0,False,False
CHEBI:135983,MONDO:0006058,3.296285087521421,5258833.0,False,False
CHEBI:7865,MONDO:0005212,3.1524027421903957,15311870.0,False,False
CHEBI:145373,MONDO:0006058,3.1490513719655695,15700093.0,False,False
CHEBI:5856,MONDO:0005212,3.1524051488486937,15311594.0,False,False
CHEBI:3077,MONDO:0013582,3.0903207201476386,24086535.0,False,False
CHEBI:3738,MONDO:0005212,3.289431102549883,5530081.0,False,False
CHEBI:5558,MONDO:0005212,3.1502344783346343,15561712.0,False,False
UNII:3JB47N2Q2P,MONDO:0005212,3.302249341407661,5035555.0,False,False
CHEBI:93635,MONDO:0013582,3.1490756095009087,15697270.0,False,False
CHEBI:15940,MONDO:0006058,3.291425036802888,5449493.0,False,False
CHEBI:51450,MONDO:0009759,3.1512184215416976,15448153.0,False,False
CHEBI:4909,MONDO:0013582,3.0921345609494404,23780062.0,False,False
CHEBI:68579,MONDO:0006058,3.2926299322138606,5401615.0,False,False
CHEBI:7822,MONDO:0009759,3.149678213617622,15626500.0,False,False
CHEBI:5441,MONDO:0005212,3.1530717579764067,15236007.0,False,False
CHEBI:91858,MONDO:0006058,3.092490648107038,23719748.0,False,False
CHEBI:63717,MONDO:0000141,3.0919689025275616,23808138.0,False,False
CHEBI:26580,MONDO:0006058,3.1524765163825714,15303382.0,False,False
CHEBI:68579,MONDO:0005212,3.1524187905141354,15310000.0,False,False
CHEBI:8768,MONDO:0009759,3.1504751667868183,15533759.0,False,False
CHEBI:6520,MONDO:0013582,3.0917635134117285,23842681.0,False,False
CHEBI:145994,MONDO:0006058,3.302237662038621,5035957.0,False,False
CHEBI:70708,MONDO:0009759,3.092611619340203,23699713.0,False,False
CHEBI:7494,MONDO:0009759,3.088984465786188,24314725.0,False,False
UNII:TG8IQ19NG2,MONDO:0005212,3.2888216617807693,5554885.0,False,False
UNII:AQK7UBA1LS,MONDO:0005212,3.1709897487693084,13329496.0,False,False
CHEBI:5931,MONDO:0000141,3.2185171759207862,9346774.0,False,False
CHEBI:2618,MONDO:0013582,3.1761641992783307,12823697.0,False,False
CHEBI:83531,MONDO:0005212,3.1726982204236114,13159705.0,False,False
CHEBI:31793,MONDO:0013582,3.311774814676096,4697135.0,False,False
UNII:WKM56H3TLB,MONDO:0006058,3.3103674768175546,4746067.0,False,False
CHEBI:135957,MONDO:0006058,3.313417825676863,4641386.0,False,False
UNII:6ZA31Y954Z,MONDO:0006058,3.3093969956780516,4779244.0,False,False
UNII:09495UIM6V,MONDO:0005212,3.3295718395228735,4128058.0,False,False
CHEBI:2663,MONDO:0006058,3.2180501192857167,9379546.0,False,False
CHEBI:3508,MONDO:0006058,3.220260536029244,9226012.0,False,False
CHEBI:50567,MONDO:0013582,3.3238034546119963,4304242.0,False,False
CHEBI:6801,MONDO:0000141,3.3295052986634452,4129996.0,False,False
CHEBI:3082,MONDO:0009759,3.173891420725621,13042875.0,False,False
DRUGBANK:DB16199,MONDO:0006058,3.3126348175433717,4667809.0,False,False
UNII:7CDW97HUEX,MONDO:0006058,3.3279007476605864,4178443.0,False,False
CHEBI:63611,MONDO:0006058,3.3220937820609553,4357942.0,False,False
UNII:97IQ273H4L,MONDO:0006058,3.218318198951454,9360694.0,False,False
CHEBI:15891,MONDO:0006058,3.2164045596658006,9495517.0,False,False
UMLS:C1172255,MONDO:0006058,3.222839208797482,9050868.0,False,False
CHEBI:59773,MONDO:0005212,3.3225532430117473,4343462.0,False,False
CHEBI:3766,MONDO:0000141,3.172927996602369,13137217.0,False,False
CHEBI:6456,MONDO:0013582,3.17689410213365,12754134.0,False,False
CHEBI:6121,MONDO:0006058,3.3213746027741875,4380638.0,False,False
UNII:513P80B4YJ,MONDO:0006058,3.218099011040038,9376182.0,False,False
CHEBI:95170,MONDO:0009759,3.171150709261213,13313474.0,False,False
CHEBI:4681,MONDO:0005212,3.216277010664074,9504496.0,False,False
UNII:8A7F670F2Y,MONDO:0006058,3.223347256286276,9016658.0,False,False
CHEBI:7444,MONDO:0006058,3.2163777700488763,9497404.0,False,False
CHEBI:39548,MONDO:0006058,3.3309079567659934,4088165.0,False,False
CHEBI:291342,MONDO:0000141,3.172932608413849,13136737.0,False,False
CHEBI:4551,MONDO:0005212,3.2270165664078636,8772620.0,False,False
CHEBI:42355,MONDO:0005212,3.3083277181930555,4816388.0,False,False
CHEBI:3757,MONDO:0000141,3.312605308825672,4668813.0,False,False
UMLS:C0032140,MONDO:0005212,3.3127623341172625,4663468.0,False,False
CHEBI:190509,MONDO:0005212,3.22296392737191,9042456.0,False,False
CHEBI:82702,MONDO:0006058,3.3081554922810708,4822610.0,False,False
CHEBI:66899,MONDO:0006058,3.320247396484243,4416597.0,False,False
CHEBI:32223,MONDO:0006058,3.33104376785561,4084182.0,False,False
CHEBI:521033,MONDO:0005212,3.328825734001364,4150400.0,False,False
CHEBI:101085,MONDO:0000141,3.321464482080942,4377758.0,False,False
CHEBI:51230,MONDO:0006058,3.314720826230147,4597471.0,False,False
CHEBI:3125,MONDO:0005212,3.1740892013380133,13023633.0,False,False
CHEBI:2659,MONDO:0005212,3.3099572926836753,4760137.0,False,False
CHEBI:3084,MONDO:0009759,3.173864858302168,13045415.0,False,False
UNII:EUT3557RT5,MONDO:0005212,3.3238887836767788,4301548.0,False,False
CHEBI:585948,MONDO:0006058,3.172535562318183,13175881.0,False,False
CHEBI:3419,MONDO:0009759,3.2212328526065215,9159576.0,False,False
CHEBI:116735,MONDO:0005212,3.1700357339030623,13424778.0,False,False
UNII:Z5N076G8YQ,MONDO:0006058,3.2179654769466803,9385398.0,False,False
CHEBI:114785,MONDO:0000141,3.1751668199044776,12919258.0,False,False
UNII:WKM56H3TLB,MONDO:0005212,3.3166554546417677,4533156.0,False,False
CHEBI:4681,MONDO:0013582,3.3235628457158732,4311804.0,False,False
CHEBI:133538,MONDO:0009759,3.069421144747178,27821637.0,False,False
CHEBI:15765,MONDO:0013582,3.0935451606389694,23543915.0,False,False
CHEBI:32127,MONDO:0009759,3.069370247119501,27831090.0,False,False
UMLS:C1268876,MONDO:0000141,3.068404226647215,28011368.0,False,False
RXCUI:2465553,MONDO:0013582,3.159454616791683,14527959.0,False,False
CHEBI:135907,MONDO:0013582,3.095736252967521,23180704.0,False,False
CHEBI:233309,MONDO:0009759,3.0669252499409945,28288747.0,False,False
CHEBI:599440,MONDO:0006058,3.0670813557883303,28259402.0,False,False
CHEBI:10119,MONDO:0006058,3.1578738736387373,14700382.0,False,False
UNII:08GY9K1EUO,MONDO:0006058,3.160568939955949,14407523.0,False,False
CHEBI:9014,MONDO:0000141,3.1580332224690544,14682960.0,False,False
CHEBI:27666,MONDO:0013582,3.070511371490152,27618582.0,False,False
CHEBI:5296,MONDO:0009759,3.093214229856459,23599155.0,False,False
CHEBI:31687,MONDO:0006058,3.1597823383556918,14492447.0,False,False
CHEBI:8214,MONDO:0005212,3.069873243211726,27737553.0,False,False
CHEBI:31413,MONDO:0009759,3.0971901597832785,22942833.0,False,False
CHEBI:41774,MONDO:0000141,3.1565539831019698,14845184.0,False,False
CHEBI:60773,MONDO:0009759,3.066361312896179,28394943.0,False,False
CHEBI:31401,MONDO:0013582,3.154498996327603,15074623.0,False,False
PUBCHEM.COMPOUND:5284632,MONDO:0005212,3.0957258514042887,23182423.0,False,False
CHEBI:3311,MONDO:0013582,3.0696943350657993,27770957.0,False,False
UNII:T3U32GLJ0F,MONDO:0005212,3.156269470640149,14876985.0,False,False
CHEBI:6438,MONDO:0013582,3.156016549040066,14905093.0,False,False
CHEBI:4975,MONDO:0000141,3.0686690126201634,27961934.0,False,False
UNII:6315412YVF,MONDO:0009759,3.070361186601135,27646468.0,False,False
UNII:W6I5QDT7QI,MONDO:0013582,3.069344377753573,27835840.0,False,False
UNII:UYB6UOF69L,MONDO:0005212,3.0964715451742437,23059734.0,False,False
CHEBI:4657,MONDO:0005212,3.070474335412497,27625396.0,False,False
CHEBI:93635,MONDO:0006058,3.15880809933978,14598118.0,False,False
CHEBI:27666,MONDO:0009759,3.096895041346674,22990795.0,False,False
CHEBI:232810,MONDO:0000141,3.068816939787286,27934202.0,False,False
UNII:00Y6A5AJU6,MONDO:0013582,3.0677663370208945,28131148.0,False,False
CHEBI:17688,MONDO:0009759,3.0677664417063,28131129.0,False,False
UNII:9K8GNJ2874,MONDO:0009759,3.1556013618731624,14951423.0,False,False
UNII:7SE5582Q2P,MONDO:0005212,3.157879990751458,14699743.0,False,False
CHEBI:49040,MONDO:0013582,3.0940882469258444,23453625.0,False,False
CHEBI:30746,MONDO:0006058,3.1574657458400823,14744872.0,False,False
CHEBI:7936,MONDO:0006058,3.1551660027381416,14999830.0,False,False
UMLS:C3714737,MONDO:0009759,3.0690393865295613,27892780.0,False,False
CHEBI:31663,MONDO:0013582,3.0679329822768704,28099759.0,False,False
CHEBI:90936,MONDO:0000141,3.097925993714141,22822731.0,False,False
CHEBI:9316,MONDO:0009759,3.0975179394757646,22889236.0,False,False
CHEBI:85164,MONDO:0000141,3.068787977408686,27939666.0,False,False
CHEBI:4909,MONDO:0000141,3.158413794725731,14641299.0,False,False
CHEBI:45285,MONDO:0009759,3.1603773406753195,14428057.0,False,False
CHEBI:4798,MONDO:0000141,3.094326940380215,23413707.0,False,False
CHEBI:31759,MONDO:0006058,3.0934632330691105,23557431.0,False,False
CHEBI:135654,MONDO:0013582,3.0680865257154837,28070804.0,False,False
CHEBI:90933,MONDO:0009759,3.06960962293245,27786645.0,False,False
CHEBI:27779,MONDO:0006058,3.160884110519155,14373696.0,False,False
UNII:G6UF363ECX,MONDO:0006058,3.2040484750874567,10412999.0,False,False
CHEBI:681848,MONDO:0005212,3.1955941504221075,11091716.0,False,False
CHEBI:50131,MONDO:0000141,3.0714219958479,27449715.0,False,False
UNII:07896928ZC,MONDO:0005212,3.202564790073996,10529399.0,False,False
CHEBI:4315,MONDO:0000141,3.2013864431891887,10622120.0,False,False
UNII:GE2T1418SV,MONDO:0000141,3.0597869070713433,29645869.0,False,False
CHEBI:45906,MONDO:0009759,3.0614607113935683,29325051.0,False,False
CHEBI:90844,MONDO:0006058,3.2027789612656385,10512549.0,False,False
CHEBI:87681,MONDO:0006058,3.1987625240769595,10831920.0,False,False
CHEBI:5050,MONDO:0000141,3.0735007035672504,27065401.0,False,False
UNII:N7T15V1FUY,MONDO:0005212,3.074840763285396,26820430.0,False,False
UNII:70BSQ12069,MONDO:0006058,3.0749478426312615,26800864.0,False,False
CHEBI:63611,MONDO:0013582,3.0589733958439984,29801672.0,False,False
CHEBI:8382,MONDO:0013582,3.057912175114226,30006286.0,False,False
CHEBI:7823,MONDO:0000141,3.0711945149992284,27491534.0,False,False
CHEBI:91408,MONDO:0000141,3.0584112865645032,29909755.0,False,False
PUBCHEM.COMPOUND:76314940,MONDO:0009759,3.0720697016898795,27329329.0,False,False
CHEBI:3223,MONDO:0000141,3.074410801275839,26898737.0,False,False
CHEBI:4551,MONDO:0000141,3.1978160021008915,10908561.0,False,False
CHEBI:9449,MONDO:0009759,3.199237248007776,10793731.0,False,False
PUBCHEM.COMPOUND:54681908,MONDO:0006058,3.072913696791657,27173684.0,False,False
UNII:N19A0T0E5J,MONDO:0013582,3.0726620732830323,27219752.0,False,False
CHEBI:50848,MONDO:0005212,3.202150634410283,10562043.0,False,False
CHEBI:173077,MONDO:0009759,3.0612864231799426,29358466.0,False,False
CHEBI:85164,MONDO:0013582,3.074609255289981,26862318.0,False,False
CHEBI:32293,MONDO:0013582,3.06044560223307,29519342.0,False,False
CHEBI:16335,MONDO:0000141,3.060429673715033,29522472.0,False,False
CHEBI:3309,MONDO:0005212,3.0711862307034945,27493050.0,False,False
CHEBI:8346,MONDO:0013582,3.060357226492542,29536496.0,False,False
CHEBI:4495,MONDO:0000141,3.2038268024271854,10430175.0,False,False
CHEBI:32223,MONDO:0005212,3.197028539827915,10973259.0,False,False
UNII:K2J09EMJ52,MONDO:0006058,3.2006160521653513,10683488.0,False,False
UNII:420K487FSG,MONDO:0006058,3.2015873342202554,10606281.0,False,False
CHEBI:100246,MONDO:0000141,3.072529494287063,27244396.0,False,False
CHEBI:134966,MONDO:0005212,3.0613450757041014,29347281.0,False,False
CHEBI:7488,MONDO:0013582,3.0730364973947064,27150975.0,False,False
CHEBI:5141,MONDO:0006058,3.203110840310578,10486284.0,False,False
UNII:07896928ZC,MONDO:0000141,3.0606719752910694,29475877.0,False,False
CHEBI:8356,MONDO:0013582,3.0594290456302384,29714695.0,False,False
CHEBI:172943,MONDO:0009759,3.0744263205935924,26895860.0,False,False
UNII:XZA0KB1BDQ,MONDO:0013582,3.060678640559159,29474584.0,False,False
CHEBI:7798,MONDO:0013582,3.074872179797939,26814785.0,False,False
UNII:8G388563M7,MONDO:0006058,3.2040437445256553,10413311.0,False,False
CHEBI:9943,MONDO:0005212,3.0737596967694363,27018032.0,False,False
CHEBI:5098,MONDO:0006058,3.073214678509535,27117918.0,False,False
CHEBI:28901,MONDO:0013582,3.0598886639850513,29626284.0,False,False
CHEBI:133538,MONDO:0006058,3.1982183558676036,10876120.0,False,False
CHEBI:100246,MONDO:0005212,3.19860156297022,10845024.0,False,False
CHEBI:31905,MONDO:0013582,3.0740893251464403,26957567.0,False,False
CHEBI:215747,MONDO:0006058,3.06074618115363,29461512.0,False,False
UNII:50FKX8CB2Y,MONDO:0009759,3.0392221934077464,33635654.0,False,False
UNII:NA1U919MRO,MONDO:0006058,3.134876108164205,17440545.0,False,False
CHEBI:43602,MONDO:0009759,3.0415377372785763,33187861.0,False,False
CHEBI:9086,MONDO:0013582,3.1347234090664493,17460267.0,False,False
CHEBI:68845,MONDO:0013582,3.0379409943531464,33882587.0,False,False
UMLS:C5238067,MONDO:0006058,3.1316545095915256,17860817.0,False,False
CHEBI:4909,MONDO:0009759,3.135668259875018,17338352.0,False,False
CHEBI:22652,MONDO:0013582,3.1329513260334547,17690297.0,False,False
CHEBI:135005,MONDO:0009759,3.0411035259022974,33272162.0,False,False
CHEBI:3640,MONDO:0005212,3.1313753223998524,17897544.0,False,False
CHEBI:2379,MONDO:0005212,3.0385265621472226,33770003.0,False,False
UNII:2372V1TKXK,MONDO:0009759,3.039742639409285,33535345.0,False,False
UNII:SMA5ZS5B22,MONDO:0000141,3.038006767697641,33869953.0,False,False
CHEBI:177658,MONDO:0006058,3.133538802389423,17613479.0,False,False
CHEBI:63626,MONDO:0005212,3.1297000073943124,18119899.0,False,False
CHEBI:3723,MONDO:0006058,3.139648589180609,16834273.0,False,False
CHEBI:107736,MONDO:0009759,3.1376846554646205,17080751.0,False,False
CHEBI:3732,MONDO:0009759,3.1397081743198676,16826930.0,False,False
CHEBI:7507,MONDO:0009759,3.141103673155242,16654200.0,False,False
CHEBI:3419,MONDO:0006058,3.1323509950752744,17769103.0,False,False
CHEBI:6538,MONDO:0000141,3.038349059808117,33804049.0,False,False
UNII:3E3D8T1GIX,MONDO:0005212,3.1390655635058593,16907152.0,False,False
CHEBI:10033,MONDO:0013582,3.13633522917237,17252411.0,False,False
UNII:5Q6TZN2HNM,MONDO:0009759,3.040498528540307,33389068.0,False,False
CHEBI:6015,MONDO:0006058,3.1342373395282976,17523400.0,False,False
CHEBI:135552,MONDO:0005212,3.0402152533375975,33444088.0,False,False
CHEBI:6960,MONDO:0000141,3.1329094606247727,17695813.0,False,False
CHEBI:135737,MONDO:0000141,3.0390374320483797,33671284.0,False,False
CHEBI:28901,MONDO:0000141,3.1306666308400732,17990950.0,False,False
CHEBI:63610,MONDO:0013582,3.140439039766971,16736308.0,False,False
CHEBI:170007,MONDO:0009759,3.041612709039237,33173115.0,False,False
CHEBI:8774,MONDO:0005212,3.1323786528955484,17765443.0,False,False
CHEBI:7601,MONDO:0005212,3.1317819821470074,17844144.0,False,False
CHEBI:7915,MONDO:0013582,3.1301594157535217,18058502.0,False,False
UNII:7V4A8U16MB,MONDO:0006058,3.1391369978312404,16898268.0,False,False
CHEBI:68845,MONDO:0009759,3.03967964196925,33547605.0,False,False
CHEBI:135954,MONDO:0000141,3.0398133574258956,33521796.0,False,False
CHEBI:135342,MONDO:0000141,3.038043185797296,33862867.0,False,False
CHEBI:3892,MONDO:0013582,3.139009696833953,16914039.0,False,False
CHEBI:71940,MONDO:0000141,3.1367260202834153,17202812.0,False,False
UNII:6315412YVF,MONDO:0006058,3.1340995257742597,17541081.0,False,False
CHEBI:43602,MONDO:0005212,3.1353476992362834,17379513.0,False,False
CHEBI:4470,MONDO:0006058,3.040806504440635,33329695.0,False,False
CHEBI:50838,MONDO:0009759,3.1362293262530696,17266090.0,False,False
CHEBI:5280,MONDO:0013582,3.139564365760762,16844924.0,False,False
CHEBI:46081,MONDO:0000141,3.136525804884142,17228275.0,False,False
UNII:DPT0O3T46P,MONDO:0009759,3.040754473019441,33339771.0,False,False
UNII:UMD7G2653W,MONDO:0009759,3.139136193737717,16898372.0,False,False
CHEBI:30830,MONDO:0000141,3.133789528115292,17581089.0,False,False
CHEBI:17154,MONDO:0000141,3.038111977155956,33849728.0,False,False
CHEBI:3238,MONDO:0005212,3.040234533618846,33440361.0,False,False
CHEBI:18357,MONDO:0009759,3.133020093722065,17681303.0,False,False
CHEBI:2453,MONDO:0009759,3.1345807422915,17478848.0,False,False
CHEBI:127342,MONDO:0006058,3.1357521748801327,17327515.0,False,False
CHEBI:34825,MONDO:0000141,3.0397709298333924,33529853.0,False,False
CHEBI:60773,MONDO:0000141,3.0413846966783185,33217759.0,False,False
CHEBI:5551,MONDO:0006058,3.0803091983247786,25831653.0,False,False
CHEBI:31781,MONDO:0013582,3.056462175040835,30286043.0,False,False
UNII:LR3UXN0193,MONDO:0000141,3.056077122350196,30360993.0,False,False
UNII:AD0O8X2QJR,MONDO:0009759,3.0566222303747477,30254971.0,False,False
CHEBI:6538,MONDO:0013582,3.0544611692286434,30674017.0,False,False
CHEBI:18357,MONDO:0000141,3.0577221326947477,30042779.0,False,False
CHEBI:59590,MONDO:0013582,3.080608825506282,25778065.0,False,False
CHEBI:229526,MONDO:0009759,3.0546447467523095,30638455.0,False,False
CHEBI:82941,MONDO:0006058,3.179985913056517,12463129.0,False,False
CHEBI:91408,MONDO:0005212,3.1805041623530625,12414922.0,False,False
CHEBI:4786,MONDO:0005212,3.1836314286048424,12128197.0,False,False
CHEBI:71229,MONDO:0013582,3.0550767760375197,30554874.0,False,False
CHEBI:81567,MONDO:0000141,3.082704065571213,25406614.0,False,False
UNII:9X7O8V25IT,MONDO:0013582,3.082215608605979,25492972.0,False,False
CHEBI:9720,MONDO:0009759,3.184902131084664,12013275.0,False,False
CHEBI:7496,MONDO:0009759,3.0566555101367587,30248648.0,False,False
CHEBI:49603,MONDO:0000141,3.0813111557456185,25652670.0,False,False
CHEBI:102166,MONDO:0013582,3.0562329050627266,30330621.0,False,False
CHEBI:4868,MONDO:0009759,3.1834750356623243,12142396.0,False,False
CHEBI:6633,MONDO:0000141,3.0541360521740284,30737275.0,False,False
CHEBI:65349,MONDO:0005212,3.054055396932852,30753068.0,False,False
CHEBI:7451,MONDO:0006058,3.057689927054147,30049133.0,False,False
CHEBI:8389,MONDO:0009759,3.0810022709864415,25707680.0,False,False
CHEBI:135811,MONDO:0006058,3.081775120698265,25570347.0,False,False
CHEBI:9754,MONDO:0006058,3.183459138055527,12143839.0,False,False
UNII:7XL5ISS668,MONDO:0000141,3.083945674241538,25189152.0,False,False
CHEBI:233446,MONDO:0009759,3.0542546443149403,30713975.0,False,False
UNII:QMS40680K6,MONDO:0009759,3.0537278576151046,30816587.0,False,False
CHEBI:15551,MONDO:0000141,3.0573235779418484,30119666.0,False,False
CHEBI:50673,MONDO:0013582,3.0568351919377474,30213843.0,False,False
UNII:3JGY52XJNA,MONDO:0013582,3.081636541650794,25595026.0,False,False
CHEBI:135962,MONDO:0009759,3.0573804133441302,30108796.0,False,False
CHEBI:94848,MONDO:0009759,3.0822238366924166,25491546.0,False,False
CHEBI:10056,MONDO:0009759,3.0537649080951113,30809548.0,False,False
CHEBI:134716,MONDO:0000141,3.1823642308078597,12243603.0,False,False
CHEBI:100241,MONDO:0000141,3.082236508903128,25489395.0,False,False
CHEBI:27565,MONDO:0009759,3.056241959161392,30328809.0,False,False
CHEBI:681850,MONDO:0000141,3.1817210356040615,12302759.0,False,False
CHEBI:2704,MONDO:0013582,3.0541060962055995,30743176.0,False,False
CHEBI:9332,MONDO:0005212,3.180642551265405,12402124.0,False,False
UNII:5YL4IQ1078,MONDO:0006058,3.1810298521941003,12366552.0,False,False
CHEBI:64356,MONDO:0013582,3.0545273695232704,30661232.0,False,False
CHEBI:142432,MONDO:0009759,3.0566373564536686,30252120.0,False,False
UNII:XSZ53G39H5,MONDO:0009759,3.0543658036427273,30692438.0,False,False
CHEBI:44915,MONDO:0005212,3.18566971000964,11945180.0,False,False
UNII:SQ8A3S5101,MONDO:0009759,3.0479307420897017,31944016.0,False,False
CHEBI:90942,MONDO:0000141,3.048172215974097,31897100.0,False,False
UMLS:C4549048,MONDO:0013582,3.0470885546302062,32108479.0,False,False
CHEBI:68556,MONDO:0009759,3.0458425300014556,32350767.0,False,False
UNII:59UA429E5G,MONDO:0006058,3.0839747818143586,25184043.0,False,False
CHEBI:75988,MONDO:0009759,3.0473039369199677,32066360.0,False,False
CHEBI:6824,MONDO:0006058,3.193164712307066,11294105.0,False,False
DRUGBANK:DB16746,MONDO:0005212,3.1880949563169185,11730851.0,False,False
CHEBI:50692,MONDO:0009759,3.0844995409014286,25092151.0,False,False
CHEBI:8093,MONDO:0000141,3.0880243895949144,24480091.0,False,False
CHEBI:8694,MONDO:0006058,3.049525893713393,31633080.0,False,False
CHEBI:94686,MONDO:0006058,3.1892352357898615,11631349.0,False,False
CHEBI:7872,MONDO:0013582,3.1947554194558485,11161288.0,False,False
CHEBI:167309,MONDO:0006058,3.193608817208014,11257006.0,False,False
UNII:7662KG2R6K,MONDO:0009759,3.0841885027434586,25146644.0,False,False
CHEBI:6437,MONDO:0013582,3.086524426248883,24739175.0,False,False
CHEBI:64028,MONDO:0009759,3.1905590977640923,11516407.0,False,False
CHEBI:68647,MONDO:0009759,3.0854358843702947,24928174.0,False,False
CHEBI:135333,MONDO:0013582,3.0495099882473777,31636331.0,False,False
CHEBI:4784,MONDO:0013582,3.191904367660767,11400991.0,False,False
UNII:O880NM097T,MONDO:0006058,3.1945513104388428,11178322.0,False,False
CHEBI:7956,MONDO:0000141,3.04604208796818,32312244.0,False,False
CHEBI:10112,MONDO:0013582,3.0491381994522193,31709056.0,False,False
CHEBI:4876,MONDO:0013582,3.191513146137702,11434352.0,False,False
CHEBI:135737,MONDO:0013582,3.0844834103077083,25094953.0,False,False
CHEBI:40279,MONDO:0009759,3.187047077518662,11823075.0,False,False
CHEBI:94461,MONDO:0000141,3.047908262882772,31948358.0,False,False
UNII:1IJV77EI07,MONDO:0000141,3.048841825269801,31766499.0,False,False
CHEBI:585948,MONDO:0005212,3.04740796503249,32046136.0,False,False
CHEBI:100246,MONDO:0006058,3.193342412301254,11279231.0,False,False
CHEBI:31401,MONDO:0009759,3.188977882693284,11653662.0,False,False
CHEBI:140621,MONDO:0000141,3.046758103107459,32172730.0,False,False
CHEBI:90951,MONDO:0009759,3.047489198355785,32030289.0,False,False
DRUGBANK:DB13932,MONDO:0000141,3.0846256610608065,25070027.0,False,False
CHEBI:109549,MONDO:0013582,3.048546053659159,31824346.0,False,False
UNII:2J3H5C81A5,MONDO:0013582,3.0846962949993335,25057782.0,False,False
CHEBI:3175,MONDO:0009759,3.186604041089181,11862261.0,False,False
CHEBI:135922,MONDO:0006058,3.1903556325453692,11533892.0,False,False
CHEBI:73274,MONDO:0000141,3.1885917298751023,11687341.0,False,False
CHEBI:9435,MONDO:0005212,3.086674000743348,24713212.0,False,False
CHEBI:229226,MONDO:0005212,3.0470372537029884,32118598.0,False,False
CHEBI:32223,MONDO:0013582,3.0482635875024053,31879394.0,False,False
CHEBI:8249,MONDO:0013582,3.08749423624544,24571416.0,False,False
UNII:TO3JYR3BOU,MONDO:0013582,3.0463388762529577,32254538.0,False,False
CHEBI:63628,MONDO:0005212,3.194211454359302,11206565.0,False,False
CHEBI:127342,MONDO:0005212,3.1934060648482205,11273900.0,False,False
CHEBI:85183,MONDO:0005212,3.191160162241454,11464528.0,False,False
CHEBI:125354,MONDO:0009759,3.0461591841200524,32289562.0,False,False
CHEBI:133833,MONDO:0005212,3.1890325643504553,11648908.0,False,False
CHEBI:85161,MONDO:0005212,3.048736327266586,31786980.0,False,False
CHEBI:39669,MONDO:0000141,3.0470629479260856,32113506.0,False,False
CHEBI:31530,MONDO:0005212,3.190090178591511,11556858.0,False,False
CHEBI:68647,MONDO:0000141,3.191065133674435,11472747.0,False,False
UNII:PVI5M0M1GW,MONDO:0000141,3.0842297387637316,25139569.0,False,False
CHEBI:3213,MONDO:0000141,3.19020829110732,11546598.0,False,False
CHEBI:86158,MONDO:0013582,3.0496283028195545,31613124.0,False,False
CHEBI:3176,MONDO:0000141,3.1891048852454436,11642522.0,False,False
UNII:2CN60TN6ZS,MONDO:0009759,3.022921695974716,36648313.0,False,False
UNII:23HYE36B0I,MONDO:0013582,3.0142939832999907,38034368.0,False,False
UNII:B6E7K36KT8,MONDO:0013582,3.0115999452520135,38412139.0,False,False
UMLS:C2699571,MONDO:0009759,3.014893180781284,37946198.0,False,False
CHEBI:31485,MONDO:0013582,3.013341522986215,38171574.0,False,False
CHEBI:45716,MONDO:0009759,3.024894909286996,36304977.0,False,False
CHEBI:5790,MONDO:0000141,3.0215729059520076,36879133.0,False,False
CHEBI:45409,MONDO:0013582,3.0242084493286825,36425501.0,False,False
CHEBI:135935,MONDO:0000141,3.042238945766948,33051124.0,False,False
PUBCHEM.COMPOUND:160283094,MONDO:0013582,3.0431393694600377,32875545.0,False,False
UMLS:C4549048,MONDO:0009759,3.0102916742492285,38583203.0,False,False
CHEBI:229236,MONDO:0000141,3.0106903086705232,38532250.0,False,False
CHEBI:3207,MONDO:0013582,3.0455126891615567,32415228.0,False,False
CHEBI:8764,MONDO:0013582,3.044076368875349,32694040.0,False,False
UNII:4SED7F4BSG,MONDO:0013582,3.0217342439862147,36851745.0,False,False
CHEBI:34969,MONDO:0000141,3.013769966818592,38110332.0,False,False
UNII:52CMI0WC3Y,MONDO:0000141,3.0215381894344366,36884851.0,False,False
CHEBI:59560,MONDO:0000141,3.0420692624232233,33084251.0,False,False
CHEBI:127780,MONDO:0000141,3.014465589943213,38009376.0,False,False
UNII:PX9FTM69BF,MONDO:0000141,3.0137118869779704,38118645.0,False,False
UNII:YK2K6N3ZVU,MONDO:0009759,3.0248363036091814,36315433.0,False,False
CHEBI:5128,MONDO:0000141,3.013607234573958,38133732.0,False,False
UNII:39IS23Q1EW,MONDO:0013582,3.0136148931622238,38132619.0,False,False
CHEBI:59040,MONDO:0000141,3.021407675848673,36906909.0,False,False
CHEBI:8066,MONDO:0000141,3.0213675742405046,36913747.0,False,False
UMLS:C2827697,MONDO:0009759,3.013071650072437,38209756.0,False,False
UNII:6T8C155666,MONDO:0000141,3.013398383086431,38163464.0,False,False
CHEBI:136046,MONDO:0013582,3.0438607736343646,32735846.0,False,False
CHEBI:309594,MONDO:0013582,3.0434153796167305,32822003.0,False,False
UNII:BI6GY4U9CW,MONDO:0013582,3.0452409515287133,32467784.0,False,False
CHEBI:691037,MONDO:0009759,3.0224516381404167,36729309.0,False,False
CHEBI:119915,MONDO:0000141,3.0140681278895007,38067274.0,False,False
UNII:39HBQ4A67L,MONDO:0000141,3.0231864610334958,36602767.0,False,False
UNII:X8R2D92QP1,MONDO:0013582,3.0225966266167212,36704580.0,False,False
CHEBI:229212,MONDO:0013582,3.0133865756510616,38165111.0,False,False
CHEBI:4724,MONDO:0000141,3.045071738863587,32500935.0,False,False
UNII:R30772KCU0,MONDO:0000141,3.014770688650295,37964485.0,False,False
UNII:6315412YVF,MONDO:0013582,3.0219214473693907,36820162.0,False,False
CHEBI:135931,MONDO:0000141,3.0153986138309423,37870315.0,False,False
UNII:SHA6U5FJZL,MONDO:0013582,3.024463343869752,36380748.0,False,False
CHEBI:135173,MONDO:0009759,3.0209475837676436,36984217.0,False,False
UNII:NU90V55F8I,MONDO:0013582,3.012634562956759,38271072.0,False,False
UNII:RR6P8L282I,MONDO:0013582,3.024809263350181,36320254.0,False,False
UNII:F64QU97QCR,MONDO:0000141,3.012792732991966,38248788.0,False,False
UNII:T4H8FMA7IM,MONDO:0009759,3.0206112476637594,37040809.0,False,False
CHEBI:135005,MONDO:0000141,3.0105194489154625,38554362.0,False,False
CHEBI:93363,MONDO:0000141,3.0232430398447714,36592951.0,False,False
CHEBI:63587,MONDO:0000141,3.044905780319122,32533156.0,False,False
UNII:G9WJT6RD29,MONDO:0009759,3.0249608103917627,36293520.0,False,False
CHEBI:132268,MONDO:0000141,3.011974582397917,38361610.0,False,False
CHEBI:63616,MONDO:0000141,3.04474120956469,32564807.0,False,False
CHEBI:167574,MONDO:0013582,3.045349065677578,32446916.0,False,False
UMLS:C5556533,MONDO:0000141,3.0111362092013385,38473885.0,False,False
UMLS:C5237999,MONDO:0000141,3.0112881734487473,38453635.0,False,False
CHEBI:94458,MONDO:0000141,3.011167527340402,38469814.0,False,False
CHEBI:145373,MONDO:0009759,3.0101199023805845,38604996.0,False,False
CHEBI:63587,MONDO:0013582,3.014697604980279,37975326.0,False,False
CHEBI:31527,MONDO:0009759,3.0428738834414837,32927408.0,False,False
CHEBI:10056,MONDO:0013582,3.02050162857448,37059083.0,False,False
CHEMBL.COMPOUND:CHEMBL4582651,MONDO:0000141,3.0447710673068866,32559019.0,False,False
UMLS:C2587184,MONDO:0000141,3.021533438515524,36885691.0,False,False
UNII:I5I8VB78VT,MONDO:0009759,3.011787751284222,38386989.0,False,False
UNII:U59UGK3IPC,MONDO:0000141,3.014476815024662,38007781.0,False,False
CHEBI:30745,MONDO:0009759,3.015093742149089,37916243.0,False,False
CHEBI:77260,MONDO:0013582,3.02328289421487,36586154.0,False,False
UNII:9P1872D4OL,MONDO:0009759,3.044069097419739,32695416.0,False,False
CHEBI:145373,MONDO:0000141,3.0109575167942886,38497429.0,False,False
PR:000007302,MONDO:0013582,3.010335148264402,38577677.0,False,False
CHEBI:31348,MONDO:0009759,3.0427511683219475,32951001.0,False,False
CHEBI:473990,MONDO:0009759,3.0234348839788616,36560134.0,False,False
CHEBI:94807,MONDO:0000141,3.022558315855336,36711044.0,False,False
UMLS:C2699571,MONDO:0013582,3.0148522695978963,37952454.0,False,False
UNII:Z5N076G8YQ,MONDO:0013582,3.0452213482206334,32471705.0,False,False
CHEBI:82718,MONDO:0000141,3.0205771312560863,37046489.0,False,False
UNII:3S252O2Z4X,MONDO:0009759,3.0103667253368,38573584.0,False,False
CHEBI:182080,MONDO:0013582,3.0098512632066043,38638764.0,False,False
CHEBI:7454,MONDO:0000141,3.0243013653546242,36409230.0,False,False
CHEBI:473990,MONDO:0013582,3.0130706171081076,38209897.0,False,False
CHEBI:391960,MONDO:0013582,3.0249754416309473,36290930.0,False,False
CHEBI:184381,MONDO:0000141,3.0453807505431234,32440930.0,False,False
CHEBI:31524,MONDO:0000141,3.010655786400101,38536714.0,False,False
UNII:0H8KZ470DW,MONDO:0005212,3.0451573465204445,32484203.0,False,False
UNII:PF9462I9HX,MONDO:0013582,3.0111045353529633,38478185.0,False,False
CHEBI:178199,MONDO:0009759,3.024877702150897,36308073.0,False,False
CHEBI:3568,MONDO:0013582,3.0250439510549905,36278869.0,False,False
UNII:1L7BVT4Z4Z,MONDO:0013582,3.0118273664315245,38381600.0,False,False
CHEBI:61397,MONDO:0013582,3.0122483763444876,38324499.0,False,False
CHEBI:77260,MONDO:0009759,3.0417527875286874,33145957.0,False,False
CHEBI:64028,MONDO:0000141,3.0425119717153852,32997662.0,False,False
CHEBI:3240,MONDO:0009759,3.0108366267250393,38513305.0,False,False
PUBCHEM.COMPOUND:21121097,MONDO:0000141,3.0120884568469153,38346274.0,False,False
CHEBI:8232,MONDO:0000141,3.042445662853921,33011030.0,False,False
CHEBI:59750,MONDO:0013582,3.0219583445237483,36813736.0,False,False
UMLS:C5237999,MONDO:0009759,3.0227702560679797,36674589.0,False,False
UNII:N0A21N6RAU,MONDO:0009759,3.013849670742828,38098861.0,False,False
CHEBI:4445,MONDO:0013582,3.0434001428741366,32824937.0,False,False
CHEBI:32588,MONDO:0005212,3.1013204155845493,22274885.0,False,False
CHEBI:131169,MONDO:0013582,3.018569247348144,37375591.0,False,False
UNII:BTY153760O,MONDO:0009759,3.017082662497542,37611562.0,False,False
CHEBI:133013,MONDO:0006058,3.1012523858095395,22285730.0,False,False
UNII:09495UIM6V,MONDO:0013582,3.0175149248793183,37543327.0,False,False
CHEBI:135990,MONDO:0005212,3.0989506992022178,22656249.0,False,False
CHEBI:134677,MONDO:0000141,3.050893645497464,31367762.0,False,False
UNII:GB4I2JI8UI,MONDO:0009759,3.0159592835691127,37785192.0,False,False
CHEBI:65346,MONDO:0013582,3.0154848315703795,37857232.0,False,False
RXCUI:616538,MONDO:0009759,3.0515837341458454,31234036.0,False,False
CHEBI:8776,MONDO:0000141,3.015824444503205,37805813.0,False,False
CHEBI:90908,MONDO:0006058,3.1006448955716617,22382942.0,False,False
CHEBI:229226,MONDO:0009759,3.0984579443581466,22736035.0,False,False
CHEBI:421707,MONDO:0000141,3.0197744954979857,37179199.0,False,False
UNII:033ECH6IFG,MONDO:0009759,3.017858766226471,37488932.0,False,False
UNII:997WVV895X,MONDO:0009759,3.0504297277713377,31457444.0,False,False
UNII:8FOJ430U94,MONDO:0009759,3.0512864914999516,31291745.0,False,False
UNII:QMS40680K6,MONDO:0000141,3.0182691490459037,37423790.0,False,False
CHEBI:229225,MONDO:0009759,3.018967744609766,37311075.0,False,False
CHEBI:134714,MONDO:0009759,3.0517645460170817,31198984.0,False,False
CHEBI:10124,MONDO:0006058,3.10062598013739,22386002.0,False,False
UNII:5QS67N4551,MONDO:0009759,3.0174100999573295,37560021.0,False,False
CHEBI:240107,MONDO:0009759,3.020372784048698,37080549.0,False,False
CHEBI:66903,MONDO:0009759,3.017441220459969,37555030.0,False,False
UNII:71492GE1FX,MONDO:0013582,3.019200722830705,37272815.0,False,False
CHEBI:133013,MONDO:0013582,3.016076292130693,37767137.0,False,False
CHEBI:50212,MONDO:0006058,3.0519355960920667,31165607.0,False,False
CHEBI:140376,MONDO:0000141,3.019414621929722,37238233.0,False,False
CHEBI:4530,MONDO:0000141,3.1015125417708536,22244186.0,False,False
CHEBI:7773,MONDO:0006058,3.1019361996904125,22176761.0,False,False
UMLS:C5439902,MONDO:0009759,3.0192849087385927,37259177.0,False,False
CHEBI:4445,MONDO:0000141,3.0200479411855192,37134267.0,False,False
CHEBI:82975,MONDO:0009759,3.051401276253488,31269417.0,False,False
CHEBI:4534,MONDO:0009759,3.1017476039119614,22206822.0,False,False
UNII:8M7V7Q6537,MONDO:0005212,3.102444526496437,22095961.0,False,False
CHEBI:64213,MONDO:0000141,3.0175439637506285,37538686.0,False,False
CHEBI:136040,MONDO:0013582,3.0184051681608346,37401845.0,False,False
CHEBI:70707,MONDO:0013582,3.0171365953231053,37603109.0,False,False
CHEBI:37924,MONDO:0000141,3.015793615473275,37810579.0,False,False
UNII:S4M959U2IJ,MONDO:0009759,3.0192198981392853,37269643.0,False,False
UNII:3XVL385Q0M,MONDO:0009759,3.0505001903753786,31444010.0,False,False
CHEBI:33130,MONDO:0000141,3.0516971562233115,31212223.0,False,False
CHEBI:46295,MONDO:0009759,3.0173050184843175,37576471.0,False,False
CHEBI:71023,MONDO:0009759,3.0515109602159285,31248088.0,False,False
UNII:5QS67N4551,MONDO:0013582,3.017871489780963,37486861.0,False,False
CHEBI:229657,MONDO:0009759,3.051395972924889,31270393.0,False,False
CHEBI:28241,MONDO:0000141,3.0505373840638805,31436901.0,False,False
CHEBI:27902,MONDO:0013582,3.052891580093161,30978623.0,False,False
CHEBI:50275,MONDO:0000141,3.0533806137814885,30884067.0,False,False
CHEBI:7822,MONDO:0000141,3.0998042703037285,22518249.0,False,False
CHEBI:31625,MONDO:0000141,3.051068973642103,31334051.0,False,False
UNII:AQK7UBA1LS,MONDO:0013582,3.05214888941053,31123686.0,False,False
DRUGBANK:DB16900,MONDO:0000141,3.0199288599188394,37153768.0,False,False
UMLS:C2350656,MONDO:0009759,3.0519562579565527,31161534.0,False,False
CHEBI:52173,MONDO:0000141,3.0166118103376194,37684742.0,False,False
CHEBI:135673,MONDO:0013582,3.017221932637929,37589671.0,False,False
CHEBI:45924,MONDO:0013582,3.0165984290147967,37686824.0,False,False
UNII:BTY153760O,MONDO:0013582,3.01596034951815,37785028.0,False,False
CHEBI:45373,MONDO:0009759,3.0183295306482933,37414135.0,False,False
CHEBI:55346,MONDO:0009759,3.051792678614933,31193440.0,False,False
CHEBI:85089,MONDO:0013582,3.0161730468064,37752340.0,False,False
CHEBI:261649,MONDO:0000141,3.0189976650419155,37306060.0,False,False
UNII:LMQ24G57E9,MONDO:0013582,3.0169251506953607,37636213.0,False,False
CHEBI:93363,MONDO:0009759,3.0155532797262894,37846992.0,False,False
CHEBI:114785,MONDO:0013582,3.0517396337043063,31203883.0,False,False
CHEBI:71415,MONDO:0009759,3.050779064124188,31390162.0,False,False
CHEBI:94187,MONDO:0013582,3.0996537191110662,22542311.0,False,False
CHEBI:231598,MONDO:0013582,3.0049063829876124,39172861.0,False,False
UNII:OU2YM37K86,MONDO:0000141,3.025974022124368,36113412.0,False,False
CHEBI:2038,MONDO:0013582,3.037302277939592,34004792.0,False,False
CHEBI:65349,MONDO:0000141,3.027050662592431,35919953.0,False,False
UNII:K2J09EMJ52,MONDO:0000141,3.034771148736189,34487794.0,False,False
CHEBI:229680,MONDO:0000141,3.0068419784105167,38985319.0,False,False
UNII:L0HR9A577V,MONDO:0009759,3.0073009636734707,38936649.0,False,False
CHEBI:63606,MONDO:0009759,3.0070832123105045,38959869.0,False,False
CHEBI:4636,MONDO:0000141,3.0345413134127712,34531244.0,False,False
UMLS:C4687660,MONDO:0013582,3.00630902284282,39040358.0,False,False
CHEBI:4527,MONDO:0000141,3.037321903986731,34001038.0,False,False
CHEBI:94458,MONDO:0013582,3.009578677898474,38672621.0,False,False
CHEBI:135957,MONDO:0000141,3.0072784637601453,38939022.0,False,False
CHEBI:26580,MONDO:0009759,3.0044800225794646,39209434.0,False,False
PUBCHEM.COMPOUND:5284632,MONDO:0000141,3.025249687680998,36242519.0,False,False
CHEBI:4534,MONDO:0005212,3.0335258975584933,34723012.0,False,False
UNII:06P3KLK2J8,MONDO:0000141,3.0264572126987366,36026889.0,False,False
UNII:DB1041CXDG,MONDO:0009759,3.0055242181521296,39116532.0,False,False
CHEBI:26580,MONDO:0013582,3.001820746348157,39390480.0,False,False
CHEBI:229212,MONDO:0009759,3.0066059157135445,39009835.0,False,False
UNII:LT369U66CE,MONDO:0000141,3.0083960395103135,38813973.0,False,False
CHEBI:63628,MONDO:0000141,3.027086844410457,35913336.0,False,False
UNII:8M7V7Q6537,MONDO:0013582,3.0085980013457654,38790475.0,False,False
CHEBI:29007,MONDO:0013582,3.0093503472460794,38700576.0,False,False
CHEBI:4682,MONDO:0013582,3.0019750876725384,39382601.0,False,False
UNII:MLU3LU3EVV,MONDO:0013582,3.0261350828725186,36084715.0,False,False
CHEBI:135654,MONDO:0000141,3.026827737144484,35960387.0,False,False
CHEBI:6824,MONDO:0000141,3.0256665780918457,36168634.0,False,False
UNII:Z7HVY03PHP,MONDO:0000141,3.006939349820568,38975152.0,False,False
CHEBI:77898,MONDO:0013582,3.001874790706151,39387767.0,False,False
UNII:S866O45PIG,MONDO:0000141,3.0261993918867667,36073171.0,False,False
CHEBI:196955,MONDO:0000141,3.006467052087803,39024242.0,False,False
UNII:04NQ160FRU,MONDO:0000141,3.003725888879344,39269622.0,False,False
CHEBI:134700,MONDO:0009759,3.034272579608639,34581899.0,False,False
CHEBI:85010,MONDO:0013582,3.0341478628535006,34605575.0,False,False
CHEBI:228488,MONDO:0013582,3.0349919020944434,34446170.0,False,False
UNII:90Z2UF0E52,MONDO:0013582,3.008526617756251,38798861.0,False,False
CHEBI:172943,MONDO:0013582,3.004473691165657,39209990.0,False,False
CHEBI:231350,MONDO:0009759,3.037229404502688,34018700.0,False,False
CHEBI:231087,MONDO:0013582,3.0371510140770246,34033840.0,False,False
UNII:25CG88L0BB,MONDO:0000141,3.0078383118222227,38877391.0,False,False
CHEBI:68551,MONDO:0000141,3.002609242694627,39346464.0,False,False
UNII:AG9MHG098Z,MONDO:0013582,3.0077950932740505,38882174.0,False,False
UNII:0IEO0F56LV,MONDO:0013582,3.0352450280620022,34398000.0,False,False
CHEBI:50867,MONDO:0000141,3.035093417113217,34426862.0,False,False
CHEBI:7934,MONDO:0013582,3.0266413198097655,35993831.0,False,False
UMLS:C1879680,MONDO:0013582,3.007885674300133,38872161.0,False,False
CHEBI:75832,MONDO:0013582,3.026023206476605,36104647.0,False,False
UNII:1351PE5UGS,MONDO:0013582,3.009381533421456,38696730.0,False,False
CHEBI:135622,MONDO:0013582,3.0048912014455507,39174173.0,False,False
CHEBI:7025,MONDO:0013582,3.0045086385864614,39206990.0,False,False
CHEBI:72297,MONDO:0009759,3.025249952500003,36242468.0,False,False
UNII:4G86Y4JT3F,MONDO:0013582,3.0265425206268377,36011510.0,False,False
UNII:A92JFM5XNU,MONDO:0009759,3.0073056206664783,38936130.0,False,False
UNII:K911R84KEW,MONDO:0013582,3.0367661027672916,34107482.0,False,False
CHEBI:29007,MONDO:0000141,3.0374067161107776,33984988.0,False,False
CHEBI:31485,MONDO:0000141,3.008180141613116,38838835.0,False,False
CHEBI:135515,MONDO:0013582,3.025448375437673,36207111.0,False,False
UNII:T4H8FMA7IM,MONDO:0013582,3.003125667911356,39312740.0,False,False
UNII:X8R2D92QP1,MONDO:0009759,3.0290148799960384,35562353.0,False,False
UNII:789Q85GA8P,MONDO:0009759,3.0259184253271236,36123455.0,False,False
UNII:3JB47N2Q2P,MONDO:0000141,3.0358584289527535,34281234.0,False,False
UNII:8FOJ430U94,MONDO:0000141,3.0287151473330876,35617742.0,False,False
CHEBI:82866,MONDO:0000141,3.008814811799319,38764965.0,False,False
CHEBI:50381,MONDO:0009759,3.029348246986163,35501123.0,False,False
CHEBI:63606,MONDO:0013582,3.003636627453161,39276276.0,False,False
CHEBI:229213,MONDO:0009759,3.0348722345529,34468907.0,False,False
UNII:4FR53SIF3A,MONDO:0013582,3.003297372712509,39301034.0,False,False
UNII:FU77B4U5Z0,MONDO:0013582,3.00172345676752,39395140.0,False,False
CHEBI:94559,MONDO:0013582,3.0346665879773287,34507552.0,False,False
UNII:YB18NF020M,MONDO:0000141,3.025470735956417,36203197.0,False,False
CHEBI:35149,MONDO:0005212,3.0351272942793637,34420492.0,False,False
UNII:0K5743G68X,MONDO:0013582,3.0056563659011566,39104107.0,False,False
CHEBI:140376,MONDO:0013582,3.0070479760071915,38963524.0,False,False
PUBCHEM.COMPOUND:26945,MONDO:0000141,3.029301214030709,35509866.0,False,False
UNII:KG6VO684Z6,MONDO:0013582,3.003014271577129,39320341.0,False,False
CHEBI:3506,MONDO:0000141,3.0262687969580444,36060831.0,False,False
CHEBI:3032,MONDO:0013582,3.0267122457826203,35981105.0,False,False
CHEBI:134718,MONDO:0000141,3.027051766313586,35919741.0,False,False
CHEBI:2687,MONDO:0013582,3.0056761105993743,39102254.0,False,False
CHEBI:136034,MONDO:0000141,3.0064391971523428,39027086.0,False,False
CHEBI:90863,MONDO:0013582,3.002125847807353,39374443.0,False,False
CHEBI:6729,MONDO:0009759,3.009142030263775,38725917.0,False,False
CHEBI:82698,MONDO:0000141,3.006322893979777,39038957.0,False,False
UMLS:C4733597,MONDO:0009759,3.0059515556277825,39075682.0,False,False
UNII:8GZG754X6M,MONDO:0000141,3.005202070605171,39146356.0,False,False
CHEBI:167707,MONDO:0000141,3.034699178866363,34501421.0,False,False
CHEBI:142418,MONDO:0013582,3.034567478585007,34526301.0,False,False
CHEBI:229599,MONDO:0009759,3.0289959665878916,35565854.0,False,False
CHEBI:31174,MONDO:0000141,3.0075216463306713,38912426.0,False,False
UNII:GN465U8B72,MONDO:0000141,3.0284294596769765,35669953.0,False,False
CHEBI:8310,MONDO:0009759,3.0261140734805583,36088378.0,False,False
CHEBI:229221,MONDO:0005212,3.544662836040399,914150.0,False,False
CHEBI:28939,MONDO:0005212,3.6044695822983472,610399.0,False,False
CHEBI:6722,MONDO:0006058,3.6309955505180067,511052.0,False,False
CHEBI:39867,MONDO:0005212,3.578494680170708,726910.0,False,False
CHEBI:91327,MONDO:0005212,3.5798207452543505,720367.0,False,False
CHEBI:44423,MONDO:0006058,4.194682519392497,12053.0,False,False
CHEBI:28748,MONDO:0005212,4.1945335959609,12064.0,False,False
CHEBI:10110,MONDO:0005212,3.4840925305046735,1384497.0,False,False
CHEBI:205919,MONDO:0005212,3.6112340681821933,583442.0,False,False
CHEBI:9667,MONDO:0006058,3.623167386218878,538560.0,False,False
UNII:4FR53SIF3A,MONDO:0005212,3.5979993161423245,637321.0,False,False
UNII:A3ULP0F556,MONDO:0005212,3.603442823270733,614604.0,False,False
UNII:DQ448MW7KS,MONDO:0006058,3.534095680814789,982150.0,False,False
CHEBI:8764,MONDO:0005212,3.6308535207581785,511526.0,False,False
UNII:RSA8KO39WH,MONDO:0005212,4.128120368342526,18628.0,False,False
UNII:2R27AB6766,MONDO:0006058,3.5500105841734104,881344.0,False,False
CHEBI:2704,MONDO:0006058,3.462048705566514,1613210.0,False,False
CHEBI:47898,MONDO:0005212,3.8111059291753673,152313.0,False,False
CHEBI:27899,MONDO:0006058,4.387958616910472,3414.0,False,False
CHEBI:50924,MONDO:0006058,4.086223427388921,24521.0,False,False
CHEBI:63607,MONDO:0005212,3.483473736089197,1390423.0,False,False
CHEBI:17026,MONDO:0006058,3.6881704557593293,348405.0,False,False
CHEBI:4551,MONDO:0013582,3.4851643374411108,1374338.0,False,False
UNII:953A26OA1Y,MONDO:0005212,3.5134980761152397,1130533.0,False,False
UNII:ZL1R02VT79,MONDO:0005212,3.6612501404747912,417634.0,False,False
CHEBI:6715,MONDO:0005212,3.632014299525845,507552.0,False,False
CHEBI:4911,MONDO:0006058,3.9121545797373445,77606.0,False,False
CHEBI:8228,MONDO:0006058,3.4749184113251785,1475834.0,False,False
CHEBI:46345,MONDO:0006058,3.8982762687363204,84994.0,False,False
CHEBI:2948,MONDO:0005212,3.4803990144006924,1420552.0,False,False
CHEBI:28925,MONDO:0005212,3.8329388542480047,131738.0,False,False
UNII:834YJF89WO,MONDO:0006058,3.474770473461354,1477326.0,False,False
CHEBI:50131,MONDO:0006058,3.691176439330242,341446.0,False,False
CHEBI:92769,MONDO:0005212,3.6328913069960267,504481.0,False,False
CHEBI:31348,MONDO:0005212,3.869576506925857,102955.0,False,False
UNII:3XVL385Q0M,MONDO:0005212,3.572026413617669,759154.0,False,False
CHEBI:75037,MONDO:0006058,3.4799552449408893,1424983.0,False,False
CHEBI:28177,MONDO:0006058,3.5984155574386163,635587.0,False,False
CHEBI:44185,MONDO:0006058,4.037666534792374,33812.0,False,False
CHEBI:135945,MONDO:0006058,3.6139966695644175,572721.0,False,False
CHEBI:77733,MONDO:0006058,3.7969099765858463,167574.0,False,False
UNII:5TAA004E22,MONDO:0005212,3.747651001176112,233396.0,False,False
UNII:4F4X42SYQ6,MONDO:0005212,3.756350392933002,219737.0,False,False
CHEBI:28304,MONDO:0006058,3.482084513790694,1403882.0,False,False
CHEBI:68642,MONDO:0006058,3.4880596658962624,1346946.0,False,False
UNII:3A189DH42V,MONDO:0006058,3.626740980693241,525823.0,False,False
CHEBI:17263,MONDO:0005212,3.5376456714969273,958736.0,False,False
CHEBI:2687,MONDO:0006058,3.672896736310086,386050.0,False,False
CHEBI:4495,MONDO:0006058,3.6464807407020565,460670.0,False,False
CHEBI:114785,MONDO:0005212,4.019805057727709,38114.0,False,False
CHEBI:3732,MONDO:0005212,3.48175597575434,1407054.0,False,False
CHEBI:85993,MONDO:0005212,3.4951602569872855,1282423.0,False,False
CHEBI:61080,MONDO:0005212,3.6994916866239853,322914.0,False,False
CHEBI:4911,MONDO:0005212,4.339719968429314,4664.0,False,False
CHEBI:46081,MONDO:0005212,3.49774076009643,1259712.0,False,False
CHEBI:4027,MONDO:0006058,4.351409685434854,4333.0,False,False
UNII:9013DUQ28K,MONDO:0005212,3.643713635371107,469271.0,False,False
CHEBI:7986,MONDO:0005212,3.4735990950139857,1489482.0,False,False
CHEBI:5523,MONDO:0006058,3.494449119927227,1288673.0,False,False
UNII:4T36H88UA7,MONDO:0006058,3.6469898890311345,459046.0,False,False
CHEBI:6954,MONDO:0005212,3.4288523956178025,2033376.0,False,False
UNII:DLE8519RWM,MONDO:0005212,3.3383368216317164,3874358.0,False,False
UNII:9X7O8V25IT,MONDO:0005212,3.4290493930391213,2030543.0,False,False
CHEBI:4027,MONDO:0005212,,,True,
UNII:N658GY6L3E,MONDO:0006058,3.4087640540076025,2342707.0,False,False
CHEBI:39211,MONDO:0005212,3.3518128586307885,3515239.0,False,False
CHEBI:9620,MONDO:0009759,3.0322566003616984,34962263.0,False,False
CHEBI:48669,MONDO:0006058,3.424072833589448,2103014.0,False,False
CHEBI:63918,MONDO:0005212,3.335601930153869,3951739.0,False,False
CHEBI:421707,MONDO:0009759,3.033335943390121,34759014.0,False,False
CHEBI:9448,MONDO:0005212,3.418001720610987,2194678.0,False,False
CHEBI:5050,MONDO:0013582,3.0323214381096966,34950079.0,False,False
UNII:54K37P50KH,MONDO:0009759,3.03288145425726,34844446.0,False,False
CHEBI:17594,MONDO:0000141,3.033292157958491,34767326.0,False,False
CHEMBL.COMPOUND:CHEMBL2367706,MONDO:0006058,3.341375030900711,3790015.0,False,False
CHEBI:45951,MONDO:0006058,3.41031153166369,2317484.0,False,False
DRUGBANK:DB13881,MONDO:0005212,3.4101251807613306,2320551.0,False,False
UNII:3E3D8T1GIX,MONDO:0013582,3.032386378030769,34937954.0,False,False
CHEBI:453011,MONDO:0005212,3.3329205041998735,4029239.0,False,False
CHEBI:31941,MONDO:0013582,3.029943289951058,35391569.0,False,False
CHEBI:6541,MONDO:0006058,3.4102519645911364,2318504.0,False,False
CHEBI:4636,MONDO:0013582,3.030728231973141,35246575.0,False,False
CHEBI:6402,MONDO:0006058,3.353761728362417,3466111.0,False,False
CHEBI:71940,MONDO:0006058,3.417232767255817,2206572.0,False,False
CHEBI:228304,MONDO:0006058,3.343614895306028,3729435.0,False,False
CHEBI:63115,MONDO:0000141,3.0300624756900683,35369425.0,False,False
CHEBI:231601,MONDO:0013582,3.0327371661337876,34871683.0,False,False
UNII:KXG2PJ551I,MONDO:0006058,3.4400074965235925,1880500.0,False,False
UNII:28X28X9OKV,MONDO:0006058,3.4360854225308195,1932802.0,False,False
CHEBI:64028,MONDO:0013582,3.031260800235728,35147761.0,False,False
CHEBI:50742,MONDO:0006058,3.3614367735122865,3281045.0,False,False
UNII:Z633861EIM,MONDO:0006058,3.356625284681577,3395824.0,False,False
CHEBI:3181,MONDO:0006058,3.409864149567592,2324849.0,False,False
PUBCHEM.COMPOUND:160283094,MONDO:0006058,3.4232999073403785,2114360.0,False,False
CHEBI:16586,MONDO:0006058,3.347008822352131,3639215.0,False,False
CHEBI:31397,MONDO:0005212,3.4033957908170365,2433268.0,False,False
CHEBI:4953,MONDO:0005212,3.4125322049661593,2281276.0,False,False
UMLS:C1268876,MONDO:0006058,3.3598193875202087,3319240.0,False,False
UNII:PUE0TO3XDR,MONDO:0009759,3.0296510257498532,35445494.0,False,False
CHEBI:5106,MONDO:0006058,3.3390082133056915,3855505.0,False,False
CHEBI:49960,MONDO:0006058,3.406147176935443,2386508.0,False,False
CHEBI:61390,MONDO:0000141,3.0325344513817116,34909868.0,False,False
CHEBI:28748,MONDO:0006058,,,True,
CHEBI:7445,MONDO:0006058,3.3487027769383726,3595158.0,False,False
CHEBI:4305,MONDO:0005212,,,True,
CHEBI:31597,MONDO:0006058,3.339993371053359,3828041.0,False,False
UNII:8202AY8I7H,MONDO:0005212,3.4069623033525422,2372650.0,False,False
CHEBI:3647,MONDO:0009759,3.3612993661815196,3284284.0,False,False
UNII:EO144CP0X9,MONDO:0000141,3.0316482858963294,35075540.0,False,False
CHEBI:145536,MONDO:0009759,3.0330497214714205,34812879.0,False,False
CHEBI:31625,MONDO:0005212,3.3382600963538644,3876417.0,False,False
CHEBI:63717,MONDO:0013582,3.0326815563753047,34882140.0,False,False
UNII:8202AY8I7H,MONDO:0006058,3.4455350808008465,1809817.0,False,False
CHEBI:8772,MONDO:0005212,3.4341313586403617,1959258.0,False,False
CHEBI:10127,MONDO:0006058,3.343782008211687,3724980.0,False,False
CHEBI:231702,MONDO:0009759,3.0304964501662885,35289426.0,False,False
CHEBI:40279,MONDO:0005212,3.3319707033310744,4056999.0,False,False
CHEBI:4450,MONDO:0009759,3.2395867188599534,7990266.0,False,False
UNII:O5ZD2TU2B7,MONDO:0005212,3.237810254842368,8096327.0,False,False
CHEBI:63633,MONDO:0013582,3.112981968944124,20476950.0,False,False
CHEBI:231425,MONDO:0000141,3.114755734255591,20214621.0,False,False
CHEBI:45304,MONDO:0006058,3.2518734809904846,7294775.0,False,False
CHEBI:50693,MONDO:0013582,3.113952610262224,20333080.0,False,False
CHEBI:33130,MONDO:0005212,3.115530260760233,20100546.0,False,False
DRUGBANK:DB17381,MONDO:0006058,3.227471622459062,8742736.0,False,False
UNII:RRN67GMB0V,MONDO:0005212,3.2400294075420097,7964168.0,False,False
CHEBI:16359,MONDO:0006058,3.2503702500429785,7376384.0,False,False
PUBCHEM.COMPOUND:11980076,MONDO:0013582,3.1131333156487067,20454559.0,False,False
CHEBI:95170,MONDO:0013582,3.11470902116351,20221401.0,False,False
UMLS:C2826078,MONDO:0006058,3.234299340339965,8309813.0,False,False
UNII:B6E7K36KT8,MONDO:0005212,3.227996499814566,8708303.0,False,False
CHEBI:80630,MONDO:0000141,3.2345929105128643,8291940.0,False,False
CHEBI:6942,MONDO:0000141,3.1176522533992785,19792289.0,False,False
CHEBI:4495,MONDO:0013582,3.242112139190828,7841503.0,False,False
CHEBI:8077,MONDO:0013582,3.11751256192015,19812451.0,False,False
CHEBI:28925,MONDO:0013582,3.11411156828649,20309554.0,False,False
CHEBI:204928,MONDO:0006058,3.115798630512607,20061483.0,False,False
CHEBI:9014,MONDO:0009759,3.114099295042968,20311454.0,False,False
CHEBI:134716,MONDO:0009759,3.252916753397608,7238297.0,False,False
CHEBI:44915,MONDO:0006058,3.2441436719386765,7723992.0,False,False
CHEBI:47499,MONDO:0006058,3.2299301372628086,8583795.0,False,False
CHEBI:134709,MONDO:0009759,3.2345959763719563,8291729.0,False,False
CHEBI:33336,MONDO:0006058,3.236891042499,8151419.0,False,False
CHEBI:3215,MONDO:0009759,3.1134506664573625,20407359.0,False,False
CHEBI:16335,MONDO:0009759,3.1170746877186932,19876062.0,False,False
CHEBI:3176,MONDO:0013582,3.2470594415552165,7559289.0,False,False
CHEBI:50692,MONDO:0013582,3.113408654320722,20413543.0,False,False
CHEBI:61397,MONDO:0005212,3.2484770554500404,7480158.0,False,False
CHEBI:18385,MONDO:0005212,3.2386572615088642,8045669.0,False,False
CHEBI:94563,MONDO:0006058,3.117207808275019,19856957.0,False,False
CHEBI:64312,MONDO:0005212,3.23032952572893,8558490.0,False,False
CHEBI:127780,MONDO:0006058,3.2494076974619444,7429027.0,False,False
CHEBI:5130,MONDO:0005212,3.238160777030765,8075261.0,False,False
CHEBI:135626,MONDO:0005212,3.113751909063906,20362966.0,False,False
CHEBI:7478,MONDO:0006058,3.116717489270769,19927877.0,False,False
UNII:LDJ89SS0YG,MONDO:0006058,3.246388069948243,7596949.0,False,False
CHEBI:27779,MONDO:0000141,3.114436635491764,20261283.0,False,False
CHEBI:5134,MONDO:0006058,3.2316220509329288,8476545.0,False,False
CHEBI:135173,MONDO:0006058,3.2476598406035775,7525799.0,False,False
CHEBI:190509,MONDO:0009759,3.1165147321472997,19957199.0,False,False
CHEBI:2668,MONDO:0013582,3.246106717959069,7612730.0,False,False
CHEBI:134726,MONDO:0006058,3.2417795219124645,7860785.0,False,False
CHEBI:6062,MONDO:0013582,3.1690550856515793,13522919.0,False,False
CHEBI:9667,MONDO:0009759,3.10439779060057,21787778.0,False,False
CHEBI:63717,MONDO:0009759,3.076620318670712,26496354.0,False,False
CHEBI:2668,MONDO:0000141,3.104769780615698,21729394.0,False,False
CHEBI:6717,MONDO:0009759,3.1028471171829946,22032086.0,False,False
UNII:NA1U919MRO,MONDO:0005212,3.10442796502322,21782970.0,False,False
CHEBI:9241,MONDO:0000141,3.166533484663706,13779822.0,False,False
CHEBI:74947,MONDO:0013582,3.0794042679313285,25994263.0,False,False
CHEBI:229539,MONDO:0005212,3.1053597563831854,21637210.0,False,False
CHEBI:16467,MONDO:0000141,3.0752134145288896,26752122.0,False,False
CHEBI:229213,MONDO:0005212,3.1656659073136044,13869206.0,False,False
CHEBI:9566,MONDO:0009759,3.162529350257207,14198245.0,False,False
CHEBI:63845,MONDO:0013582,3.0758001228394205,26644935.0,False,False
CHEBI:8080,MONDO:0000141,3.078374413038854,26178781.0,False,False
CHEBI:49005,MONDO:0009759,3.077000553745176,26426910.0,False,False
CHEBI:17141,MONDO:0009759,3.0760632708378726,26597229.0,False,False
CHEBI:78540,MONDO:0000141,3.0751340311327637,26766616.0,False,False
CHEBI:91817,MONDO:0005212,3.078039762950736,26238776.0,False,False
CHEBI:39585,MONDO:0005212,3.1660867487811117,13825838.0,False,False
CHEBI:5088,MONDO:0005212,3.0783651535576446,26180478.0,False,False
CHEBI:5959,MONDO:0000141,3.107381628808639,21324261.0,False,False
CHEBI:31596,MONDO:0000141,3.1028749292398796,22027682.0,False,False
UNII:UMD7G2653W,MONDO:0005212,3.1659516802840235,13839765.0,False,False
CHEBI:31932,MONDO:0009759,3.1670971052548254,13722031.0,False,False
CHEBI:71023,MONDO:0005212,3.0780347599502895,26239643.0,False,False
DRUGBANK:DB13932,MONDO:0013582,3.076966510514047,26433070.0,False,False
CHEBI:95170,MONDO:0000141,3.167819077104637,13648076.0,False,False
CHEBI:119486,MONDO:0009759,3.1653404095936777,13903321.0,False,False
CHEBI:9555,MONDO:0000141,3.106205678309445,21506031.0,False,False
CHEBI:61058,MONDO:0005212,3.1031622624694633,21982650.0,False,False
CHEBI:63610,MONDO:0000141,3.1044112479141646,21785617.0,False,False
CHEBI:8364,MONDO:0005212,3.161784353196151,14277736.0,False,False
UNII:D27V6190PM,MONDO:0009759,3.1621924117317946,14234075.0,False,False
UNII:8RW88Y506K,MONDO:0009759,3.077229175861708,26385572.0,False,False
CHEBI:71025,MONDO:0013582,3.105704953156703,21583868.0,False,False
UNII:X8R2D92QP1,MONDO:0005212,3.10429345832713,21804287.0,False,False
CHEBI:62984,MONDO:0009759,3.078328210667498,26187038.0,False,False
CHEBI:17045,MONDO:0009759,3.0763307926642263,26548795.0,False,False
CHEBI:82752,MONDO:0005212,3.106616213095367,21442479.0,False,False
CHEBI:2567,MONDO:0009759,3.0781656616129336,26216143.0,False,False
UNII:9013DUQ28K,MONDO:0013582,3.076569695778213,26505500.0,False,False
CHEBI:135285,MONDO:0009759,3.0771683755196366,26396578.0,False,False
UNII:2WU922TK3L,MONDO:0006058,3.163222433077665,14124653.0,False,False
UNII:9K8GNJ2874,MONDO:0005212,3.1693618869525304,13492145.0,False,False
CHEBI:41977,MONDO:0000141,3.103741283459281,21891586.0,False,False
CHEBI:65347,MONDO:0000141,3.077416793806236,26351123.0,False,False
UNII:6D5766Q4OP,MONDO:0005212,3.103804975164845,21881460.0,False,False
PUBCHEM.COMPOUND:132212657,MONDO:0005212,3.2719963681293125,6286334.0,False,False
CHEBI:72296,MONDO:0006058,3.368053348199811,3128685.0,False,False
CHEBI:5775,MONDO:0006058,3.3789473146876947,2894146.0,False,False
UNII:L1Q2K5JYO8,MONDO:0006058,3.3695108936381626,3096341.0,False,False
UNII:L1F3R18W77,MONDO:0005212,3.2700984019926436,6375285.0,False,False
UNII:K911R84KEW,MONDO:0006058,3.2836497085499032,5770023.0,False,False
CHEBI:90217,MONDO:0006058,3.395165535464016,2578851.0,False,False
CHEBI:180653,MONDO:0005212,3.283612926779867,5771546.0,False,False
UMLS:C0937609,MONDO:0006058,3.375879990203809,2958463.0,False,False
CHEBI:9086,MONDO:0009759,3.3818822937654813,2834230.0,False,False
CHEBI:4814,MONDO:0005212,3.145940310887638,16067401.0,False,False
CHEBI:28262,MONDO:0005212,3.3816917181360244,2838125.0,False,False
CHEBI:17154,MONDO:0006058,3.2861396588434095,5665412.0,False,False
CHEBI:6538,MONDO:0005212,3.1477221648931573,15855981.0,False,False
CHEBI:51364,MONDO:0009759,3.2755932289953162,6121900.0,False,False
CHEBI:4672,MONDO:0000141,3.287822782509633,5595798.0,False,False
CHEBI:63626,MONDO:0006058,3.3923549721192043,2630494.0,False,False
UNII:I60W9520VV,MONDO:0006058,3.2797337988697848,5938652.0,False,False
CHEBI:231425,MONDO:0009759,3.282473220116226,5820179.0,False,False
CHEBI:3437,MONDO:0013582,3.2768441524823078,6065985.0,False,False
UNII:7V4A8U16MB,MONDO:0009759,3.2704494278315,6358658.0,False,False
CHEBI:85994,MONDO:0013582,3.274962392985512,6150362.0,False,False
CHEBI:7983,MONDO:0009759,3.1442981744192835,16264463.0,False,False
CHEBI:6801,MONDO:0005212,3.379749936848228,2877749.0,False,False
PUBCHEM.COMPOUND:156963654,MONDO:0006058,3.362942247924212,3245830.0,False,False
CHEBI:83527,MONDO:0006058,3.1453048430840944,16143653.0,False,False
CHEBI:215747,MONDO:0005212,3.1421075254763817,16530417.0,False,False
CHEBI:50841,MONDO:0005212,3.1421878511036754,16520518.0,False,False
CHEBI:3380,MONDO:0000141,3.2730212818073614,6239273.0,False,False
CHEBI:10112,MONDO:0005212,3.2804818171710513,5906183.0,False,False
CHEBI:77733,MONDO:0005212,3.3877180668245854,2718787.0,False,False
UNII:QC4F7FKK7I,MONDO:0005212,3.3661378547703116,3172465.0,False,False
CHEBI:40303,MONDO:0006058,3.3694881802814978,3096837.0,False,False
CHEBI:194135,MONDO:0005212,3.3698378918589,3089058.0,False,False
CHEBI:167600,MONDO:0005212,3.141734032320458,16576399.0,False,False
CHEBI:167638,MONDO:0006058,3.270781359263537,6343053.0,False,False
CHEBI:3655,MONDO:0006058,3.1448114757742456,16202532.0,False,False
UNII:74T7185BMM,MONDO:0005212,3.3769783494609564,2935317.0,False,False
UNII:53O87HA2QU,MONDO:0006058,3.3849533143206707,2773010.0,False,False
CHEBI:101278,MONDO:0006058,3.2800685174790205,5924176.0,False,False
CHEBI:6367,MONDO:0006058,3.4005887553457006,2481897.0,False,False
CHEBI:72296,MONDO:0005212,3.1456309018082256,16104419.0,False,False
CHEBI:31401,MONDO:0005212,3.2852942308608504,5700584.0,False,False
CHEBI:32888,MONDO:0005212,3.2826064996252984,5814508.0,False,False
CHEBI:63606,MONDO:0005212,3.146076717592922,16051066.0,False,False
CHEBI:232810,MONDO:0006058,3.3912787404106943,2650722.0,False,False
CHEBI:231032,MONDO:0006058,3.3952157826129934,2577933.0,False,False
UNII:XRO4566Q4R,MONDO:0006058,3.1411612491688676,16647151.0,False,False
CHEBI:608828,MONDO:0005212,3.383081470103428,2810158.0,False,False
CHEBI:8207,MONDO:0006058,3.2877896557813386,5597115.0,False,False
CHEBI:75722,MONDO:0009759,3.1462259951761133,16033708.0,False,False
CHEBI:64355,MONDO:0006058,3.3759868387978935,2956183.0,False,False
CHEBI:32020,MONDO:0005212,3.27417374652799,6186458.0,False,False
UNII:G9WJT6RD29,MONDO:0006058,3.2758120387898644,6112078.0,False,False
UNII:8FOJ430U94,MONDO:0006058,3.366114720689063,3172974.0,False,False
CHEBI:15552,MONDO:0005212,3.400791092725556,2478381.0,False,False
CHEBI:6950,MONDO:0005212,3.2782553943836863,6003952.0,False,False
UNII:FYS6T7F842,MONDO:0006058,3.365000737122755,3198295.0,False,False
UNII:GN465U8B72,MONDO:0006058,3.3967987640720776,2549524.0,False,False
CHEBI:8426,MONDO:0006058,3.376926435389419,2936434.0,False,False
UNII:953A26OA1Y,MONDO:0006058,3.277330262533331,6044462.0,False,False
CHEBI:63629,MONDO:0005212,3.1459054087154703,16071529.0,False,False
CHEBI:119486,MONDO:0005212,3.3746891327686805,2983852.0,False,False
CHEBI:229220,MONDO:0005212,3.370829101649539,3067149.0,False,False
CHEBI:29013,MONDO:0006058,3.2698648592921087,6386289.0,False,False
UNII:RZT8C352O1,MONDO:0006058,3.3699613713319945,3086393.0,False,False
CHEBI:3655,MONDO:0013582,3.146921100795404,15950671.0,False,False
CHEBI:47499,MONDO:0009759,3.14680072461524,15965029.0,False,False
CHEBI:4798,MONDO:0006058,3.400767112933417,2478762.0,False,False
CHEBI:17698,MONDO:0006058,3.3938294863597815,2603100.0,False,False
CHEBI:8499,MONDO:0006058,3.392752139630491,2623085.0,False,False
CHEBI:15544,MONDO:0006058,3.3817953889788797,2835973.0,False,False
CHEBI:229649,MONDO:0006058,3.284850549514254,5719213.0,False,False
CHEBI:194186,MONDO:0006058,3.1450768902702935,16170751.0,False,False
CHEBI:9014,MONDO:0013582,3.1077923745307534,21261188.0,False,False
CHEBI:6912,MONDO:0005212,3.10884292711735,21100546.0,False,False
CHEBI:64045,MONDO:0006058,3.111834657973814,20648054.0,False,False
CHEBI:3181,MONDO:0013582,3.129131050185162,18195955.0,False,False
CHEBI:135754,MONDO:0005212,3.063677418348444,28902395.0,False,False
CHEBI:167638,MONDO:0009759,3.1085948517609086,21138372.0,False,False
CHEBI:18258,MONDO:0009759,3.1249439706935958,18764058.0,False,False
CHEBI:5103,MONDO:0005212,3.126126649565972,18602169.0,False,False
CHEBI:28674,MONDO:0005212,3.126460813327352,18556631.0,False,False
CHEBI:5779,MONDO:0006058,3.065486074063125,28559819.0,False,False
CHEBI:8228,MONDO:0009759,3.063540177432165,28928437.0,False,False
CHEBI:7640,MONDO:0005212,3.1254266847693404,18698036.0,False,False
CHEBI:49960,MONDO:0009759,3.0633762813001146,28959458.0,False,False
UNII:54E5P4SD4U,MONDO:0009759,3.0631373731980105,29005035.0,False,False
CHEBI:3892,MONDO:0000141,3.1285254018742883,18276837.0,False,False
CHEBI:3478,MONDO:0000141,3.0652139179326774,28611301.0,False,False
CHEBI:135811,MONDO:0009759,3.0659774662570083,28467393.0,False,False
CHEBI:6843,MONDO:0009759,3.127681398090288,18390879.0,False,False
CHEBI:8863,MONDO:0013582,3.1268693705045116,18501081.0,False,False
CHEBI:39669,MONDO:0005212,3.11284004811392,20498127.0,False,False
CHEBI:135499,MONDO:0013582,3.062995609080497,29032133.0,False,False
CHEBI:51817,MONDO:0006058,3.1252507293690943,18722122.0,False,False
CHEBI:95170,MONDO:0006058,3.12461592528891,18809262.0,False,False
CHEBI:135899,MONDO:0009759,3.0622517631468904,29174181.0,False,False
CHEBI:599440,MONDO:0009759,3.0635678663721975,28923155.0,False,False
CHEBI:5088,MONDO:0013582,3.0646803103091087,28712293.0,False,False
CHEBI:76609,MONDO:0013582,3.06455485117832,28735873.0,False,False
CHEBI:5000,MONDO:0013582,3.062260954318884,29172492.0,False,False
CHEBI:229212,MONDO:0005212,3.126170789061427,18596152.0,False,False
CHEBI:194186,MONDO:0013582,3.125445066360024,18695440.0,False,False
CHEBI:194135,MONDO:0013582,3.126386981808174,18566733.0,False,False
CHEBI:135947,MONDO:0000141,3.110456652813884,20855462.0,False,False
CHEBI:82941,MONDO:0005212,3.1271197484584494,18467364.0,False,False
CHEBI:5100,MONDO:0009759,3.0626967121693256,29088878.0,False,False
CHEBI:135005,MONDO:0006058,3.129073255628666,18203633.0,False,False
CHEBI:8597,MONDO:0006058,3.0624929932588056,29127687.0,False,False
UNII:0T4IMT8S5Z,MONDO:0000141,3.0626153599381585,29104417.0,False,False
CHEBI:43968,MONDO:0009759,3.0628115531548463,29067183.0,False,False
CHEBI:71019,MONDO:0000141,3.124097227002716,18881194.0,False,False
CHEBI:119486,MONDO:0000141,3.1101659028391695,20899720.0,False,False
CHEBI:72297,MONDO:0006058,3.124893306565302,18771008.0,False,False
CHEBI:5296,MONDO:0000141,3.1098951081382094,20940673.0,False,False
UNII:43K1W2T1M6,MONDO:0009759,3.1098974291412045,20940354.0,False,False
CHEBI:5391,MONDO:0005212,3.125588641592046,18675926.0,False,False
CHEBI:520985,MONDO:0005212,3.111899165302578,20638437.0,False,False
CHEBI:32229,MONDO:0000141,3.0623038283657777,29164162.0,False,False
CHEBI:5959,MONDO:0009759,3.065428359228357,28570623.0,False,False
CHEBI:167638,MONDO:0013582,3.1085923149812817,21138738.0,False,False
CHEBI:4910,MONDO:0000141,3.062080734117705,29206401.0,False,False
CHEBI:7934,MONDO:0009759,3.1091765945740404,21050243.0,False,False
CHEBI:9720,MONDO:0005212,3.1253103059592995,18714037.0,False,False
CHEBI:229223,MONDO:0013582,3.127952549502927,18354339.0,False,False
CHEBI:585948,MONDO:0013582,3.2112159735718797,9869566.0,False,False
CHEBI:3638,MONDO:0013582,3.1201652480823814,19432589.0,False,False
CHEBI:8713,MONDO:0005212,3.1198958929559186,19470721.0,False,False
CHEBI:31184,MONDO:0006058,3.2099614831928367,9962928.0,False,False
CHEBI:9566,MONDO:0006058,3.2146974743881307,9617026.0,False,False
CHEBI:6367,MONDO:0005212,3.2126060176885636,9768006.0,False,False
CHEBI:16586,MONDO:0005212,3.2563996880767077,7054302.0,False,False
CHEBI:9939,MONDO:0009759,3.1219040029018847,19186519.0,False,False
DRUGBANK:DB16791,MONDO:0006058,3.2616391270809597,6785463.0,False,False
PUBCHEM.COMPOUND:657309,MONDO:0006058,3.2644664658770615,6646166.0,False,False
CHEBI:22652,MONDO:0009759,3.119877769523544,19473267.0,False,False
CHEBI:135720,MONDO:0005212,3.258457633561294,6947231.0,False,False
CHEBI:63621,MONDO:0006058,3.205437448974428,10305724.0,False,False
CHEBI:4450,MONDO:0000141,3.1202433992632352,19421391.0,False,False
UNII:DTI67O9503,MONDO:0006058,3.1228340063397986,19056520.0,False,False
CHEBI:36795,MONDO:0006058,3.20864988752505,10060912.0,False,False
CHEBI:3082,MONDO:0013582,3.260316639651629,6852148.0,False,False
CHEBI:38562,MONDO:0005212,3.20476582222732,10357290.0,False,False
CHEBI:5818,MONDO:0009759,3.2141602903094935,9655358.0,False,False
CHEBI:16347,MONDO:0005212,3.205180263038689,10325432.0,False,False
CHEBI:28177,MONDO:0009759,3.2695208321821267,6402313.0,False,False
CHEBI:72292,MONDO:0006058,3.1221554688492708,19151049.0,False,False
CHEBI:2453,MONDO:0000141,3.1195910758913783,19514034.0,False,False
CHEBI:37941,MONDO:0013582,3.1227969812365117,19061682.0,False,False
CHEBI:94707,MONDO:0005212,3.268942856334785,6429677.0,False,False
CHEBI:5002,MONDO:0006058,3.266171084230449,6562622.0,False,False
CHEBI:75275,MONDO:0005212,3.2607724456962117,6829142.0,False,False
UNII:KE3U2023NP,MONDO:0006058,3.122227793468719,19141144.0,False,False
CHEBI:6960,MONDO:0006058,3.268199823504612,6465067.0,False,False
CHEBI:600520,MONDO:0006058,3.119662890171983,19503933.0,False,False
CHEBI:83527,MONDO:0005212,3.1194092911063622,19540176.0,False,False
CHEBI:4702,MONDO:0006058,3.206588334555102,10216898.0,False,False
CHEBI:2453,MONDO:0013582,3.1213988824676457,19257704.0,False,False
CHEBI:41872,MONDO:0006058,3.2142912057897517,9646170.0,False,False
CHEBI:71940,MONDO:0005212,3.207322941871062,10161085.0,False,False
CHEBI:8654,MONDO:0009759,3.2638978017629166,6673943.0,False,False
DRUGBANK:DB00055,MONDO:0006058,3.2690629434191747,6423974.0,False,False
CHEBI:2955,MONDO:0000141,3.1188201913552818,19624197.0,False,False
CHEBI:50673,MONDO:0006058,3.260285506009108,6853659.0,False,False
UNII:6QVL057INT,MONDO:0006058,3.26142178426623,6796248.0,False,False
UNII:13ZT6YG5SD,MONDO:0006058,3.2586320419116195,6938227.0,False,False
UNII:7662KG2R6K,MONDO:0006058,3.120641377681682,19364866.0,False,False
CHEBI:5855,MONDO:0005212,3.205520503870753,10299170.0,False,False
CHEBI:80343,MONDO:0000141,3.209601166330163,9989827.0,False,False
CHEMBL.COMPOUND:CHEMBL4582651,MONDO:0005212,3.2545436722686083,7151751.0,False,False
CHEBI:6960,MONDO:0013582,3.206653037506333,10211920.0,False,False
CHEBI:4786,MONDO:0000141,3.263990235069649,6669457.0,False,False
CHEBI:72312,MONDO:0009759,3.088881287633229,24332240.0,False,False
CHEBI:8212,MONDO:0006058,3.3065856787920618,4878376.0,False,False
CHEBI:31597,MONDO:0009759,3.0921425905597437,23778657.0,False,False
CHEBI:5739,MONDO:0005212,3.148148248327124,15805513.0,False,False
CHEBI:16359,MONDO:0009759,3.0914104139606637,23902230.0,False,False
UNII:R30772KCU0,MONDO:0005212,3.306144010809461,4894224.0,False,False
CHEBI:8774,MONDO:0000141,3.0900061725534416,24139999.0,False,False
CHEBI:142773,MONDO:0006058,3.297514411987087,5211921.0,False,False
UMLS:C5557539,MONDO:0006058,3.1504225143381612,15539896.0,False,False
CHEBI:49960,MONDO:0005212,3.289788797809833,5515524.0,False,False
CHEBI:4753,MONDO:0000141,3.090778625103869,24008587.0,False,False
CHEBI:35045,MONDO:0005212,3.151513491360653,15413815.0,False,False
CHEBI:63618,MONDO:0009759,3.1541456462731237,15114085.0,False,False
CHEBI:51368,MONDO:0005212,3.090051917211346,24132214.0,False,False
CHEBI:7798,MONDO:0005212,3.2900031087788806,5506858.0,False,False
CHEBI:26710,MONDO:0009759,3.1501892977755395,15567054.0,False,False
CHEBI:8059,MONDO:0013582,3.088930360037723,24323962.0,False,False
CHEBI:85078,MONDO:0005212,3.09283259957295,23662931.0,False,False
UNII:6A901E312A,MONDO:0006058,3.301005834399567,5081134.0,False,False
CHEBI:4027,MONDO:0000141,3.292260262966402,5416248.0,False,False
CHEBI:8069,MONDO:0000141,3.0927965848515586,23669030.0,False,False
UNII:1H09Y5WO1F,MONDO:0005212,3.2959864018415934,5270448.0,False,False
CHEBI:2950,MONDO:0005212,3.1491178651332925,15692282.0,False,False
CHEBI:681848,MONDO:0013582,3.0906073561449245,24037976.0,False,False
CHEBI:8481,MONDO:0009759,3.293088005397718,5383741.0,False,False
CHEBI:7956,MONDO:0005212,3.151411918978953,15425604.0,False,False
CHEBI:75037,MONDO:0005212,3.3004881783540387,5100465.0,False,False
CHEBI:78432,MONDO:0000141,3.089243121845774,24270309.0,False,False
CHEBI:7601,MONDO:0006058,3.2933046667108536,5375276.0,False,False
CHEBI:7934,MONDO:0005212,3.2908109244015042,5474309.0,False,False
CHEBI:136009,MONDO:0005212,3.1527234600225444,15275339.0,False,False
UNII:1IJV77EI07,MONDO:0006058,3.295422754561111,5292255.0,False,False
CHEBI:2549,MONDO:0000141,3.0896524765798126,24200177.0,False,False
UNII:OU2YM37K86,MONDO:0006058,3.29582633526714,5276651.0,False,False
CHEBI:133017,MONDO:0009759,3.151702423184236,15392142.0,False,False
CHEBI:31199,MONDO:0009759,3.0919520837821755,23810945.0,False,False
CHEBI:6916,MONDO:0009759,3.0912911922958894,23922461.0,False,False
CHEBI:184381,MONDO:0005212,3.1504810110340262,15533117.0,False,False
CHEBI:31905,MONDO:0006058,3.292945669834916,5389325.0,False,False
CHEBI:5004,MONDO:0006058,3.092539560360513,23711613.0,False,False
UNII:7CDW97HUEX,MONDO:0013582,3.089355774112118,24251104.0,False,False
CHEBI:64312,MONDO:0000141,3.0918146964909896,23834063.0,False,False
CHEBI:8356,MONDO:0000141,3.148995686412298,15706570.0,False,False
CHEBI:36791,MONDO:0006058,3.1504435484768507,15537471.0,False,False
CHEBI:134709,MONDO:0005212,3.0925280590618747,23713511.0,False,False
CHEBI:30830,MONDO:0006058,3.150367783964983,15546216.0,False,False
CHEBI:291342,MONDO:0009759,3.2938699452954676,5352881.0,False,False
CHEBI:135626,MONDO:0013582,3.0921218707792297,23782112.0,False,False
CHEBI:8435,MONDO:0009759,3.305764700833677,4907684.0,False,False
CHEBI:3374,MONDO:0006058,3.317101591217707,4518524.0,False,False
CHEBI:184555,MONDO:0006058,3.1696794082273563,13460263.0,False,False
CHEBI:8364,MONDO:0006058,3.322143355638257,4356399.0,False,False
CHEBI:133011,MONDO:0006058,3.2164418422799588,9492912.0,False,False
CHEBI:63621,MONDO:0005212,3.1744535018247753,12988359.0,False,False
CHEBI:2636,MONDO:0005212,3.3226237025138086,4341310.0,False,False
CHEBI:77260,MONDO:0006058,3.171644731596223,13264150.0,False,False
CHEBI:51230,MONDO:0005212,3.2187650088816673,9329470.0,False,False
CHEBI:31859,MONDO:0009759,3.220126771818553,9235340.0,False,False
UNII:WGD229O42W,MONDO:0006058,3.2167497051591742,9471008.0,False,False
CHEBI:7824,MONDO:0013582,3.2174755690943506,9419776.0,False,False
CHEBI:28918,MONDO:0006058,3.31479426584936,4594985.0,False,False
CHEBI:4511,MONDO:0006058,3.171321693778059,13296387.0,False,False
CHEBI:2379,MONDO:0013582,3.222391888160502,9081052.0,False,False
UNII:F64QU97QCR,MONDO:0006058,3.2186332085012275,9338611.0,False,False
CHEBI:180653,MONDO:0006058,3.173966097105044,13035602.0,False,False
CHEBI:32010,MONDO:0005212,3.2230744888841247,9035153.0,False,False
CHEBI:77260,MONDO:0005212,3.1739744850599485,13034776.0,False,False
UMLS:C2587184,MONDO:0006058,3.1732614676617223,13104307.0,False,False
CHEBI:2659,MONDO:0006058,3.1705784913194384,13370289.0,False,False
CHEBI:27690,MONDO:0005212,3.321206564652297,4386017.0,False,False
CHEBI:9637,MONDO:0013582,3.224859543686706,8915370.0,False,False
UMLS:C4287766,MONDO:0006058,3.3209946101052736,4392684.0,False,False
UNII:YB18NF020M,MONDO:0005212,3.324813112920411,4272710.0,False,False
CHEBI:8502,MONDO:0006058,3.219910922705024,9250121.0,False,False
UNII:K6BUU8J72P,MONDO:0006058,3.1704999337809348,13378150.0,False,False
UNII:1FQ2RY5YHH,MONDO:0005212,3.1720262818332183,13226528.0,False,False
UMLS:C2350656,MONDO:0006058,3.221189998953184,9162640.0,False,False
CHEBI:136034,MONDO:0005212,3.169917184370429,13436451.0,False,False
CHEBI:63629,MONDO:0009759,3.222564176487504,9069349.0,False,False
CHEBI:9130,MONDO:0006058,3.1737417597296007,13057328.0,False,False
UNII:BI6GY4U9CW,MONDO:0006058,3.223770507836738,8988330.0,False,False
CHEBI:2639,MONDO:0009759,3.2224139736435586,9079495.0,False,False
UNII:GK1LYB375A,MONDO:0005212,3.170866033017802,13341673.0,False,False
PUBCHEM.COMPOUND:122173801,MONDO:0005212,3.2176781336215887,9405489.0,False,False
CHEBI:63598,MONDO:0006058,3.328027499615935,4174616.0,False,False
CHEBI:90933,MONDO:0006058,3.310653696536484,4736033.0,False,False
CHEBI:43755,MONDO:0013582,3.224012226748539,8972081.0,False,False
CHEBI:63581,MONDO:0006058,3.2180447123433735,9379902.0,False,False
CHEBI:84500,MONDO:0009759,3.1708702693885713,13341262.0,False,False
CHEBI:3419,MONDO:0005212,3.176748168791698,12767915.0,False,False
UMLS:C4329337,MONDO:0005212,3.326953467862498,4207153.0,False,False
CHEBI:9332,MONDO:0006058,3.219139976749886,9303434.0,False,False
CHEBI:9086,MONDO:0000141,3.320061523551148,4422591.0,False,False
CHEBI:40237,MONDO:0006058,3.3259149928678777,4238831.0,False,False
DRUGBANK:DB16900,MONDO:0006058,3.1747617761582214,12958526.0,False,False
CHEBI:87681,MONDO:0009759,3.1762928847207794,12811319.0,False,False
UNII:DLG4EML025,MONDO:0005212,3.3085866018599286,4807354.0,False,False
CHEBI:28177,MONDO:0013582,3.2189764225568935,9314940.0,False,False
UNII:N824AOU5XV,MONDO:0005212,3.2243166976906714,8951683.0,False,False
UNII:BI6GY4U9CW,MONDO:0005212,3.2253748239798026,8881228.0,False,False
CHEBI:66964,MONDO:0005212,3.308778031354511,4800641.0,False,False
CHEBI:50211,MONDO:0005212,3.3102655625185644,4749508.0,False,False
CHEBI:101085,MONDO:0006058,3.2167377463135525,9471924.0,False,False
CHEBI:50841,MONDO:0009759,3.223316418024388,9018723.0,False,False
CHEBI:4356,MONDO:0000141,3.171396939465881,13288880.0,False,False
CHEBI:7488,MONDO:0005212,3.2239134357351933,8978591.0,False,False
CHEBI:45906,MONDO:0005212,3.3102927934856776,4748553.0,False,False
CHEBI:7514,MONDO:0006058,3.3108456524427625,4729267.0,False,False
CHEBI:3213,MONDO:0005212,3.1701097219749603,13417423.0,False,False
CHEBI:135361,MONDO:0009759,3.216826093521662,9465522.0,False,False
CHEBI:94187,MONDO:0005212,3.1751929136937216,12916663.0,False,False
CHEBI:2618,MONDO:0006058,3.22172332455734,9126448.0,False,False
CHEBI:45863,MONDO:0009759,3.066793865768422,28313537.0,False,False
CHEBI:7798,MONDO:0009759,3.0691711587087123,27868017.0,False,False
CHEBI:41872,MONDO:0009759,3.0690420791044204,27892287.0,False,False
CHEBI:31941,MONDO:0009759,3.0671991379376253,28237229.0,False,False
CHEBI:75832,MONDO:0006058,3.1573371689297307,14758795.0,False,False
CHEBI:6935,MONDO:0005212,3.09483692967067,23329428.0,False,False
CHEBI:63610,MONDO:0009759,3.0949637710463325,23308477.0,False,False
CHEBI:6824,MONDO:0013582,3.0670273823732845,28269445.0,False,False
CHEBI:309594,MONDO:0005212,3.1608476070605365,14377606.0,False,False
CHEBI:44423,MONDO:0000141,3.1567825256902955,14819918.0,False,False
CHEBI:5864,MONDO:0000141,3.1591506008798813,14560931.0,False,False
CHEBI:231601,MONDO:0006058,3.1586247731134804,14618191.0,False,False
DRUGBANK:DB17132,MONDO:0005212,3.1545957485493217,15063903.0,False,False
CHEBI:82702,MONDO:0005212,3.1609448535180036,14367071.0,False,False
DRUGBANK:DB16900,MONDO:0005212,3.157114148556296,14783250.0,False,False
CHEBI:5118,MONDO:0005212,3.156406216193613,14861846.0,False,False
CHEBI:6532,MONDO:0006058,3.1559006308178663,14917951.0,False,False
UNII:8G388563M7,MONDO:0009759,3.0970980195392928,22957834.0,False,False
RXCUI:2119698,MONDO:0005212,3.069495859646783,27807746.0,False,False
CHEBI:9605,MONDO:0009759,3.1573565793538485,14756681.0,False,False
CHEBI:9316,MONDO:0006058,3.0969161253477613,22987416.0,False,False
CHEBI:6931,MONDO:0000141,3.069073184538386,27886369.0,False,False
CHEBI:6801,MONDO:0013582,3.1615808795697213,14299388.0,False,False
CHEBI:6797,MONDO:0000141,3.158472580011949,14634916.0,False,False
CHEBI:3309,MONDO:0006058,3.1558243266309622,14926618.0,False,False
CHEBI:71229,MONDO:0009759,3.070138586377483,27687972.0,False,False
CHEBI:3655,MONDO:0005212,3.1580645598610477,14679463.0,False,False
CHEBI:47898,MONDO:0013582,3.0663687866417497,28393465.0,False,False
CHEBI:575568,MONDO:0005212,3.1575779614050608,14732638.0,False,False
CHEBI:17924,MONDO:0013582,3.093749696823904,23509879.0,False,False
CHEBI:135961,MONDO:0006058,3.156552630365885,14845335.0,False,False
CHEBI:194135,MONDO:0000141,3.1566852135749395,14830676.0,False,False
UNII:9X7O8V25IT,MONDO:0000141,3.068363224388919,28018881.0,False,False
CHEBI:195280,MONDO:0006058,3.158541417037341,14627386.0,False,False
CHEBI:3044,MONDO:0000141,3.0673110625562616,28216248.0,False,False
CHEBI:229223,MONDO:0009759,3.0703093507100787,27656233.0,False,False
CHEBI:135627,MONDO:0005212,3.0942464795385005,23427216.0,False,False
CHEBI:135931,MONDO:0006058,3.155279018139243,14987310.0,False,False
CHEBI:228488,MONDO:0005212,3.06919050707374,27864340.0,False,False
CHEBI:135809,MONDO:0000141,3.069054557732743,27889949.0,False,False
UNII:PF9462I9HX,MONDO:0006058,3.1550017220334308,15018467.0,False,False
PUBCHEM.COMPOUND:71349,MONDO:0013582,3.0947741681283034,23339782.0,False,False
CHEBI:63619,MONDO:0009759,3.15565312833818,14945503.0,False,False
RXCUI:1157362,MONDO:0005212,3.15814705064858,14670498.0,False,False
CHEBI:46081,MONDO:0013582,3.160113074307068,14456380.0,False,False
CHEBI:135351,MONDO:0005212,3.0665308042665482,28362909.0,False,False
CHEBI:82720,MONDO:0005212,3.0667898089110706,28314308.0,False,False
CHEBI:3175,MONDO:0013582,3.1581394450832594,14671300.0,False,False
CHEBI:6801,MONDO:0009759,3.0942724620997035,23422901.0,False,False
CHEBI:136051,MONDO:0009759,3.1593752263693142,14536662.0,False,False
CHEBI:63628,MONDO:0006058,3.1558646413205316,14922083.0,False,False
CHEBI:167600,MONDO:0006058,3.1569790932698574,14798128.0,False,False
CHEBI:133023,MONDO:0006058,3.155170118710629,14999377.0,False,False
UNII:GE2T1418SV,MONDO:0005212,3.0674588799157663,28188654.0,False,False
CHEBI:140376,MONDO:0005212,3.093543078801094,23544254.0,False,False
PUBCHEM.COMPOUND:9852982,MONDO:0005212,3.201952832506867,10577564.0,False,False
CHEBI:31663,MONDO:0006058,3.2005117796225155,10691659.0,False,False
CHEBI:94707,MONDO:0009759,3.0601096773742054,29583745.0,False,False
UNII:3U02EL437C,MONDO:0005212,3.1955286775763776,11097135.0,False,False
CHEBI:16467,MONDO:0013582,3.2035570533013944,10451120.0,False,False
CHEBI:7444,MONDO:0005212,3.203563409219682,10450632.0,False,False
CHEBI:3347,MONDO:0009759,3.0583538506030568,29920879.0,False,False
CHEBI:8249,MONDO:0009759,3.073254904598365,27110559.0,False,False
CHEBI:68556,MONDO:0013582,3.0708954220357256,27547243.0,False,False
UNII:7NL2E3F6K3,MONDO:0013582,3.0711933439740897,27491741.0,False,False
CHEBI:94805,MONDO:0009759,3.0741515194979616,26946129.0,False,False
CHEBI:4887,MONDO:0000141,3.072170512358681,27310731.0,False,False
CHEBI:32293,MONDO:0000141,3.059009361445085,29794805.0,False,False
CHEBI:28077,MONDO:0000141,3.061352484212599,29345858.0,False,False
CHEBI:63791,MONDO:0009759,3.071053173913731,27517835.0,False,False
CHEBI:35045,MONDO:0006058,3.196425995571756,11023019.0,False,False
CHEBI:48947,MONDO:0006058,3.073190420687082,27122467.0,False,False
CHEBI:125354,MONDO:0013582,3.058015198072537,29986341.0,False,False
CHEBI:36791,MONDO:0009759,3.1992157182974315,10795461.0,False,False
UNII:976X9VXC3Z,MONDO:0000141,3.0715890319772727,27418804.0,False,False
CHEBI:53796,MONDO:0000141,3.073677575177929,27033060.0,False,False
CHEBI:84883,MONDO:0006058,3.198452087653446,10857097.0,False,False
CHEBI:64310,MONDO:0013582,3.06019022124028,29568368.0,False,False
CHEBI:7986,MONDO:0013582,3.203067564666858,10489704.0,False,False
CHEBI:6438,MONDO:0006058,3.1957009893748065,11082933.0,False,False
CHEBI:50211,MONDO:0000141,3.058560765805674,29881070.0,False,False
UNII:NWQ5N31VKK,MONDO:0009759,3.059889608040006,29626089.0,False,False
CHEBI:135652,MONDO:0013582,3.061588552438413,29300771.0,False,False
CHEBI:33324,MONDO:0006058,3.203731946338473,10437540.0,False,False
UMLS:C5443833,MONDO:0006058,3.0714552637519574,27443714.0,False,False
CHEBI:2948,MONDO:0013582,3.0711283181195164,27503844.0,False,False
CHEBI:144551,MONDO:0013582,3.073462318174719,27072393.0,False,False
PUBCHEM.COMPOUND:657309,MONDO:0000141,3.0588166246082187,29831531.0,False,False
CHEBI:82720,MONDO:0009759,3.0724938364377277,27251001.0,False,False
CHEBI:8405,MONDO:0006058,3.200792863689826,10669543.0,False,False
CHEBI:5613,MONDO:0000141,3.072678080876121,27216828.0,False,False
CHEBI:145536,MONDO:0005212,3.196833026182879,10989260.0,False,False
PUBCHEM.COMPOUND:5487427,MONDO:0013582,3.072792967950953,27195717.0,False,False
CHEBI:53775,MONDO:0009759,3.060813666114515,29448586.0,False,False
CHEBI:31941,MONDO:0000141,3.2000240940776825,10730632.0,False,False
CHEBI:156095,MONDO:0005212,3.2007283528695156,10674636.0,False,False
CHEBI:4995,MONDO:0000141,3.0743862301600116,26903206.0,False,False
CHEBI:15640,MONDO:0000141,3.0716638068637954,27404814.0,False,False
CHEBI:63627,MONDO:0000141,3.0597322392146524,29656427.0,False,False
CHEBI:133833,MONDO:0009759,3.0726524970878755,27221558.0,False,False
CHEBI:6539,MONDO:0000141,3.2014243704958663,10619184.0,False,False
CHEBI:6030,MONDO:0013582,3.058549464006685,29883325.0,False,False
CHEBI:194527,MONDO:0000141,3.0712059913689376,27489446.0,False,False
CHEBI:5739,MONDO:0006058,3.1383958240574956,16990970.0,False,False
CHEBI:134745,MONDO:0000141,3.0409295371153413,33305945.0,False,False
DRUGBANK:DB17635,MONDO:0013582,3.039092721056299,33660617.0,False,False
CHEBI:36560,MONDO:0000141,3.0413154778399636,33231163.0,False,False
UNII:O5ZD2TU2B7,MONDO:0006058,3.1407086487238374,16703021.0,False,False
CHEBI:167672,MONDO:0013582,3.0414000079813768,33214665.0,False,False
CHEBI:75275,MONDO:0013582,3.0416124683576746,33173173.0,False,False
CHEBI:6935,MONDO:0000141,3.140411960336885,16739762.0,False,False
CHEBI:68556,MONDO:0000141,3.0384834978185165,33778329.0,False,False
CHEBI:8093,MONDO:0009759,3.135760256780985,17326460.0,False,False
CHEBI:9566,MONDO:0000141,3.137356912716371,17122396.0,False,False
CHEBI:205919,MONDO:0009759,3.038963148424644,33685705.0,False,False
UNII:71492GE1FX,MONDO:0006058,3.1395332903069395,16848793.0,False,False
UNII:K0N0Z40J3W,MONDO:0000141,3.040001196732578,33485393.0,False,False
CHEBI:6916,MONDO:0006058,3.1377823077635263,17068438.0,False,False
UNII:PVI5M0M1GW,MONDO:0009759,3.038007581506986,33869791.0,False,False
CHEBI:35149,MONDO:0009759,3.0410710254027338,33278481.0,False,False
CHEBI:5100,MONDO:0013582,3.0393120107688487,33618397.0,False,False
UNII:2NU6F9601K,MONDO:0013582,3.039362236534984,33608806.0,False,False
CHEBI:2675,MONDO:0009759,3.1360375053765956,17290799.0,False,False
CHEBI:72564,MONDO:0009759,3.131673273310529,17858428.0,False,False
UNII:BTY153760O,MONDO:0000141,3.037473157687584,33972054.0,False,False
CHEBI:521033,MONDO:0009759,3.0399304595212997,33499187.0,False,False
RXCUI:1152373,MONDO:0000141,3.040533354324245,33382516.0,False,False
CHEBI:3011,MONDO:0013582,3.136479701103786,17234231.0,False,False
UNII:BI6GY4U9CW,MONDO:0000141,3.041399112830612,33214841.0,False,False
CHEBI:75179,MONDO:0009759,3.133862523188376,17571709.0,False,False
CHEBI:63613,MONDO:0000141,3.040535253271009,33382162.0,False,False
UNII:KE3U2023NP,MONDO:0013582,3.0401638923798044,33454182.0,False,False
CHEBI:76016,MONDO:0006058,3.136272452738834,17260503.0,False,False
CHEBI:135938,MONDO:0006058,3.1376710549816096,17082387.0,False,False
UMLS:C2316217,MONDO:0006058,3.1388085705739073,16939352.0,False,False
CHEBI:8597,MONDO:0009759,3.130217888260895,18050868.0,False,False
CHEBI:141474,MONDO:0000141,3.041451994776616,33204529.0,False,False
CHEBI:34969,MONDO:0013582,3.037900429207929,33890359.0,False,False
CHEBI:6741,MONDO:0013582,3.130556860377175,18005606.0,False,False
CHEBI:9667,MONDO:0013582,3.131483860930084,17883223.0,False,False
CHEBI:10454,MONDO:0009759,3.132242965548972,17783422.0,False,False
CHEBI:135930,MONDO:0006058,3.132116160292327,17800222.0,False,False
CHEBI:3777,MONDO:0009759,3.0397407062757824,33535696.0,False,False
CHEBI:63611,MONDO:0009759,3.1379672756878767,17045112.0,False,False
CHEBI:3994,MONDO:0005212,3.135375487520521,17376005.0,False,False
CHEBI:9754,MONDO:0013582,3.041521728296173,33191030.0,False,False
CHEBI:135929,MONDO:0006058,3.135074607314593,17414686.0,False,False
UNII:8202AY8I7H,MONDO:0000141,3.0377742417449833,33914579.0,False,False
CHEBI:8249,MONDO:0000141,3.137652015047286,17084799.0,False,False
CHEBI:7825,MONDO:0009759,3.0411250961309095,33268006.0,False,False
CHEBI:73038,MONDO:0000141,3.040501103014102,33388557.0,False,False
CHEBI:28674,MONDO:0009759,3.041373520880956,33219956.0,False,False
RXCUI:1157362,MONDO:0000141,3.0381970341055364,33833316.0,False,False
CHEBI:8802,MONDO:0013582,3.0386286806484852,33750413.0,False,False
CHEBI:2637,MONDO:0009759,3.1353875787971894,17374426.0,False,False
UMLS:C2350656,MONDO:0005212,3.1300644088688188,18071199.0,False,False
CHEBI:50742,MONDO:0009759,3.0804438604709734,25807571.0,False,False
CHEBI:4856,MONDO:0000141,3.0552284393698574,30525224.0,False,False
CHEBI:7773,MONDO:0000141,3.0797323098758556,25935198.0,False,False
UNII:LMQ24G57E9,MONDO:0009759,3.0839551942966494,25187453.0,False,False
CHEBI:6931,MONDO:0006058,3.1829913987214598,12186446.0,False,False
UMLS:C2826078,MONDO:0009759,3.0798458120155305,25914792.0,False,False
CHEBI:66964,MONDO:0006058,3.18235874534729,12244086.0,False,False
CHEBI:39669,MONDO:0006058,3.1835579184406093,12134783.0,False,False
CHEBI:53760,MONDO:0000141,3.054504987891331,30665609.0,False,False
CHEBI:8493,MONDO:0009759,3.0811928513428053,25673550.0,False,False
CHEBI:9123,MONDO:0005212,3.055197403533248,30531303.0,False,False
CHEBI:32192,MONDO:0009759,3.0544290868033155,30680283.0,False,False
CHEBI:4708,MONDO:0000141,3.0563029732533975,30316995.0,False,False
UNII:QX45B99R3J,MONDO:0006058,3.1787900868620182,12575360.0,False,False
CHEBI:135342,MONDO:0005212,3.0544329011928175,30679565.0,False,False
CHEBI:2676,MONDO:0013582,3.056190479275328,30338954.0,False,False
UNII:953A26OA1Y,MONDO:0013582,3.0575312295199772,30079654.0,False,False
CHEBI:40237,MONDO:0000141,3.181582219042399,12315666.0,False,False
CHEBI:135652,MONDO:0006058,3.083480829288777,25269898.0,False,False
CHEBI:6824,MONDO:0009759,3.0556901839175152,30435936.0,False,False
CHEBI:4710,MONDO:0013582,3.082597895242142,25425320.0,False,False
CHEBI:76609,MONDO:0005212,3.081656149147441,25591533.0,False,False
UNII:7NL2E3F6K3,MONDO:0009759,3.0549005380330474,30589004.0,False,False
CHEBI:6030,MONDO:0009759,3.18146586558621,12326290.0,False,False
CHEBI:6954,MONDO:0013582,3.0803674750205676,25821303.0,False,False
CHEBI:3398,MONDO:0006058,3.0553956755382643,30492962.0,False,False
UNII:EO144CP0X9,MONDO:0005212,3.056077998400229,30360818.0,False,False
CHEBI:102216,MONDO:0005212,3.0798171065816513,25919984.0,False,False
CHEBI:72305,MONDO:0005212,3.053731930428619,30815822.0,False,False
CHEBI:135930,MONDO:0013582,3.0569352367196627,30194779.0,False,False
CHEBI:5893,MONDO:0000141,3.185530978713044,11957507.0,False,False
CHEBI:4657,MONDO:0013582,3.180169491710858,12446127.0,False,False
CHEBI:8448,MONDO:0006058,3.0830592962269665,25344341.0,False,False
CHEBI:28304,MONDO:0000141,3.0559312787508293,30388983.0,False,False
CHEBI:9437,MONDO:0000141,3.054841696596074,30600489.0,False,False
CHEBI:135947,MONDO:0013582,3.080418136589856,25812115.0,False,False
CHEBI:65346,MONDO:0006058,3.0809457144025916,25717924.0,False,False
CHEBI:5062,MONDO:0009759,3.0831980363794775,25319762.0,False,False
CHEBI:47782,MONDO:0006058,3.0817011116447457,25583599.0,False,False
CHEBI:6970,MONDO:0013582,3.0562897316451156,30319607.0,False,False
CHEBI:135939,MONDO:0000141,3.0804954929840562,25798368.0,False,False
UNII:13ZT6YG5SD,MONDO:0000141,3.0565560591438343,30267870.0,False,False
UNII:D27V6190PM,MONDO:0000141,3.0536632998929925,30829073.0,False,False
CHEBI:4822,MONDO:0000141,3.08362031852569,25245525.0,False,False
CHEBI:8212,MONDO:0005212,3.192684308893245,11334772.0,False,False
UNII:0J8RN2W0HK,MONDO:0005212,3.188836260293272,11666128.0,False,False
CHEBI:8382,MONDO:0009759,3.193137606541849,11296485.0,False,False
CHEBI:64312,MONDO:0013582,3.049652030022947,31608492.0,False,False
UNII:91X1KLU43E,MONDO:0000141,3.08689313356927,24675039.0,False,False
CHEBI:4953,MONDO:0000141,3.0874738589562156,24574961.0,False,False
CHEBI:8654,MONDO:0005212,3.188826308490766,11666933.0,False,False
CHEBI:53796,MONDO:0013582,3.0882770679004814,24436170.0,False,False
CHEBI:7443,MONDO:0006058,3.1943282926217877,11196752.0,False,False
UNII:76RS4S2ET1,MONDO:0005212,3.19101434828748,11477122.0,False,False
CHEBI:82866,MONDO:0006058,3.046470863793996,32228861.0,False,False
CHEBI:421707,MONDO:0006058,3.1914266285265196,11441640.0,False,False
CHEBI:8665,MONDO:0013582,3.0479995435951746,31930430.0,False,False
CHEBI:8389,MONDO:0000141,3.046335236779382,32255224.0,False,False
CHEBI:5109,MONDO:0009759,3.0491130867043283,31713856.0,False,False
CHEBI:16467,MONDO:0009759,3.084438176690729,25102827.0,False,False
UNII:VRN8S9CW5V,MONDO:0009759,3.0463599045817027,32250461.0,False,False
UNII:25CG88L0BB,MONDO:0006058,3.186946994866059,11831831.0,False,False
CHEBI:45716,MONDO:0000141,3.0484888157949968,31835499.0,False,False
CHEBI:72317,MONDO:0013582,3.08744483075667,24579939.0,False,False
CHEBI:32243,MONDO:0005212,3.1927947013204676,11325467.0,False,False
UNII:PF9462I9HX,MONDO:0005212,3.1936268622680033,11255566.0,False,False
CHEBI:63610,MONDO:0005212,3.194752126527013,11161561.0,False,False
CHEBI:78540,MONDO:0013582,3.0460640467202404,32308029.0,False,False
CHEBI:7459,MONDO:0013582,3.08799990019181,24484209.0,False,False
CHEBI:135919,MONDO:0009759,3.0869846723706402,24659259.0,False,False
CHEBI:31781,MONDO:0009759,3.084581600946494,25077807.0,False,False
CHEBI:43968,MONDO:0005212,3.190850859392096,11491268.0,False,False
CHEBI:85966,MONDO:0009759,3.087266962532574,24610651.0,False,False
CHEBI:37510,MONDO:0005212,3.192078788708562,11386287.0,False,False
CHEBI:6832,MONDO:0009759,3.190579426604959,11514599.0,False,False
UNII:0K5743G68X,MONDO:0009759,3.0476216123926116,32004101.0,False,False
CHEBI:8214,MONDO:0009759,3.1866956226497978,11854104.0,False,False
UNII:681K1JDI8M,MONDO:0006058,3.1910267254027724,11476086.0,False,False
CHEBI:135654,MONDO:0005212,3.0878491220797253,24510163.0,False,False
CHEBI:4887,MONDO:0009759,3.0870246482750168,24652245.0,False,False
CHEBI:205919,MONDO:0006058,3.194217011552201,11206125.0,False,False
CHEBI:31515,MONDO:0000141,3.0488768260824957,31759634.0,False,False
CHEBI:31403,MONDO:0009759,3.048784376726201,31777594.0,False,False
CHEBI:76607,MONDO:0005212,3.1913462736350766,11448520.0,False,False
CHEBI:134991,MONDO:0013582,3.0488753240575646,31759932.0,False,False
CHEBI:91327,MONDO:0009759,3.04887838358405,31759309.0,False,False
CHEBI:83531,MONDO:0000141,3.0496800650844635,31603117.0,False,False
CHEBI:6129,MONDO:0000141,3.0457186678710633,32374945.0,False,False
CHEBI:45951,MONDO:0013582,3.1886412123809613,11683052.0,False,False
CHEBI:8673,MONDO:0000141,3.0472672155471106,32073687.0,False,False
CHEBI:91514,MONDO:0006058,3.046552161680622,32212861.0,False,False
CHEBI:3515,MONDO:0000141,3.086846541575021,24683179.0,False,False
CHEBI:188719,MONDO:0009759,3.0462490125175696,32272137.0,False,False
PUBCHEM.COMPOUND:71349,MONDO:0009759,3.084972464599997,25009405.0,False,False
CHEBI:88249,MONDO:0009759,3.048544489227501,31824680.0,False,False
CHEBI:7956,MONDO:0009759,3.0479442476369827,31941312.0,False,False
CHEBI:177453,MONDO:0009759,3.0848765722761877,25026110.0,False,False
CHEBI:39585,MONDO:0006058,3.193465012343166,11269035.0,False,False
CHEBI:499361,MONDO:0006058,3.193867714819903,11235337.0,False,False
CHEBI:134716,MONDO:0006058,3.1910090744730093,11477597.0,False,False
UNII:997WVV895X,MONDO:0013582,3.0490694029613747,31722335.0,False,False
UNII:T8B2ORP1DW,MONDO:0005212,3.1885285144975803,11692848.0,False,False
CHEBI:2950,MONDO:0000141,3.047021870912686,32121622.0,False,False
CHEBI:75045,MONDO:0009759,3.046283506136098,32265260.0,False,False
UNII:9X7O8V25IT,MONDO:0009759,3.046266811452365,32268616.0,False,False
PUBCHEM.COMPOUND:137229597,MONDO:0000141,3.044297728754141,32651174.0,False,False
PUBCHEM.COMPOUND:76314940,MONDO:0013582,3.012181234175295,38333676.0,False,False
UNII:8M7V7Q6537,MONDO:0009759,3.012650929151155,38268669.0,False,False
UNII:Y6BX7BL23K,MONDO:0013582,3.0150070635186754,37929270.0,False,False
CHEBI:7566,MONDO:0013582,3.0218151977289462,36838246.0,False,False
UNII:P0GVQ9A4S5,MONDO:0009759,3.0102537052480223,38588011.0,False,False
CHEBI:135752,MONDO:0013582,3.020555437447908,37050168.0,False,False
DRUGBANK:DB17362,MONDO:0009759,3.023135019348156,36611534.0,False,False
CHEBI:7773,MONDO:0013582,3.0229706519322326,36639817.0,False,False
UNII:2372V1TKXK,MONDO:0000141,3.012139584986091,38339382.0,False,False
UNII:PQX0D8J21J,MONDO:0013582,3.011108431154504,38477667.0,False,False
DRUGBANK:DB16900,MONDO:0009759,3.0224326202184555,36732666.0,False,False
CHEBI:2673,MONDO:0013582,3.044838887662814,32546022.0,False,False
CHEBI:83527,MONDO:0000141,3.024770354257183,36327065.0,False,False
CHEBI:32184,MONDO:0013582,3.0143541433836734,38025700.0,False,False
CHEBI:135173,MONDO:0013582,3.0121762187390058,38334365.0,False,False
UNII:8ZHS5657EH,MONDO:0009759,3.011487463342357,38427198.0,False,False
UNII:O880NM097T,MONDO:0000141,3.0219095209782445,36822153.0,False,False
UNII:ODJ69JZG85,MONDO:0013582,3.021450776006785,36899577.0,False,False
UNII:105J35OE21,MONDO:0000141,3.013866769297774,38096467.0,False,False
CHEBI:231693,MONDO:0013582,3.0151674324186706,37905209.0,False,False
UNII:5G1WE425BI,MONDO:0009759,3.02122079231924,36938414.0,False,False
UMLS:C3539881,MONDO:0009759,3.014864225658846,37950582.0,False,False
CHEBI:3478,MONDO:0013582,3.0240572947352335,36451968.0,False,False
UNII:GE2T1418SV,MONDO:0006058,3.044777736252991,32557748.0,False,False
CHEBI:17594,MONDO:0009759,3.0421639854825546,33065787.0,False,False
CHEBI:183811,MONDO:0000141,3.0228045328011612,36668566.0,False,False
CHEBI:9321,MONDO:0000141,3.021263690896131,36931157.0,False,False
CHEBI:85990,MONDO:0000141,3.0250570146377314,36276594.0,False,False
CHEBI:724125,MONDO:0009759,3.0144455475878673,38012253.0,False,False
UNII:GK1LYB375A,MONDO:0009759,3.014666411714174,37979867.0,False,False
UNII:N658GY6L3E,MONDO:0009759,3.0140008103258404,38077220.0,False,False
UNII:B6E7K36KT8,MONDO:0009759,3.0140569418880254,38068966.0,False,False
CHEBI:88249,MONDO:0013582,3.022957294205347,36642126.0,False,False
UMLS:C0003993,MONDO:0009759,3.024248909746283,36418371.0,False,False
CHEBI:28262,MONDO:0000141,3.021978758549278,36810240.0,False,False
CHEBI:233362,MONDO:0013582,3.013766091444402,38110866.0,False,False
CHEBI:176844,MONDO:0013582,3.02414704834461,36436318.0,False,False
PUBCHEM.COMPOUND:132212657,MONDO:0013582,3.0209919322383927,36976769.0,False,False
DRUGBANK:DB00058,MONDO:0013582,3.022410185164075,36736445.0,False,False
CHEBI:90863,MONDO:0009759,3.023410055735022,36564408.0,False,False
UNII:GNWE7KJ995,MONDO:0009759,3.0243439448679714,36401797.0,False,False
CHEBI:7494,MONDO:0013582,3.0134706886551994,38153247.0,False,False
CHEBI:149601,MONDO:0013582,3.0222328037552835,36767111.0,False,False
UNII:8M7V7Q6537,MONDO:0000141,3.0114214041714478,38435936.0,False,False
CHEBI:90227,MONDO:0009759,3.0417706065033228,33142506.0,False,False
CHEBI:7907,MONDO:0013582,3.024866699157151,36310008.0,False,False
UNII:38RL9AE51Q,MONDO:0013582,3.042612952968123,32977957.0,False,False
CHEBI:80343,MONDO:0009759,3.020967047527461,36980968.0,False,False
CHEBI:75832,MONDO:0009759,3.042326239410613,33034154.0,False,False
CHEBI:177849,MONDO:0013582,3.041955492480364,33106330.0,False,False
CHEBI:5098,MONDO:0013582,3.0128844545072053,38236020.0,False,False
UNII:UMD07X179E,MONDO:0000141,3.0128188978605377,38245212.0,False,False
UNII:XZA0KB1BDQ,MONDO:0000141,3.023392312507198,36567439.0,False,False
CHEBI:63918,MONDO:0013582,3.0125907795092903,38277223.0,False,False
UNII:SXA7YP6EKX,MONDO:0000141,3.013439102154769,38157701.0,False,False
CHEBI:4309,MONDO:0009759,3.0111481396094133,38472335.0,False,False
CHEBI:9421,MONDO:0000141,3.0211744308488813,36946093.0,False,False
CHEBI:3547,MONDO:0000141,3.045235862056218,32468757.0,False,False
CHEBI:178699,MONDO:0009759,3.0436019059750707,32786131.0,False,False
UNII:PF8K38CG54,MONDO:0013582,3.010097402390534,38607816.0,False,False
CHEBI:51032,MONDO:0000141,3.009836969676223,38640509.0,False,False
CHEBI:5138,MONDO:0013582,3.014817302755243,37957612.0,False,False
CHEBI:68575,MONDO:0000141,3.022387865609744,36740412.0,False,False
DRUGBANK:DB00058,MONDO:0000141,3.044227293285052,32664749.0,False,False
UNII:8K80YB5GMG,MONDO:0013582,3.0151028024385997,37914865.0,False,False
CHEBI:132975,MONDO:0009759,3.021642697088005,36867216.0,False,False
CHEBI:93363,MONDO:0013582,3.021795720125138,36841473.0,False,False
UNII:G9WJT6RD29,MONDO:0000141,3.012653916830856,38268244.0,False,False
CHEBI:28887,MONDO:0009759,3.011924365993522,38368462.0,False,False
UNII:DLG4EML025,MONDO:0009759,3.0418229731574336,33132239.0,False,False
CHEBI:229659,MONDO:0000141,3.04338820602512,32827167.0,False,False
CHEBI:63916,MONDO:0009759,3.0442099972319108,32668167.0,False,False
CHEBI:6754,MONDO:0000141,3.01401183302323,38075623.0,False,False
CHEBI:233446,MONDO:0000141,3.0134504941172935,38156097.0,False,False
CHEBI:66919,MONDO:0013582,3.0212534742757162,36932881.0,False,False
CHEBI:231032,MONDO:0013582,3.0110220073218095,38488960.0,False,False
UNII:08GY9K1EUO,MONDO:0009759,3.022555404661985,36711535.0,False,False
UNII:T12B44A1OE,MONDO:0013582,3.021730083825318,36852469.0,False,False
UNII:I60W9520VV,MONDO:0009759,3.0453321909513633,32450140.0,False,False
CHEBI:134700,MONDO:0013582,3.0129236998436024,38230512.0,False,False
CHEBI:63626,MONDO:0009759,3.042255374568579,33047886.0,False,False
CHEBI:46859,MONDO:0000141,3.0122512233865955,38324115.0,False,False
CHEBI:7581,MONDO:0000141,3.0444859768857784,32614651.0,False,False
DRUGBANK:DB16257,MONDO:0000141,3.013010209328155,38218386.0,False,False
DRUGBANK:DB13915,MONDO:0000141,3.022839178024885,36662532.0,False,False
CHEBI:135961,MONDO:0013582,3.024769382687393,36327233.0,False,False
CHEBI:28864,MONDO:0000141,3.0225242971540567,36716782.0,False,False
CHEBI:2704,MONDO:0000141,3.041885299067996,33120059.0,False,False
CHEBI:6432,MONDO:0000141,3.023228544937073,36595585.0,False,False
CHEBI:172944,MONDO:0009759,3.0116712261477914,38402594.0,False,False
CHEBI:17754,MONDO:0000141,3.0246268506471967,36352370.0,False,False
UNII:P7186074QC,MONDO:0009759,3.0146359024155354,37984436.0,False,False
DRUGBANK:DB17831,MONDO:0000141,3.0246532613662227,36347725.0,False,False
UNII:6D848RA61B,MONDO:0000141,3.042371045557956,33025435.0,False,False
CHEBI:177703,MONDO:0005212,3.043085977293689,32885906.0,False,False
UNII:0CA0VSF91Y,MONDO:0000141,3.044826880302434,32548380.0,False,False
UNII:VRN8S9CW5V,MONDO:0000141,3.0106196759930737,38541447.0,False,False
CHEBI:8485,MONDO:0009759,3.0139819154962053,38079954.0,False,False
UNII:55KHL3P693,MONDO:0009759,3.021415646887437,36905586.0,False,False
CHEBI:9398,MONDO:0000141,3.044306210236475,32649525.0,False,False
CHEBI:9130,MONDO:0009759,3.0425253028199712,32995082.0,False,False
UNII:X05U0N2RCO,MONDO:0000141,3.0245602932578213,36364051.0,False,False
CHEBI:30745,MONDO:0013582,3.01641484817132,37715187.0,False,False
UMLS:C1268876,MONDO:0009759,3.016450098448483,37709777.0,False,False
CHEBI:85183,MONDO:0000141,3.0162415651633077,37741753.0,False,False
UNII:105J35OE21,MONDO:0009759,3.016029170225005,37774348.0,False,False
CHEBI:77898,MONDO:0000141,3.0172494746317566,37585281.0,False,False
CHEBI:182080,MONDO:0000141,3.019254859599934,37263952.0,False,False
CHEBI:6444,MONDO:0005212,3.101532788579365,22240828.0,False,False
CHEBI:63632,MONDO:0013582,3.1008928777984206,22343559.0,False,False
CHEBI:16828,MONDO:0009759,3.051335094716185,31282290.0,False,False
CHEBI:75045,MONDO:0013582,3.0194857803871256,37226707.0,False,False
DRUGBANK:DB16791,MONDO:0013582,3.0172176288949153,37590332.0,False,False
UNII:LDJ89SS0YG,MONDO:0000141,3.018129985878484,37446066.0,False,False
CHEBI:156095,MONDO:0000141,3.019085887830527,37291741.0,False,False
CHEBI:28915,MONDO:0000141,3.018388026057254,37404589.0,False,False
DRUGBANK:DB13881,MONDO:0009759,3.017686571085094,37516346.0,False,False
CHEBI:7444,MONDO:0009759,3.101408669755208,22261023.0,False,False
CHEBI:188719,MONDO:0013582,3.100894058240212,22343353.0,False,False
UMLS:C1881890,MONDO:0009759,3.0187871846970715,37340584.0,False,False
CHEBI:3242,MONDO:0009759,3.102619007110143,22068324.0,False,False
UNII:2WU922TK3L,MONDO:0009759,3.0160560370075604,37770256.0,False,False
CHEBI:63628,MONDO:0013582,3.0526906260940834,31017898.0,False,False
UNII:0R4NLX88O4,MONDO:0009759,3.0204545647631766,37066894.0,False,False
UNII:74T7185BMM,MONDO:0000141,3.0198667653886684,37164043.0,False,False
UNII:DQA630RIE9,MONDO:0013582,3.1012533444221964,22285585.0,False,False
CHEBI:94848,MONDO:0006058,3.049836868146701,31572690.0,False,False
CHEBI:134718,MONDO:0013582,3.053514513379981,30857911.0,False,False
CHEBI:177453,MONDO:0013582,3.0182298337401647,37430056.0,False,False
CHEBI:9437,MONDO:0009759,3.049835122637246,31573031.0,False,False
UNII:DD5RBA1NKF,MONDO:0009759,3.1003501646933684,22430181.0,False,False
CHEBI:71223,MONDO:0009759,3.018332299991525,37413644.0,False,False
CHEBI:50378,MONDO:0005212,3.0990959519005603,22632679.0,False,False
CHEBI:100246,MONDO:0009759,3.102207226181806,22133791.0,False,False
DRUGBANK:DB16783,MONDO:0009759,3.0167460566610753,37664173.0,False,False
CHEBI:28915,MONDO:0013582,3.018698134769693,37355078.0,False,False
UNII:0K5743G68X,MONDO:0000141,3.0175958076941924,37530657.0,False,False
CHEBI:50381,MONDO:0013582,3.0175577249680745,37536557.0,False,False
UNII:1L7BVT4Z4Z,MONDO:0006058,3.052764012228165,31003524.0,False,False
CHEBI:73275,MONDO:0013582,3.015566745818067,37844928.0,False,False
CHEBI:8461,MONDO:0009759,3.0993720299250977,22587987.0,False,False
CHEBI:53760,MONDO:0005212,3.1016809377853156,22217410.0,False,False
CHEBI:141474,MONDO:0009759,3.0522636388968936,31101443.0,False,False
UNII:A9A0O6FB4H,MONDO:0009759,3.052894365764228,30978091.0,False,False
UNII:T12B44A1OE,MONDO:0000141,3.018375208259033,37406693.0,False,False
CHEBI:72289,MONDO:0006058,3.0982937666323584,22762503.0,False,False
CHEBI:5847,MONDO:0000141,3.019422167347571,37237026.0,False,False
CHEBI:232810,MONDO:0009759,3.017894115441867,37483273.0,False,False
UNII:TT0V5JLG5B,MONDO:0000141,3.015644446441959,37833120.0,False,False
CHEBI:3127,MONDO:0013582,3.1024083588913594,22101644.0,False,False
CHEBI:15367,MONDO:0009759,3.0505059582190537,31442902.0,False,False
CHEBI:135876,MONDO:0000141,3.0503340476281515,31476037.0,False,False
UMLS:C4547518,MONDO:0000141,3.016478725876329,37705304.0,False,False
CHEBI:183811,MONDO:0006058,3.0995436109927,22559969.0,False,False
UNII:2W150K0UUC,MONDO:0006058,3.1019151864462824,22180115.0,False,False
CHEBI:132967,MONDO:0009759,3.019637887946415,37201663.0,False,False
UNII:913P6LK81M,MONDO:0000141,3.017239810098496,37586786.0,False,False
UNII:RJ1IW3B4QX,MONDO:0009759,3.017410451947434,37559951.0,False,False
CHEBI:7445,MONDO:0000141,3.0157106692817712,37823101.0,False,False
CHEBI:140407,MONDO:0000141,3.019625618502731,37203714.0,False,False
UNII:YK2K6N3ZVU,MONDO:0000141,3.0168005981647807,37655618.0,False,False
UNII:1L7BVT4Z4Z,MONDO:0009759,3.0195028470632925,37223960.0,False,False
CHEBI:69478,MONDO:0000141,3.1022338371662936,22129653.0,False,False
CHEBI:93752,MONDO:0000141,3.099124623571649,22628011.0,False,False
CHEBI:7494,MONDO:0000141,3.017702407958266,37513924.0,False,False
CHEBI:4974,MONDO:0000141,3.0507964157220524,31386809.0,False,False
CHEBI:15365,MONDO:0000141,3.098991903969609,22649579.0,False,False
UNII:GK1LYB375A,MONDO:0000141,3.0164783344635655,37705358.0,False,False
CHEBI:82698,MONDO:0005212,3.049738332087263,31591860.0,False,False
UNII:PUE0TO3XDR,MONDO:0013582,3.050486994760691,31446528.0,False,False
CHEBI:17303,MONDO:0009759,3.1013956590458873,22263078.0,False,False
UNII:L4C1UY2NYH,MONDO:0013582,3.019256565554686,37263659.0,False,False
CHEBI:3240,MONDO:0005212,3.101570354893602,22234889.0,False,False
CHEBI:134966,MONDO:0006058,3.051245265147661,31299908.0,False,False
CHEBI:73275,MONDO:0000141,3.0172788558360955,37580612.0,False,False
CHEBI:140621,MONDO:0009759,3.100725626122106,22370084.0,False,False
CHEBI:135961,MONDO:0009759,3.015484450451389,37857296.0,False,False
CHEBI:9435,MONDO:0006058,3.0525738639043336,31040483.0,False,False
CHEBI:140407,MONDO:0005212,3.0984570173555865,22736164.0,False,False
PUBCHEM.COMPOUND:76314940,MONDO:0000141,3.0190134085955007,37303552.0,False,False
UNII:5YL4IQ1078,MONDO:0013582,3.015995953800262,37779495.0,False,False
CHEBI:50694,MONDO:0000141,3.101310385850338,22276547.0,False,False
CHEBI:16163,MONDO:0000141,3.002821485632113,39332987.0,False,False
CHEBI:43602,MONDO:0013582,3.0360474292410853,34245230.0,False,False
CHEBI:184381,MONDO:0013582,3.036080401529146,34238979.0,False,False
CHEBI:7660,MONDO:0009759,3.0252619477880858,36240368.0,False,False
CHEBI:76609,MONDO:0009759,3.0372121048640084,34021968.0,False,False
UNII:X05U0N2RCO,MONDO:0013582,3.0021417014565843,39373581.0,False,False
UNII:P7186074QC,MONDO:0013582,3.006242395626373,39047030.0,False,False
CHEBI:145371,MONDO:0013582,3.006872098381505,38982173.0,False,False
CHEBI:60799,MONDO:0000141,3.0043796913809526,39217734.0,False,False
CHEBI:135014,MONDO:0000141,3.0064912782660507,39021715.0,False,False
UNII:XRO4566Q4R,MONDO:0009759,3.0053363233120196,39133903.0,False,False
UNII:Z80293URPV,MONDO:0000141,3.0261229825572546,36086805.0,False,False
UMLS:C4287766,MONDO:0013582,3.03461393451631,34517470.0,False,False
UNII:9927MT646M,MONDO:0009759,3.009245972361091,38713168.0,False,False
UNII:F64QU97QCR,MONDO:0013582,3.036686074875999,34122915.0,False,False
UNII:6ZA31Y954Z,MONDO:0013582,3.0036412366263714,39275915.0,False,False
UNII:N0A21N6RAU,MONDO:0000141,3.035963339466443,34261349.0,False,False
UMLS:C4684961,MONDO:0000141,3.004546677761904,39203756.0,False,False
CHEBI:51210,MONDO:0013582,3.005547360951387,39114384.0,False,False
UMLS:C0032140,MONDO:0000141,3.026051338798761,36099639.0,False,False
UMLS:C4329337,MONDO:0013582,3.002620946112267,39345720.0,False,False
CHEBI:91408,MONDO:0009759,3.028334834874676,35687069.0,False,False
UNII:6315412YVF,MONDO:0000141,3.005839035649238,39086670.0,False,False
CHEBI:135949,MONDO:0000141,3.033627135302754,34703750.0,False,False
UNII:7SE5582Q2P,MONDO:0009759,3.0349265892920183,34458539.0,False,False
CHEBI:5127,MONDO:0013582,3.03480790131081,34480980.0,False,False
UNII:7XL5ISS668,MONDO:0009759,3.0083558609179946,38818510.0,False,False
CHEBI:6532,MONDO:0000141,3.028556297698789,35646760.0,False,False
CHEBI:135626,MONDO:0000141,3.005900381696592,39080661.0,False,False
UNII:8Q622VDR18,MONDO:0009759,3.008802357469808,38766482.0,False,False
UNII:91X1KLU43E,MONDO:0013582,3.009145093251443,38725554.0,False,False
UNII:CEGM9YBNGD,MONDO:0000141,3.034025042805479,34628773.0,False,False
CHEBI:85984,MONDO:0013582,3.002150192247556,39373078.0,False,False
CHEBI:167450,MONDO:0013582,3.007312255480112,38935393.0,False,False
UNII:S51J6N56M7,MONDO:0013582,3.0350053750620436,34443723.0,False,False
DRUGBANK:DB16410,MONDO:0000141,3.0254737515881414,36202680.0,False,False
CHEBI:17924,MONDO:0000141,3.028463382188245,35663805.0,False,False
CHEBI:28674,MONDO:0000141,3.035207275859528,34405257.0,False,False
CHEBI:135622,MONDO:0009759,3.0083425794398364,38820019.0,False,False
UNII:K16AIQ8CTM,MONDO:0013582,3.0035128760843817,39285441.0,False,False
UNII:50FKX8CB2Y,MONDO:0013582,3.0066325082003633,39007073.0,False,False
CHEBI:27796,MONDO:0000141,3.003133266693926,39312226.0,False,False
UNII:N7T15V1FUY,MONDO:0009759,3.0335144041461124,34725224.0,False,False
UNII:35A26E427H,MONDO:0013582,3.0073721741318975,38928999.0,False,False
CHEBI:15640,MONDO:0009759,3.033726668855916,34685087.0,False,False
CHEBI:7823,MONDO:0013582,3.027388450048228,35858812.0,False,False
UNII:033ECH6IFG,MONDO:0013582,3.004066112330029,39243285.0,False,False
UNII:54K37P50KH,MONDO:0013582,3.0008224646709567,39430723.0,False,False
UNII:L7451S9126,MONDO:0013582,3.008067087890792,38851633.0,False,False
CHEBI:63621,MONDO:0013582,3.0044558516655187,39211401.0,False,False
CHEBI:68606,MONDO:0013582,3.005501012133677,39118721.0,False,False
UNII:492M3I304T,MONDO:0009759,3.025724782139676,36158121.0,False,False
UNII:KXG2PJ551I,MONDO:0009759,3.0051592799012363,39150245.0,False,False
CHEBI:5950,MONDO:0013582,3.0035246142211145,39284579.0,False,False
UNII:1IJV77EI07,MONDO:0009759,3.0266254952050162,35996629.0,False,False
UNII:AIW6036FAS,MONDO:0009759,3.005304339014775,39136845.0,False,False
UNII:GN465U8B72,MONDO:0013582,3.0068547343560503,38983946.0,False,False
UNII:9P1872D4OL,MONDO:0000141,3.0370475634446032,34053599.0,False,False
CHEBI:52139,MONDO:0013582,3.0335931095926867,34710318.0,False,False
UNII:7D0YB67S97,MONDO:0013582,3.0029724277871024,39323092.0,False,False
CHEBI:136050,MONDO:0000141,3.0262972259315895,36055766.0,False,False
CHEBI:17754,MONDO:0013582,3.035290058125243,34389528.0,False,False
CHEBI:10110,MONDO:0009759,3.0344427041280806,34549922.0,False,False
CHEBI:167450,MONDO:0000141,3.0358553592393065,34281819.0,False,False
UNII:2O4BE0K238,MONDO:0000141,3.036508969272149,34156943.0,False,False
UNII:W4141180YD,MONDO:0000141,3.008102391590162,38847611.0,False,False
CHEBI:140628,MONDO:0009759,3.0374486867970134,33976767.0,False,False
DRUGBANK:DB17381,MONDO:0009759,3.007796384485303,38882031.0,False,False
CHEBI:72297,MONDO:0013582,3.0341803784401566,34599402.0,False,False
UNII:Z633861EIM,MONDO:0013582,3.0256769937198373,36166739.0,False,False
CHEBI:72289,MONDO:0009759,3.025758296354847,36152071.0,False,False
CHEBI:90951,MONDO:0013582,3.0020743855481182,39377264.0,False,False
CHEBI:133017,MONDO:0013582,3.0342673091768573,34582886.0,False,False
CHEBI:35677,MONDO:0009759,3.037142452381728,34035423.0,False,False
CHEBI:156095,MONDO:0009759,3.0372759507446476,34009745.0,False,False
PUBCHEM.COMPOUND:11979316,MONDO:0000141,3.0271343914379045,35904674.0,False,False
UNII:C3VX249T6L,MONDO:0009759,3.009234118460763,38714646.0,False,False
RXCUI:1152373,MONDO:0013582,3.0289890014405674,35567174.0,False,False
CHEBI:190509,MONDO:0000141,3.0256182502203592,36177123.0,False,False
CHEBI:50305,MONDO:0009759,3.0344121019503114,34555731.0,False,False
CHEBI:90926,MONDO:0000141,3.0056985728824444,39100148.0,False,False
UNII:F60NE4XB53,MONDO:0009759,3.034447971203634,34548887.0,False,False
CHEBI:143117,MONDO:0000141,3.009132539421297,38727044.0,False,False
CHEBI:180653,MONDO:0000141,3.0070390832183165,38964494.0,False,False
UNII:RZT8C352O1,MONDO:0000141,3.026389385550461,36039209.0,False,False
UNII:UYB6UOF69L,MONDO:0000141,3.037344517994315,33996701.0,False,False
UNII:3S252O2Z4X,MONDO:0013582,3.002706976709506,39340267.0,False,False
CHEBI:136048,MONDO:0005212,3.034504984747253,34538130.0,False,False
UNII:39IS23Q1EW,MONDO:0009759,3.025726653239693,36157795.0,False,False
UNII:L1Q2K5JYO8,MONDO:0013582,3.0287520525113125,35610914.0,False,False
CHEBI:85089,MONDO:0009759,3.034530782124474,34533221.0,False,False
CHEBI:32020,MONDO:0013582,3.025418907710203,36212345.0,False,False
CHEBI:228488,MONDO:0009759,3.0352413009203407,34398732.0,False,False
CHEBI:64019,MONDO:0000141,3.0359301985769584,34267522.0,False,False
CHEBI:136048,MONDO:0009759,3.0263677212641507,36043102.0,False,False
CHEBI:135673,MONDO:0000141,3.027850075635709,35775148.0,False,False
CHEBI:9637,MONDO:0000141,3.4730351532181007,1495438.0,False,False
CHEBI:61076,MONDO:0005212,3.52999460768247,1010094.0,False,False
CHEBI:44185,MONDO:0005212,4.034981717690491,34453.0,False,False
CHEBI:9555,MONDO:0006058,3.685487627549141,354692.0,False,False
CHEBI:42068,MONDO:0005212,4.032327492279196,35077.0,False,False
CHEBI:231594,MONDO:0005212,3.5085187177328834,1169641.0,False,False
CHEBI:66910,MONDO:0005212,3.5467561461879775,900972.0,False,False
CHEBI:31638,MONDO:0005212,3.673183013846346,385276.0,False,False
CHEBI:31199,MONDO:0005212,3.469453835134407,1532860.0,False,False
CHEBI:681569,MONDO:0006058,3.6131736097064175,575945.0,False,False
UMLS:C2826229,MONDO:0005212,3.5277482621123566,1025716.0,False,False
CHEBI:16664,MONDO:0006058,3.517566614619646,1099330.0,False,False
CHEBI:45863,MONDO:0005212,4.080312436953731,25521.0,False,False
CHEBI:26710,MONDO:0005212,3.6090898221085017,591771.0,False,False
CHEBI:7573,MONDO:0005212,3.697730081724859,326691.0,False,False
CHEBI:36704,MONDO:0006058,3.5198902475851526,1081907.0,False,False
PUBCHEM.COMPOUND:261004,MONDO:0005212,3.614640380369394,570323.0,False,False
CHEBI:65347,MONDO:0006058,3.488460257274881,1343092.0,False,False
CHEBI:72317,MONDO:0005212,3.6719035490696665,388594.0,False,False
CHEBI:85994,MONDO:0005212,3.885526440186225,92565.0,False,False
CHEBI:61076,MONDO:0006058,3.5631725350121606,806016.0,False,False
CHEBI:63577,MONDO:0006058,3.4658926817283033,1570770.0,False,False
CHEBI:6954,MONDO:0006058,3.5204633117595363,1077729.0,False,False
CHEBI:39112,MONDO:0006058,3.5945278525986195,652405.0,False,False
CHEBI:230905,MONDO:0006058,3.476902476568694,1455444.0,False,False
CHEBI:27882,MONDO:0006058,3.638919439106928,484619.0,False,False
CHEBI:465284,MONDO:0006058,3.5438702075172257,919056.0,False,False
CHEBI:17026,MONDO:0005212,3.6225293640238574,540800.0,False,False
CHEBI:5062,MONDO:0006058,3.503979888225886,1206618.0,False,False
UNII:FYS6T7F842,MONDO:0005212,3.564674322476211,797974.0,False,False
CHEBI:27504,MONDO:0006058,3.9759820159293335,50916.0,False,False
PUBCHEM.COMPOUND:54671203,MONDO:0005212,3.514363401194803,1123769.0,False,False
CHEBI:2687,MONDO:0005212,3.659526866214287,422459.0,False,False
CHEBI:2682,MONDO:0005212,3.513814436678426,1128114.0,False,False
UNII:73B0K5S26A,MONDO:0005212,3.753316557188532,224326.0,False,False
CHEBI:9150,MONDO:0005212,3.5564639986365876,843684.0,False,False
CHEBI:68540,MONDO:0005212,3.4624345555184024,1608859.0,False,False
CHEBI:16962,MONDO:0005212,3.663823890332073,410432.0,False,False
CHEBI:5132,MONDO:0000141,3.49644206935454,1271068.0,False,False
CHEBI:15640,MONDO:0006058,3.8948826668866348,86937.0,False,False
UNII:15C2VL427D,MONDO:0006058,3.5747297787070877,745504.0,False,False
CHEBI:6942,MONDO:0006058,3.512051884804252,1141710.0,False,False
CHEBI:8382,MONDO:0006058,3.821753266290102,141879.0,False,False
CHEBI:135791,MONDO:0005212,3.4731844196620827,1493858.0,False,False
CHEBI:4356,MONDO:0005212,3.4651116736998717,1579210.0,False,False
CHEBI:144093,MONDO:0005212,3.49014474242244,1327585.0,False,False
CHEBI:90227,MONDO:0006058,3.5642830902480815,800113.0,False,False
CHEBI:50648,MONDO:0005212,3.4395611040082454,1886348.0,False,False
CHEBI:82718,MONDO:0006058,3.0306774588548624,35255925.0,False,False
UNII:T4H8FMA7IM,MONDO:0006058,3.443732562234259,1832652.0,False,False
DRUGBANK:DB16410,MONDO:0006058,3.4078492429988065,2357806.0,False,False
CHEBI:134689,MONDO:0006058,3.3510701026693166,3534177.0,False,False
CHEBI:45409,MONDO:0006058,3.3548914484825274,3438217.0,False,False
UNII:I5I8VB78VT,MONDO:0005212,3.4096640177281152,2327986.0,False,False
UNII:2J3H5C81A5,MONDO:0000141,3.031365637384371,35128115.0,False,False
CHEBI:9352,MONDO:0005212,3.4481489871155637,1776909.0,False,False
CHEBI:31199,MONDO:0006058,3.4159140147991494,2227310.0,False,False
CHEBI:82557,MONDO:0013582,3.0303917031593404,35308671.0,False,False
CHEBI:47780,MONDO:0013582,3.031458053924907,35111021.0,False,False
CHEBI:45906,MONDO:0006058,3.335620323296459,3951214.0,False,False
CHEBI:51137,MONDO:0013582,3.030990320627799,35197859.0,False,False
CHEBI:64310,MONDO:0006058,3.435811867316426,1936511.0,False,False
UNII:2BT4C47RUI,MONDO:0005212,3.419808716508417,2166749.0,False,False
CHEBI:34969,MONDO:0005212,3.4221272248287073,2131763.0,False,False
CHEBI:174690,MONDO:0009759,3.030547808820266,35279965.0,False,False
UNII:2Y3T5IF01Z,MONDO:0006058,3.4357565665347956,1937283.0,False,False
UNII:PQX0D8J21J,MONDO:0005212,3.4030731079187846,2438800.0,False,False
CHEBI:5062,MONDO:0005212,3.4181941054380274,2191720.0,False,False
UNII:QQA9MLH692,MONDO:0000141,3.0327042902477075,34877878.0,False,False
CHEBI:85083,MONDO:0009759,3.0311903987743047,35160791.0,False,False
UNII:K911R84KEW,MONDO:0009759,3.0320624170416193,34998421.0,False,False
UNII:MLU3LU3EVV,MONDO:0005212,3.4061492848553003,2386465.0,False,False
CHEBI:132774,MONDO:0009759,3.0300428205983296,35373096.0,False,False
CHEBI:90914,MONDO:0013582,3.03070327568157,35251150.0,False,False
UNII:QEN1X95CIX,MONDO:0006058,3.349704457695305,3569226.0,False,False
CHEBI:68540,MONDO:0006058,3.3563288822615656,3403211.0,False,False
CHEBI:28304,MONDO:0005212,3.351666253346453,3518937.0,False,False
UNII:S866O45PIG,MONDO:0013582,3.0326187791407255,34893983.0,False,False
CHEBI:204734,MONDO:0005212,3.4428337981729094,1844041.0,False,False
CHEBI:231087,MONDO:0005212,3.435167728545848,1945148.0,False,False
CHEBI:135285,MONDO:0006058,3.353066936643385,3483509.0,False,False
UNII:K911R84KEW,MONDO:0005212,3.3603725398692825,3306203.0,False,False
UNII:Q6U6J48BWY,MONDO:0006058,3.3319565329874603,4057384.0,False,False
UNII:Y64GQ0KC0A,MONDO:0006058,3.3620318051566014,3266983.0,False,False
CHEBI:31527,MONDO:0005212,3.431968406083771,1989264.0,False,False
UNII:8K80YB5GMG,MONDO:0005212,3.4049656802154424,2406481.0,False,False
CHEBI:63626,MONDO:0013582,3.03204072849999,35002366.0,False,False
CHEBI:94848,MONDO:0000141,3.0330056219802564,34821193.0,False,False
CHEBI:187893,MONDO:0005212,3.339366450607231,3845433.0,False,False
UNII:52CMI0WC3Y,MONDO:0005212,3.450860573836648,1743817.0,False,False
CHEBI:3756,MONDO:0006058,3.3492042300060665,3582196.0,False,False
CHEBI:8863,MONDO:0006058,3.35490742379379,3437814.0,False,False
UNII:90ZX3Q3FR7,MONDO:0005212,3.359947646912674,3316184.0,False,False
CHEBI:4876,MONDO:0006058,3.3571630058385615,3382801.0,False,False
CHEBI:133021,MONDO:0005212,3.450528788286202,1747799.0,False,False
CHEBI:77590,MONDO:0009759,3.3536448238470236,3469060.0,False,False
CHEBI:18358,MONDO:0013582,3.033385289802805,34749466.0,False,False
CHEBI:28001,MONDO:0005212,3.3503181021568786,3553433.0,False,False
CHEBI:6432,MONDO:0006058,3.4563011983011083,1679031.0,False,False
CHEBI:3777,MONDO:0006058,3.228732057690463,8660772.0,False,False
CHEBI:5280,MONDO:0006058,3.2443051312527915,7714774.0,False,False
CHEBI:68845,MONDO:0006058,3.117892823944903,19757672.0,False,False
CHEBI:51209,MONDO:0005212,3.11433096236596,20276881.0,False,False
CHEBI:229223,MONDO:0006058,3.250414269575663,7373933.0,False,False
CHEBI:61058,MONDO:0009759,3.117572496286623,19803876.0,False,False
CHEBI:5130,MONDO:0009759,3.24142267688687,7881578.0,False,False
CHEBI:9599,MONDO:0013582,3.2455626217783125,7643463.0,False,False
UMLS:C4687660,MONDO:0005212,3.245903162572824,7624276.0,False,False
CHEBI:8428,MONDO:0009759,3.1130475593424967,20467237.0,False,False
CHEBI:16347,MONDO:0000141,3.1180301426824113,19737868.0,False,False
CHEBI:4511,MONDO:0005212,3.2375851890638563,8109927.0,False,False
UNII:S4M959U2IJ,MONDO:0005212,3.252060807008592,7284514.0,False,False
CHEBI:724125,MONDO:0006058,3.227441927790666,8744702.0,False,False
CHEBI:4659,MONDO:0005212,3.2397891046556078,7978527.0,False,False
CHEBI:8863,MONDO:0000141,3.2497993085562755,7407484.0,False,False
CHEBI:44241,MONDO:0005212,3.2477835679348113,7518767.0,False,False
CHEBI:3654,MONDO:0013582,3.231932645555764,8456905.0,False,False
UNII:T9FVH03HMZ,MONDO:0005212,3.232482167542593,8422729.0,False,False
CHEBI:8707,MONDO:0006058,3.243757348192843,7746106.0,False,False
UNII:5W8JGG2651,MONDO:0005212,3.245819800868004,7629025.0,False,False
CHEBI:82720,MONDO:0006058,3.241737896146005,7863273.0,False,False
CHEBI:85182,MONDO:0006058,3.2396971176163047,7983869.0,False,False
UNII:50FKX8CB2Y,MONDO:0006058,3.2325706557767973,8417212.0,False,False
CHEBI:2663,MONDO:0009759,3.228123537875719,8700157.0,False,False
UNII:PF8K38CG54,MONDO:0006058,3.231436695916017,8488026.0,False,False
CHEBI:135809,MONDO:0009759,3.1178572877466184,19762679.0,False,False
CHEBI:6427,MONDO:0009759,3.1169087408021445,19900177.0,False,False
CHEBI:22652,MONDO:0006058,3.253011739057931,7233223.0,False,False
CHEBI:2673,MONDO:0009759,3.2328996911444605,8396777.0,False,False
CHEBI:4315,MONDO:0013582,3.248204582395381,7495348.0,False,False
DRUGBANK:DB16802,MONDO:0006058,3.244609766161972,7697523.0,False,False
CHEBI:50729,MONDO:0000141,3.244391197187927,7709832.0,False,False
UNII:760I9WM792,MONDO:0005212,3.116748426772857,19923465.0,False,False
UNII:SQ8A3S5101,MONDO:0006058,3.2353438586562815,8245919.0,False,False
CHEBI:28001,MONDO:0006058,3.2505951562945143,7364131.0,False,False
CHEBI:474180,MONDO:0006058,3.2457473368388885,7633210.0,False,False
CHEBI:4636,MONDO:0005212,3.236266140093215,8189266.0,False,False
CHEBI:104017,MONDO:0005212,3.115297821981274,20134802.0,False,False
UMLS:C0006050,MONDO:0006058,3.1132239186439743,20441018.0,False,False
CHEBI:10125,MONDO:0005212,3.2280504950021163,8704866.0,False,False
CHEBI:3738,MONDO:0006058,3.1140213937524734,20323023.0,False,False
CHEBI:52173,MONDO:0006058,3.1156678401938587,20080592.0,False,False
PUBCHEM.COMPOUND:630293,MONDO:0013582,3.0776554407222996,26307865.0,False,False
CHEBI:4702,MONDO:0009759,3.104669918671848,21745030.0,False,False
UNII:MCN858TCP0,MONDO:0005212,3.0784250845731167,26169664.0,False,False
CHEBI:34825,MONDO:0006058,3.0762578012240844,26562024.0,False,False
CHEBI:7459,MONDO:0005212,3.166179052132299,13816226.0,False,False
CHEBI:31530,MONDO:0013582,3.107431819626676,21316502.0,False,False
CHEBI:7735,MONDO:0009759,3.1677042091012275,13659836.0,False,False
CHEBI:85089,MONDO:0005212,3.078580752082951,26141464.0,False,False
CHEBI:5062,MONDO:0000141,3.1631677423259976,14130319.0,False,False
CHEBI:72312,MONDO:0000141,3.103831344597596,21877240.0,False,False
CHEBI:8077,MONDO:0000141,3.07519270866577,26755900.0,False,False
UNII:S76B51L5AM,MONDO:0006058,3.1648167475865514,13957599.0,False,False
CHEBI:59269,MONDO:0000141,3.104074423397457,21838879.0,False,False
CHEBI:134990,MONDO:0000141,3.07946821524404,25982727.0,False,False
UNII:97IQ273H4L,MONDO:0013582,3.078333873278778,26186061.0,False,False
UNII:7662KG2R6K,MONDO:0005212,3.0757317021946617,26657274.0,False,False
CHEBI:4534,MONDO:0000141,3.1047999159149122,21724703.0,False,False
CHEBI:9943,MONDO:0000141,3.1075045697002475,21305193.0,False,False
CHEBI:135931,MONDO:0005212,3.1068985903782727,21398846.0,False,False
CHEBI:7862,MONDO:0006058,3.103049137405752,22000467.0,False,False
CHEBI:9720,MONDO:0006058,3.103160599532583,21982909.0,False,False
CHEBI:140628,MONDO:0006058,3.0760901961787837,26592335.0,False,False
CHEBI:66910,MONDO:0009759,3.0760145852728664,26606087.0,False,False
CHEBI:53775,MONDO:0013582,3.0782645187923485,26198498.0,False,False
CHEBI:10650,MONDO:0006058,3.1686580634698798,13562925.0,False,False
CHEBI:177849,MONDO:0005212,3.102809171911498,22038129.0,False,False
CHEBI:78538,MONDO:0005212,3.1032416581198117,21970143.0,False,False
UNII:0Y70779M1F,MONDO:0005212,3.077226028759764,26386136.0,False,False
UNII:UA8U0KJM72,MONDO:0006058,3.10413637068769,21829214.0,False,False
CHEBI:38562,MONDO:0013582,3.0783963767885307,26174835.0,False,False
CHEBI:9927,MONDO:0013582,3.1066537731436394,21436603.0,False,False
CHEBI:6909,MONDO:0000141,3.168444261025037,13584560.0,False,False
CHEBI:135929,MONDO:0005212,3.103162475750187,21982613.0,False,False
CHEBI:4887,MONDO:0013582,3.0764387997903375,26529109.0,False,False
CHEBI:8212,MONDO:0000141,3.076771156342815,26468759.0,False,False
CHEBI:3387,MONDO:0013582,3.10765629609784,21282089.0,False,False
CHEBI:27953,MONDO:0013582,3.1620903739158246,14245061.0,False,False
CHEBI:29013,MONDO:0009759,3.0756884675949125,26665144.0,False,False
CHEBI:2549,MONDO:0013582,3.104952594256329,21700810.0,False,False
CHEBI:53796,MONDO:0009759,3.0769135349552643,26442849.0,False,False
CHEBI:134991,MONDO:0006058,3.077858045248095,26271512.0,False,False
CHEBI:8028,MONDO:0005212,3.1630847515241536,14139178.0,False,False
CHEBI:77590,MONDO:0000141,3.1634986724519294,14095590.0,False,False
CHEBI:136007,MONDO:0009759,3.0764581890362086,26525536.0,False,False
CHEBI:3723,MONDO:0009759,3.106244686353593,21500034.0,False,False
CHEBI:46557,MONDO:0009759,3.1658306479887406,13852191.0,False,False
CHEBI:229652,MONDO:0006058,3.161958484363982,14259160.0,False,False
CHEBI:3638,MONDO:0000141,3.0782969518628716,26192616.0,False,False
CHEBI:32243,MONDO:0009759,3.10503492827602,21687917.0,False,False
CHEBI:134709,MONDO:0006058,3.075128169936768,26767727.0,False,False
CHEBI:144551,MONDO:0009759,3.1047006998943543,21740122.0,False,False
CHEBI:135934,MONDO:0005212,3.164668523095714,13972871.0,False,False
CHEBI:135925,MONDO:0005212,3.0789912292152493,26067842.0,False,False
UNII:0R4NLX88O4,MONDO:0006058,3.0788148155290163,26099438.0,False,False
CHEBI:125354,MONDO:0000141,3.0754771479126077,26703736.0,False,False
UNII:0IEO0F56LV,MONDO:0006058,3.164604491151441,13979574.0,False,False
CHEBI:32588,MONDO:0009759,3.1052734813680267,21650594.0,False,False
CHEBI:8805,MONDO:0005212,3.075197032658299,26755139.0,False,False
UNII:Y6BX7BL23K,MONDO:0005212,3.394481883542814,2591330.0,False,False
CHEBI:27732,MONDO:0009759,3.2777337380124543,6026764.0,False,False
CHEBI:145536,MONDO:0006058,3.276768670169598,6069396.0,False,False
CHEBI:135906,MONDO:0005212,3.3637876630645946,3226007.0,False,False
CHEBI:31897,MONDO:0013582,3.1412005587059983,16642285.0,False,False
UNII:76RS4S2ET1,MONDO:0006058,3.393792360799852,2603750.0,False,False
CHEBI:75722,MONDO:0006058,3.1476830395787774,15860624.0,False,False
CHEBI:5132,MONDO:0006058,3.37062433120171,3071690.0,False,False
CHEBI:135654,MONDO:0006058,3.396770658519456,2550013.0,False,False
UMLS:C2826078,MONDO:0005212,3.2714356115717678,6312510.0,False,False
CHEBI:63610,MONDO:0006058,3.3849985221636523,2772100.0,False,False
UNII:8Q622VDR18,MONDO:0006058,3.3867314467143164,2738059.0,False,False
DRUGBANK:DB16783,MONDO:0005212,3.1421155447638167,16529463.0,False,False
CHEBI:28689,MONDO:0013582,3.2850928419446093,5709029.0,False,False
UMLS:C5439902,MONDO:0006058,3.2863688627290455,5655934.0,False,False
UNII:9P1872D4OL,MONDO:0006058,3.2707060035193516,6346621.0,False,False
CHEBI:71229,MONDO:0006058,3.2826961438135474,5810625.0,False,False
UNII:PX9FTM69BF,MONDO:0006058,3.285190680950349,5704958.0,False,False
CHEBI:8713,MONDO:0000141,3.1418622974146313,16560657.0,False,False
CHEBI:231032,MONDO:0005212,3.273617704476973,6211626.0,False,False
CHEBI:63630,MONDO:0006058,3.14400260450666,16299997.0,False,False
CHEBI:2549,MONDO:0006058,3.271373474506146,6315448.0,False,False
UNII:4A2Y23XK11,MONDO:0005212,3.2857158764489447,5683002.0,False,False
CHEBI:18258,MONDO:0006058,3.2814758054850803,5863128.0,False,False
CHEBI:28748,MONDO:0013582,3.1420302371709607,16539892.0,False,False
CHEBI:10112,MONDO:0006058,3.377038541262304,2934032.0,False,False
PR:000007302,MONDO:0005212,3.1437594736397134,16329074.0,False,False
RXCUI:379383,MONDO:0006058,3.147634762769683,15866326.0,False,False
CHEBI:8426,MONDO:0009759,3.3792939506700863,2887079.0,False,False
CHEBI:49566,MONDO:0006058,3.285632419107684,5686475.0,False,False
CHEBI:66903,MONDO:0005212,3.2818660483154845,5846222.0,False,False
CHEBI:59204,MONDO:0006058,3.1427394886557023,16453412.0,False,False
CHEBI:50838,MONDO:0013582,3.1443129588639005,16262692.0,False,False
UNII:P76B05O5V6,MONDO:0005212,3.3827962434407968,2815864.0,False,False
UNII:EO144CP0X9,MONDO:0006058,3.144036513745738,16295918.0,False,False
CHEBI:28918,MONDO:0013582,3.3942741877382705,2595042.0,False,False
CHEBI:15854,MONDO:0000141,3.1428731975156463,16437136.0,False,False
CHEBI:17252,MONDO:0005212,3.394651414193249,2588163.0,False,False
CHEBI:2914,MONDO:0005212,3.1432259197749897,16394073.0,False,False
CHEBI:94807,MONDO:0006058,3.278303148142196,6001863.0,False,False
CHEBI:3654,MONDO:0006058,3.396609032310713,2552869.0,False,False
CHEBI:4681,MONDO:0006058,3.2784960865830417,5993187.0,False,False
RXCUI:2465553,MONDO:0006058,3.1430878141653356,16410935.0,False,False
CHEBI:10119,MONDO:0005212,3.141865294817322,16560317.0,False,False
CHEBI:64317,MONDO:0006058,3.378825524985529,2896568.0,False,False
UNII:976X9VXC3Z,MONDO:0006058,3.3930626269380775,2617361.0,False,False
UNII:3U02EL437C,MONDO:0006058,3.2869020610438078,5633769.0,False,False
CHEBI:73275,MONDO:0006058,3.277185404292429,6050894.0,False,False
CHEBI:37924,MONDO:0009759,3.0634955491529525,28936808.0,False,False
CHEBI:188559,MONDO:0009759,3.064117153417567,28818875.0,False,False
CHEBI:49575,MONDO:0013582,3.10888703130953,21093868.0,False,False
CHEBI:9139,MONDO:0000141,3.126464278846585,18556198.0,False,False
UNII:R43D2573WO,MONDO:0000141,3.0662840966244698,28409454.0,False,False
PUBCHEM.COMPOUND:5284632,MONDO:0006058,3.111142027039363,20752767.0,False,False
CHEBI:30746,MONDO:0005212,3.1278861730166807,18363312.0,False,False
CHEBI:7865,MONDO:0009759,3.064106276263863,28821001.0,False,False
UNII:76RS4S2ET1,MONDO:0000141,3.111859540689539,20644377.0,False,False
CHEBI:6427,MONDO:0000141,3.1250398420706853,18750954.0,False,False
CHEBI:29007,MONDO:0005212,3.129468803507013,18150912.0,False,False
CHEBI:135983,MONDO:0009759,3.1259231931033122,18629919.0,False,False
CHEBI:6935,MONDO:0013582,3.1099392587718007,20934040.0,False,False
CHEBI:63598,MONDO:0009759,3.111787001361036,20655158.0,False,False
CHEBI:6413,MONDO:0013582,3.0634860764310385,28938655.0,False,False
CHEBI:5100,MONDO:0000141,3.1102978839046393,20879685.0,False,False
CHEBI:75246,MONDO:0005212,3.1282827715371244,18309607.0,False,False
CHEBI:82698,MONDO:0009759,3.065727469309328,28514454.0,False,False
CHEBI:92511,MONDO:0006058,3.063353105146656,28963856.0,False,False
UNII:54E5P4SD4U,MONDO:0006058,3.1112481126148794,20736772.0,False,False
CHEBI:6794,MONDO:0009759,3.111936632006014,20632742.0,False,False
CHEBI:79699,MONDO:0000141,3.1253635357484004,18706689.0,False,False
UNII:WYD79216A6,MONDO:0000141,3.1084056594931146,21167300.0,False,False
CHEBI:9571,MONDO:0013582,3.0648734649275804,28675722.0,False,False
CHEBI:230846,MONDO:0005212,3.127805840291212,18374009.0,False,False
CHEBI:4670,MONDO:0005212,3.1284113961189144,18292161.0,False,False
CHEBI:9334,MONDO:0000141,3.1111732779823478,20748123.0,False,False
CHEBI:15407,MONDO:0006058,3.1256676923016435,18665092.0,False,False
CHEBI:175901,MONDO:0000141,3.1086935063502876,21123214.0,False,False
CHEBI:28674,MONDO:0006058,3.128698173888454,18253629.0,False,False
CHEBI:8207,MONDO:0000141,3.0632177804276175,28989663.0,False,False
UNII:00Y6A5AJU6,MONDO:0005212,3.1122584760907235,20584601.0,False,False
CHEBI:8493,MONDO:0005212,3.108850649355251,21099370.0,False,False
CHEBI:6062,MONDO:0000141,3.127493990634381,18416218.0,False,False
CHEBI:167672,MONDO:0006058,3.269337157662742,6411035.0,False,False
UNII:S51J6N56M7,MONDO:0006058,3.2632072684631295,6707869.0,False,False
UNII:A9A0O6FB4H,MONDO:0005212,3.2092090806324345,10018977.0,False,False
CHEBI:3738,MONDO:0000141,3.1193892813107365,19542947.0,False,False
CHEBI:50122,MONDO:0005212,3.204749328638691,10358545.0,False,False
CHEBI:42355,MONDO:0000141,3.1237001424407875,18936250.0,False,False
CHEBI:8389,MONDO:0005212,3.2638634106486766,6675637.0,False,False
CHEBI:135530,MONDO:0005212,3.1189176810802617,19610325.0,False,False
CHEBI:41774,MONDO:0013582,3.1217613346796633,19206498.0,False,False
CHEBI:6030,MONDO:0006058,3.257199065116019,7012522.0,False,False
CHEBI:8428,MONDO:0013582,3.214675156129882,9618632.0,False,False
CHEBI:4551,MONDO:0009759,3.2563256655236303,7058276.0,False,False
CHEBI:177703,MONDO:0006058,3.206615350871772,10214878.0,False,False
UNII:I60W9520VV,MONDO:0005212,3.2106383059599084,9912284.0,False,False
CHEBI:2904,MONDO:0009759,3.259992668893953,6868622.0,False,False
CHEBI:229223,MONDO:0000141,3.1233087387908793,18990418.0,False,False
CHEBI:3380,MONDO:0009759,3.205289949350892,10317094.0,False,False
UNII:B72HH48FLU,MONDO:0000141,3.119423926521451,19537984.0,False,False
CHEBI:6741,MONDO:0005212,3.268933020077693,6430171.0,False,False
PUBCHEM.COMPOUND:657309,MONDO:0005212,3.2094246701130937,10002897.0,False,False
UNII:7CDW97HUEX,MONDO:0005212,3.2072756803542166,10164607.0,False,False
UNII:8ZHS5657EH,MONDO:0005212,3.2553512989719886,7109173.0,False,False
UNII:8FOJ430U94,MONDO:0005212,3.1186661064088472,19646545.0,False,False
UNII:2P6O7CFW5K,MONDO:0005212,3.2549497304261363,7130205.0,False,False
CHEBI:77590,MONDO:0013582,3.2674130264380947,6502645.0,False,False
UNII:3S252O2Z4X,MONDO:0006058,3.257113381533949,7016946.0,False,False
CHEBI:119915,MONDO:0009759,3.122243247468308,19138868.0,False,False
CHEBI:59582,MONDO:0006058,3.2574919570333503,6997408.0,False,False
CHEBI:135923,MONDO:0006058,3.118915986040581,19610565.0,False,False
UNII:RE0V0T1ES0,MONDO:0005212,3.212585888057572,9769445.0,False,False
CHEBI:8356,MONDO:0005212,3.2084213682964338,10078120.0,False,False
CHEBI:41879,MONDO:0013582,3.1203613737478078,19404535.0,False,False
CHEBI:45081,MONDO:0006058,3.2125203532718536,9774075.0,False,False
CHEBI:233309,MONDO:0006058,3.257186816399456,7013173.0,False,False
CHEBI:6520,MONDO:0009759,3.2113486543618937,9859831.0,False,False
CHEBI:10056,MONDO:0006058,3.1199714982563638,19460061.0,False,False
DRUGBANK:DB15699,MONDO:0005212,3.207857050796765,10120499.0,False,False
CHEBI:61058,MONDO:0006058,3.260661698977115,6834874.0,False,False
CHEBI:27504,MONDO:0000141,3.1196257196814026,19509203.0,False,False
CHEBI:61049,MONDO:0013582,3.1229461960126432,19040918.0,False,False
CHEBI:85994,MONDO:0000141,3.256578081008814,7045066.0,False,False
UNII:2NU6F9601K,MONDO:0006058,3.214976826146288,9596944.0,False,False
CHEBI:136034,MONDO:0006058,3.121385812462867,19259499.0,False,False
CHEBI:135552,MONDO:0006058,3.2058141530498854,10276616.0,False,False
UNII:DQA630RIE9,MONDO:0006058,3.3009361235938375,5083752.0,False,False
CHEBI:64312,MONDO:0006058,3.301548000054554,5061250.0,False,False
CHEBI:32010,MONDO:0006058,3.3001426352995775,5113226.0,False,False
DRUGBANK:DB17132,MONDO:0006058,3.1498126245131157,15610800.0,False,False
CHEBI:3084,MONDO:0005212,3.0896654001781263,24197938.0,False,False
CHEBI:3219,MONDO:0009759,3.148472628608273,15767534.0,False,False
CHEBI:15940,MONDO:0013582,3.1512115418090665,15448905.0,False,False
CHEBI:7496,MONDO:0005212,3.300202750771036,5111015.0,False,False
CHEBI:8357,MONDO:0005212,3.291076866347492,5463485.0,False,False
UNII:NU90V55F8I,MONDO:0006058,3.2916822942117037,5439270.0,False,False
CHEBI:135935,MONDO:0009759,3.092920121434334,23648460.0,False,False
CHEBI:4495,MONDO:0005212,3.1515340799408835,15411473.0,False,False
CHEBI:32315,MONDO:0006058,3.09248916337271,23720010.0,False,False
CHEBI:73038,MONDO:0009759,3.091226848521073,23933230.0,False,False
CHEBI:5004,MONDO:0009759,3.0908165258706313,24002238.0,False,False
CHEBI:136009,MONDO:0009759,3.088951277732866,24320367.0,False,False
CHEBI:3011,MONDO:0005212,3.089483891934499,24229157.0,False,False
CHEBI:94559,MONDO:0005212,3.0926342040031294,23695997.0,False,False
CHEBI:9654,MONDO:0009759,3.288176110366831,5581408.0,False,False
UNII:8K80YB5GMG,MONDO:0006058,3.3033686621167595,4994518.0,False,False
CHEBI:76128,MONDO:0005212,3.091761374001731,23843049.0,False,False
CHEBI:85662,MONDO:0013582,3.0896432208304243,24201789.0,False,False
CHEBI:9445,MONDO:0013582,3.1521166335861146,15344664.0,False,False
CHEBI:4702,MONDO:0013582,3.2967877171677635,5239703.0,False,False
CHEBI:5123,MONDO:0009759,3.2962188758273427,5261398.0,False,False
CHEBI:22652,MONDO:0000141,3.089098187586682,24295141.0,False,False
CHEBI:49668,MONDO:0013582,3.091102169061701,23954084.0,False,False
CHEBI:135752,MONDO:0005212,3.1523883881050367,15313531.0,False,False
CHEBI:601027,MONDO:0009759,3.0909090673752,23986498.0,False,False
CHEBI:68575,MONDO:0006058,3.0900677629610693,24129640.0,False,False
CHEBI:6149,MONDO:0006058,3.1488197920405003,15726973.0,False,False
CHEBI:3215,MONDO:0013582,3.1530368789426504,15239937.0,False,False
PUBCHEM.COMPOUND:54671203,MONDO:0000141,3.1492926017464353,15671920.0,False,False
CHEBI:92712,MONDO:0006058,3.3007824942250776,5089429.0,False,False
UNII:W6I5QDT7QI,MONDO:0005212,3.092420833443606,23731588.0,False,False
CHEBI:84116,MONDO:0009759,3.1508840138450553,15486593.0,False,False
CHEBI:28300,MONDO:0006058,3.2918316222563115,5433216.0,False,False
CHEBI:6935,MONDO:0009759,3.0889414117464025,24322073.0,False,False
CHEBI:75722,MONDO:0000141,3.147865280361389,15839065.0,False,False
CHEBI:50211,MONDO:0006058,3.293111439379673,5382824.0,False,False
CHEBI:2567,MONDO:0005212,3.295301984863313,5296958.0,False,False
UNII:O880NM097T,MONDO:0005212,3.1537190474510703,15162522.0,False,False
UNII:OU2YM37K86,MONDO:0005212,3.289421574887842,5530453.0,False,False
UNII:A92JFM5XNU,MONDO:0005212,3.0924342664683375,23729347.0,False,False
CHEBI:51209,MONDO:0006058,3.089497062649502,24226960.0,False,False
CHEBI:3485,MONDO:0005212,3.151208626892998,15449237.0,False,False
CHEBI:39867,MONDO:0013582,3.0900113927716246,24139112.0,False,False
CHEBI:8874,MONDO:0005212,3.1711782293844792,13310745.0,False,False
CHEBI:18332,MONDO:0006058,3.3114081356978344,4709797.0,False,False
CHEBI:66903,MONDO:0006058,3.3138962059848396,4625252.0,False,False
UNII:789Q85GA8P,MONDO:0006058,3.322240525277711,4353346.0,False,False
CHEBI:47657,MONDO:0005212,3.2176353025008337,9408528.0,False,False
CHEBI:18332,MONDO:0013582,3.2251975448764414,8892840.0,False,False
UNII:1B56C968OA,MONDO:0005212,3.3292910398421873,4136544.0,False,False
UNII:G6UF363ECX,MONDO:0005212,3.1694850235613368,13479832.0,False,False
UNII:91X1KLU43E,MONDO:0005212,3.31515498485051,4582905.0,False,False
CHEBI:478164,MONDO:0005212,3.1716448622057474,13264134.0,False,False
CHEBI:66876,MONDO:0005212,3.171247201738693,13303979.0,False,False
CHEBI:31174,MONDO:0006058,3.170697119393923,13358464.0,False,False
CHEBI:3219,MONDO:0005212,3.173409360832263,13089811.0,False,False
CHEBI:4911,MONDO:0000141,3.175899798084457,12848813.0,False,False
CHEBI:32588,MONDO:0006058,3.322871339960023,4333455.0,False,False
CHEBI:5127,MONDO:0006058,3.2215053849722466,9141095.0,False,False
UNII:7D96IR0PPM,MONDO:0000141,3.2196460360367567,9268400.0,False,False
CHEBI:68554,MONDO:0006058,3.3171463148100386,4517082.0,False,False
UNII:C3VX249T6L,MONDO:0006058,3.3297332904867756,4123161.0,False,False
UMLS:C5418336,MONDO:0005212,3.175586969859427,12878681.0,False,False
CHEBI:61033,MONDO:0009759,3.1707970422030183,13348667.0,False,False
CHEBI:31932,MONDO:0005212,3.2203027742531845,9223146.0,False,False
CHEBI:229659,MONDO:0006058,3.1726021518224554,13169207.0,False,False
UNII:AQK7UBA1LS,MONDO:0006058,3.176195342541814,12820714.0,False,False
CHEBI:3485,MONDO:0006058,3.2240454146297086,8969851.0,False,False
CHEBI:183811,MONDO:0005212,3.1700715219366007,13421286.0,False,False
UNII:YI437801BE,MONDO:0005212,3.309874762762661,4762908.0,False,False
UNII:5W8JGG2651,MONDO:0006058,3.321188623485847,4386582.0,False,False
CHEBI:109549,MONDO:0006058,3.174592268097209,12975018.0,False,False
CHEBI:101278,MONDO:0009759,3.1764322920574797,12798186.0,False,False
CHEBI:31236,MONDO:0006058,3.323634502127334,4309531.0,False,False
CHEBI:17750,MONDO:0006058,3.3271790724249914,4200387.0,False,False
CHEBI:145499,MONDO:0005212,3.177035535435107,12740604.0,False,False
UNII:913P6LK81M,MONDO:0005212,3.3191206925869885,4452833.0,False,False
CHEBI:73274,MONDO:0013582,3.1751934186047386,12916619.0,False,False
CHEBI:9599,MONDO:0006058,3.319691922473007,4434413.0,False,False
CHEBI:32687,MONDO:0005212,3.3110053934884287,4723765.0,False,False
CHEBI:16899,MONDO:0013582,3.1741477356894015,13018038.0,False,False
CHEBI:8863,MONDO:0009759,3.3245157936006065,4281977.0,False,False
CHEBI:51450,MONDO:0000141,3.221347360956629,9151783.0,False,False
CHEBI:135720,MONDO:0006058,3.2229458377262414,9043674.0,False,False
CHEBI:4877,MONDO:0006058,3.222447250420003,9077253.0,False,False
CHEBI:7660,MONDO:0005212,3.318413587465099,4475512.0,False,False
CHEBI:167574,MONDO:0006058,3.1739757136686846,13034662.0,False,False
CHEBI:6359,MONDO:0006058,3.1753966253045265,12897056.0,False,False
CHEBI:64354,MONDO:0009759,3.176063360846143,12833395.0,False,False
CHEBI:229217,MONDO:0006058,3.173510817333441,13080047.0,False,False
CHEBI:59582,MONDO:0005212,3.3085507176321003,4808590.0,False,False
CHEBI:135956,MONDO:0005212,3.1724426950979536,13185101.0,False,False
CHEBI:473990,MONDO:0006058,3.218870124898835,9322322.0,False,False
CHEBI:5856,MONDO:0013582,3.1732419629387203,13106166.0,False,False
CHEBI:94440,MONDO:0005212,3.3136411427235624,4633807.0,False,False
CHEBI:10033,MONDO:0006058,3.324744143008571,4274885.0,False,False
CHEBI:9571,MONDO:0005212,3.1760104224629213,12838333.0,False,False
CHEBI:64733,MONDO:0006058,3.1753762152333693,12898994.0,False,False
UNII:UYB6UOF69L,MONDO:0006058,3.174867874908463,12948303.0,False,False
CHEBI:8802,MONDO:0005212,3.1770861389121086,12735845.0,False,False
CHEBI:44241,MONDO:0006058,3.1755768934049584,12879674.0,False,False
CHEBI:77733,MONDO:0009759,3.177096073130152,12734876.0,False,False
CHEBI:6073,MONDO:0006058,3.1585332980011644,14628271.0,False,False
CHEBI:76607,MONDO:0000141,3.066817459679923,28309104.0,False,False
CHEBI:6078,MONDO:0013582,3.0664550071943903,28377293.0,False,False
CHEBI:50305,MONDO:0000141,3.068986030140959,27902754.0,False,False
CHEBI:6832,MONDO:0005212,3.068857230404343,27926541.0,False,False
CHEBI:3176,MONDO:0005212,3.0962692292818463,23092900.0,False,False
UNII:306ERL82IR,MONDO:0006058,3.159087366288244,14567778.0,False,False
CHEBI:71204,MONDO:0005212,3.0955251001043242,23215568.0,False,False
CHEBI:9586,MONDO:0005212,3.157992789684517,14687363.0,False,False
CHEBI:135990,MONDO:0006058,3.0692755818535735,27848466.0,False,False
CHEBI:78538,MONDO:0006058,3.15953748985675,14518881.0,False,False
CHEBI:5778,MONDO:0005212,3.095735956348805,23180746.0,False,False
RXCUI:967089,MONDO:0005212,3.068973946774066,27904946.0,False,False
CHEBI:63638,MONDO:0000141,3.094726694687563,23347631.0,False,False
CHEBI:4653,MONDO:0009759,3.1609407272378705,14367524.0,False,False
CHEBI:135738,MONDO:0013582,3.067166873742375,28243276.0,False,False
CHEBI:3561,MONDO:0009759,3.0948565949915343,23326109.0,False,False
CHEBI:134714,MONDO:0006058,3.095039901474058,23295728.0,False,False
CHEBI:5004,MONDO:0005212,3.067330188065052,28212652.0,False,False
CHEBI:9316,MONDO:0005212,3.094742562718282,23344938.0,False,False
CHEBI:229213,MONDO:0006058,3.15668206085262,14831050.0,False,False
CHEBI:408174,MONDO:0006058,3.1577756231723204,14711044.0,False,False
CHEBI:4445,MONDO:0006058,3.1561072588355703,14894943.0,False,False
UNII:50FKX8CB2Y,MONDO:0005212,3.1613364366564722,14325468.0,False,False
UNII:1B56C968OA,MONDO:0009759,3.0955039094447323,23219067.0,False,False
CHEBI:681569,MONDO:0009759,3.067161290837901,28244309.0,False,False
CHEBI:8077,MONDO:0009759,3.0692708749860964,27849276.0,False,False
CHEBI:4046,MONDO:0006058,3.1581746499684717,14667488.0,False,False
CHEBI:142418,MONDO:0006058,3.0702999975779948,27657889.0,False,False
CHEBI:8024,MONDO:0000141,3.068260027560203,28038128.0,False,False
CHEBI:135342,MONDO:0013582,3.069367381500178,27831602.0,False,False
CHEBI:49960,MONDO:0000141,3.0967745605640418,23010309.0,False,False
UNII:83G67E21XI,MONDO:0013582,3.157744110033837,14714552.0,False,False
CHEBI:7577,MONDO:0006058,3.1586172339364627,14619001.0,False,False
UNII:090IP5RV8F,MONDO:0000141,3.0680960062927434,28069006.0,False,False
CHEBI:135552,MONDO:0009759,3.093403874537939,23567394.0,False,False
UNII:Y64GQ0KC0A,MONDO:0013582,3.069081902599362,27884697.0,False,False
CHEBI:4562,MONDO:0013582,3.067868831272664,28111873.0,False,False
CHEBI:59773,MONDO:0000141,3.0675840073975573,28165314.0,False,False
CHEBI:64355,MONDO:0000141,3.09663645549238,23032823.0,False,False
CHEBI:3499,MONDO:0005212,3.093353955387242,23575684.0,False,False
CHEBI:90844,MONDO:0009759,3.0696674228597454,27775929.0,False,False
CHEBI:8485,MONDO:0006058,3.159567257630077,14515651.0,False,False
CHEBI:135920,MONDO:0005212,3.097503617673863,22891589.0,False,False
CHEBI:5098,MONDO:0005212,3.094632632870296,23363219.0,False,False
CHEBI:63598,MONDO:0000141,3.0700731708343563,27700046.0,False,False
RXCUI:2465553,MONDO:0005212,3.067789893928598,28126678.0,False,False
UNII:LKC0U3A8NJ,MONDO:0005212,3.159282496417748,14546676.0,False,False
UNII:4B33BGI082,MONDO:0000141,3.1606110741087443,14403018.0,False,False
CHEBI:45906,MONDO:0013582,3.0731565059406134,27128764.0,False,False
CHEBI:66964,MONDO:0009759,3.073206382939939,27119466.0,False,False
UNII:GK1LYB375A,MONDO:0006058,3.1991149347968006,10803493.0,False,False
CHEBI:77942,MONDO:0006058,3.060835100273679,29444503.0,False,False
CHEBI:9939,MONDO:0013582,3.061282796619054,29359179.0,False,False
UNII:I60W9520VV,MONDO:0000141,3.073767090956966,27016746.0,False,False
CHEBI:45863,MONDO:0013582,3.0727316984313537,27206832.0,False,False
UNII:4G86Y4JT3F,MONDO:0006058,3.2002189645412678,10715080.0,False,False
CHEBI:9605,MONDO:0013582,3.060191994786705,29568033.0,False,False
CHEBI:228304,MONDO:0000141,3.0735186121045377,27062083.0,False,False
CHEBI:6706,MONDO:0000141,3.061465981288756,29324022.0,False,False
CHEBI:7789,MONDO:0013582,3.074264409440988,26925637.0,False,False
CHEBI:50848,MONDO:0009759,3.0578662201579885,30015142.0,False,False
CHEBI:40303,MONDO:0009759,3.0718080363246996,27378029.0,False,False
CHEBI:92712,MONDO:0013582,3.1993660261420658,10783346.0,False,False
CHEBI:32687,MONDO:0013582,3.0710462349656416,27519095.0,False,False
CHEBI:85202,MONDO:0005212,3.0746257403580612,26859277.0,False,False
CHEBI:65173,MONDO:0013582,3.0598553906216077,29632851.0,False,False
CHEBI:31597,MONDO:0013582,3.061752518318057,29269364.0,False,False
CHEBI:473990,MONDO:0000141,3.058214025865598,29947911.0,False,False
PUBCHEM.COMPOUND:54585,MONDO:0006058,3.2037248847453337,10438082.0,False,False
UNII:A3ULP0F556,MONDO:0009759,3.0718760513984513,27365336.0,False,False
CHEBI:41948,MONDO:0000141,3.0737995292722613,27010736.0,False,False
CHEBI:135285,MONDO:0000141,3.2009305980307077,10658617.0,False,False
CHEBI:188153,MONDO:0006058,3.061412665466313,29334213.0,False,False
UNII:N824AOU5XV,MONDO:0000141,3.0733086642854666,27100596.0,False,False
CHEBI:17045,MONDO:0005212,3.20239569054799,10542713.0,False,False
CHEBI:50648,MONDO:0009759,3.073781377639927,27014187.0,False,False
CHEBI:27999,MONDO:0006058,3.1993661464523733,10783334.0,False,False
UNII:4FR53SIF3A,MONDO:0000141,3.0587451456268915,29845405.0,False,False
CHEBI:90841,MONDO:0009759,3.0602646721168902,29554032.0,False,False
CHEBI:135929,MONDO:0009759,3.0710862461522908,27511718.0,False,False
CHEBI:2904,MONDO:0005212,3.1983310439319848,10867028.0,False,False
CHEBI:6933,MONDO:0006058,3.20228780699924,10551076.0,False,False
CHEBI:114785,MONDO:0009759,3.0722647654281694,27293327.0,False,False
CHEBI:90936,MONDO:0009759,3.0613113588512557,29353707.0,False,False
CHEBI:50885,MONDO:0009759,3.074011974037095,26971823.0,False,False
CHEBI:4710,MONDO:0000141,3.199554003858535,10768239.0,False,False
CHEBI:17303,MONDO:0013582,3.058740443520291,29846345.0,False,False
UNII:1H09Y5WO1F,MONDO:0000141,3.072326914795947,27281883.0,False,False
CHEBI:6715,MONDO:0000141,3.201431047409863,10618629.0,False,False
CHEBI:63036,MONDO:0009759,3.059113429289476,29775079.0,False,False
CHEBI:17698,MONDO:0000141,3.0612408155734254,29367096.0,False,False
CHEBI:52172,MONDO:0009759,3.0584096893645585,29910077.0,False,False
UMLS:C0042971,MONDO:0013582,3.058389982402323,29913878.0,False,False
UNII:G2AE2VE07O,MONDO:0006058,3.0608720550420303,29437431.0,False,False
CHEBI:48131,MONDO:0013582,3.061292501576581,29357309.0,False,False
CHEBI:3219,MONDO:0006058,3.1970255922391813,10973498.0,False,False
CHEBI:6909,MONDO:0013582,3.059445987529644,29711474.0,False,False
CHEBI:135791,MONDO:0009759,3.0413056194385755,33232996.0,False,False
CHEBI:31524,MONDO:0013582,3.0385755786523894,33760477.0,False,False
CHEBI:28864,MONDO:0013582,3.0409545977147934,33301061.0,False,False
CHEBI:7770,MONDO:0006058,3.135240626560101,17393296.0,False,False
CHEBI:68558,MONDO:0013582,3.1301707491441704,18056974.0,False,False
UNII:41KZS5432U,MONDO:0013582,3.0391418041465528,33651116.0,False,False
CHEBI:35045,MONDO:0013582,3.037475988987108,33971499.0,False,False
CHEBI:8354,MONDO:0006058,3.1351517660492245,17404704.0,False,False
CHEBI:233309,MONDO:0013582,3.0408369347613533,33323865.0,False,False
UNII:R15UI3245N,MONDO:0000141,3.039101879598404,33658905.0,False,False
CHEBI:87681,MONDO:0013582,3.135328217929798,17381993.0,False,False
CHEBI:135939,MONDO:0006058,3.0390743751393012,33664114.0,False,False
UNII:T3U32GLJ0F,MONDO:0013582,3.039310055557643,33618753.0,False,False
CHEBI:9555,MONDO:0009759,3.0376376225936434,33940512.0,False,False
CHEBI:93403,MONDO:0006058,3.141072642964512,16658158.0,False,False
CHEBI:85161,MONDO:0013582,3.038970182036108,33684384.0,False,False
UNII:UMD7G2653W,MONDO:0000141,3.137754630591784,17071981.0,False,False
CHEBI:7986,MONDO:0009759,3.1319805879643012,17817990.0,False,False
CHEBI:94807,MONDO:0009759,3.03902215961523,33674234.0,False,False
CHEBI:132233,MONDO:0000141,3.1369937914997044,17168641.0,False,False
CHEBI:229680,MONDO:0005212,3.140740909806193,16698987.0,False,False
CHEBI:175901,MONDO:0009759,3.0404965829889097,33389448.0,False,False
CHEBI:31236,MONDO:0013582,3.1342738727251356,17518633.0,False,False
CHEBI:3125,MONDO:0009759,3.1328960069604292,17697584.0,False,False
CHEBI:15367,MONDO:0013582,3.1376498640618067,17085054.0,False,False
CHEBI:177836,MONDO:0009759,3.0407482464551654,33341008.0,False,False
CHEBI:50663,MONDO:0009759,3.039628237158573,33557545.0,False,False
CHEBI:27999,MONDO:0009759,3.136028093200759,17291995.0,False,False
CHEBI:6923,MONDO:0013582,3.0386811773880593,33740450.0,False,False
PUBCHEM.COMPOUND:9852982,MONDO:0009759,3.0384320696667064,33788050.0,False,False
CHEBI:9939,MONDO:0000141,3.0394910561799557,33584020.0,False,False
UNII:8680B21W73,MONDO:0005212,3.0385582737872996,33763843.0,False,False
DRUGBANK:DB00055,MONDO:0009759,3.1327035856219774,17722695.0,False,False
CHEBI:145374,MONDO:0000141,3.040031994511367,33479455.0,False,False
CHEBI:88316,MONDO:0006058,3.038616008136101,33752793.0,False,False
CHEBI:135737,MONDO:0006058,3.136337231945529,17252142.0,False,False
CHEBI:681848,MONDO:0000141,3.038359948038065,33801923.0,False,False
CHEBI:47097,MONDO:0000141,3.040265584910112,33434372.0,False,False
CHEBI:66919,MONDO:0009759,3.037468460768048,33973024.0,False,False
UNII:Z5N076G8YQ,MONDO:0000141,3.040272714926197,33432988.0,False,False
CHEBI:68540,MONDO:0013582,3.0404510297847662,33398261.0,False,False
CHEBI:28918,MONDO:0000141,3.0380115153123373,33868983.0,False,False
UNII:TL60C27RLH,MONDO:0005212,3.1385590980513545,16970456.0,False,False
UNII:A92JFM5XNU,MONDO:0006058,3.1360419374960093,17290216.0,False,False
CHEBI:50212,MONDO:0005212,3.040687206994509,33352734.0,False,False
CHEBI:63619,MONDO:0005212,3.0382349452329995,33826047.0,False,False
CHEBI:135947,MONDO:0009759,3.0396805242726845,33547424.0,False,False
CHEBI:31413,MONDO:0006058,3.1314251311435433,17890986.0,False,False
RXCUI:1157354,MONDO:0009759,3.0562294189102985,30331303.0,False,False
CHEBI:64733,MONDO:0005212,3.0562632187956185,30324712.0,False,False
CHEBI:4470,MONDO:0009759,3.1799862486822255,12463100.0,False,False
CHEBI:4534,MONDO:0006058,3.055661460256446,30441467.0,False,False
UNII:760I9WM792,MONDO:0006058,3.0570765779437705,30167498.0,False,False
CHEBI:66899,MONDO:0000141,3.081816880867301,25563021.0,False,False
CHEMBL.COMPOUND:CHEMBL4582651,MONDO:0006058,3.1813920821624677,12333112.0,False,False
CHEBI:6541,MONDO:0009759,3.079532855221615,25971030.0,False,False
CHEBI:6539,MONDO:0006058,3.1799483125763084,12466708.0,False,False
CHEBI:92712,MONDO:0000141,3.057153825889583,30152466.0,False,False
CHEBI:32192,MONDO:0013582,3.053896326522157,30783899.0,False,False
CHEBI:3423,MONDO:0013582,3.083643077030331,25241493.0,False,False
CHEBI:80630,MONDO:0013582,3.05422043174291,30720711.0,False,False
CHEBI:5613,MONDO:0013582,3.0795496641898614,25968061.0,False,False
CHEBI:3238,MONDO:0013582,3.0574022190415215,30104656.0,False,False
CHEBI:4511,MONDO:0009759,3.0828470067438793,25381659.0,False,False
UNII:2R27AB6766,MONDO:0005212,3.1824591827535063,12234959.0,False,False
CHEBI:5118,MONDO:0013582,3.0574514414689746,30095086.0,False,False
CHEBI:50859,MONDO:0009759,3.0557656386797523,30421189.0,False,False
CHEBI:8228,MONDO:0005212,3.178395331223011,12612585.0,False,False
PUBCHEM.COMPOUND:78383862,MONDO:0000141,3.0819440326615153,25540532.0,False,False
CHEBI:9620,MONDO:0000141,3.0834012928211028,25283966.0,False,False
CHEBI:478164,MONDO:0009759,3.05393448756851,30776497.0,False,False
CHEBI:71204,MONDO:0006058,3.0537847546846404,30805660.0,False,False
CHEBI:138865,MONDO:0013582,3.056448451889492,30288708.0,False,False
CHEBI:10119,MONDO:0013582,3.053748974613593,30812583.0,False,False
CHEBI:195280,MONDO:0000141,3.054230456033774,30718773.0,False,False
CHEBI:9586,MONDO:0013582,3.0539515566331144,30773084.0,False,False
CHEBI:5002,MONDO:0009759,3.1823970800892942,12240599.0,False,False
CHEBI:60210,MONDO:0005212,3.055976512590987,30380366.0,False,False
CHEBI:9316,MONDO:0013582,3.0549863352185733,30572344.0,False,False
UNII:4F4X42SYQ6,MONDO:0000141,3.081361767913373,25643764.0,False,False
CHEBI:2675,MONDO:0005212,3.1814348421379677,12329098.0,False,False
UNII:T8B2ORP1DW,MONDO:0006058,3.1857071713101703,11941909.0,False,False
UNII:DD5RBA1NKF,MONDO:0000141,3.0835364022739506,25260080.0,False,False
PUBCHEM.COMPOUND:54585,MONDO:0009759,3.054066511155357,30750857.0,False,False
CHEBI:8805,MONDO:0000141,3.1780053371058523,12649272.0,False,False
CHEBI:8428,MONDO:0000141,3.0575742716029213,30071346.0,False,False
CHEBI:48538,MONDO:0005212,3.1857467431908306,11938421.0,False,False
CHEBI:3311,MONDO:0000141,3.055500661707968,30472739.0,False,False
CHEBI:8389,MONDO:0013582,3.082830296326788,25384560.0,False,False
CHEBI:47782,MONDO:0005212,3.0576019841399846,30066090.0,False,False
CHEBI:617099,MONDO:0000141,3.05568513703313,30436916.0,False,False
CHEBI:3696,MONDO:0000141,3.054897214581668,30589677.0,False,False
CHEBI:70752,MONDO:0009759,3.182968607672108,12188587.0,False,False
CHEBI:229652,MONDO:0009759,3.0544197743685286,30682040.0,False,False
CHEBI:145536,MONDO:0000141,3.055611361351973,30451224.0,False,False
CHEBI:45783,MONDO:0000141,3.082593144265509,25426151.0,False,False
CHEBI:63577,MONDO:0013582,3.0571853407349496,30146380.0,False,False
CHEBI:32221,MONDO:0009759,3.057324389800475,30119507.0,False,False
CHEBI:49575,MONDO:0000141,3.0536890729983144,30824125.0,False,False
CHEBI:72323,MONDO:0005212,3.0801860179119775,25853593.0,False,False
CHEBI:134718,MONDO:0009759,3.0563784382347503,30302298.0,False,False
CHEBI:142432,MONDO:0013582,3.0559121411724286,30392753.0,False,False
UNII:97IQ273H4L,MONDO:0009759,3.087279072203196,24608598.0,False,False
CHEBI:575568,MONDO:0009759,3.046541099991004,32215008.0,False,False
CHEBI:6846,MONDO:0005212,3.049618583188839,31615065.0,False,False
CHEBI:6015,MONDO:0009759,3.085990628389683,24831552.0,False,False
CHEBI:45924,MONDO:0009759,3.086821117541448,24687656.0,False,False
CHEBI:9754,MONDO:0000141,3.047761220721752,31976760.0,False,False
CHEBI:4027,MONDO:0009759,3.0878233620951825,24514624.0,False,False
CHEBI:9637,MONDO:0005212,3.0851435399902005,24979381.0,False,False
CHEBI:79699,MONDO:0013582,3.047497897914084,32028597.0,False,False
UNII:8NZ41MIK1O,MONDO:0005212,3.194132367965431,11213143.0,False,False
PUBCHEM.COMPOUND:3467,MONDO:0006058,3.1915193861702753,11433849.0,False,False
UNII:L76T0ZCA8K,MONDO:0009759,3.085880073762191,24850925.0,False,False
CHEBI:6690,MONDO:0006058,3.088314660410633,24429613.0,False,False
CHEBI:28939,MONDO:0013582,3.1902069660914933,11546710.0,False,False
CHEBI:41500,MONDO:0006058,3.189796229056423,11582289.0,False,False
CHEBI:8080,MONDO:0009759,3.188918110444206,11658916.0,False,False
CHEBI:9674,MONDO:0000141,3.049086294075239,31719072.0,False,False
CHEBI:2788,MONDO:0000141,3.0474035363978986,32046976.0,False,False
CHEBI:41423,MONDO:0009759,3.1940460600096587,11220463.0,False,False
CHEBI:134742,MONDO:0005212,3.087736079484105,24529439.0,False,False
CHEBI:45652,MONDO:0009759,3.0867756853847137,24695441.0,False,False
CHEBI:47381,MONDO:0009759,3.084357783094868,25116895.0,False,False
CHEBI:72291,MONDO:0005212,3.084705256690423,25056200.0,False,False
CHEBI:6367,MONDO:0013582,3.047391856289785,32049225.0,False,False
CHEBI:51368,MONDO:0006058,3.190353005736817,11534121.0,False,False
CHEBI:4887,MONDO:0005212,3.087329217034867,24599835.0,False,False
CHEBI:38940,MONDO:0000141,3.0465091950858643,32221272.0,False,False
CHEBI:135754,MONDO:0009759,3.0841496721326975,25153336.0,False,False
CHEBI:144421,MONDO:0006058,3.1862628324314857,11892371.0,False,False
CHEBI:4822,MONDO:0013582,3.0858236300137345,24860661.0,False,False
CHEBI:76010,MONDO:0006058,3.086079432695167,24816051.0,False,False
CHEBI:71200,MONDO:0000141,3.0461491187271084,32291520.0,False,False
UNII:5TAA004E22,MONDO:0009759,3.0477296258965807,31983006.0,False,False
UNII:D27V6190PM,MONDO:0005212,3.186357567298848,11884032.0,False,False
CHEBI:94440,MONDO:0006058,3.189074101702769,11645205.0,False,False
CHEBI:47781,MONDO:0000141,3.048825210962506,31769698.0,False,False
CHEBI:42797,MONDO:0013582,3.193040732474453,11304627.0,False,False
CHEBI:82720,MONDO:0013582,3.1917339273264873,11415349.0,False,False
UNII:F925RR824R,MONDO:0005212,3.194172329275885,11209892.0,False,False
CHEBI:10023,MONDO:0000141,3.0876543954676032,24543754.0,False,False
CHEBI:30830,MONDO:0005212,3.0846767503687884,25061103.0,False,False
CHEBI:8871,MONDO:0005212,3.187280489268854,11802445.0,False,False
CHEBI:172943,MONDO:0005212,3.084513122284341,25089776.0,False,False
CHEBI:46345,MONDO:0013582,3.045748884531962,32369135.0,False,False
CHEBI:85155,MONDO:0005212,3.087918073036673,24498385.0,False,False
CHEBI:27958,MONDO:0005212,3.1941786367858755,11209383.0,False,False
CHEBI:5523,MONDO:0000141,3.046297872186241,32262488.0,False,False
CHEBI:5775,MONDO:0000141,3.048081106479943,31914879.0,False,False
CHEBI:4055,MONDO:0000141,3.0461348960159738,32294335.0,False,False
CHEBI:135652,MONDO:0000141,3.046020242012525,32316419.0,False,False
UNII:04NQ160FRU,MONDO:0006058,3.084520477667207,25088455.0,False,False
CHEBI:6076,MONDO:0006058,3.1902917504245103,11539301.0,False,False
CHEBI:7447,MONDO:0000141,3.049358040800428,31665955.0,False,False
CHEBI:6633,MONDO:0009759,3.0473935045575944,32048894.0,False,False
CHEBI:71013,MONDO:0005212,3.186528616348493,11868821.0,False,False
CHEBI:94501,MONDO:0006058,3.18656772524003,11865492.0,False,False
CHEBI:8080,MONDO:0006058,3.0858301536717008,24859555.0,False,False
UNII:LR3UXN0193,MONDO:0005212,3.1947474680056396,11161946.0,False,False
UNII:DQA630RIE9,MONDO:0000141,3.0867220754360316,24704670.0,False,False
CHEBI:135351,MONDO:0013582,3.045822857530643,32354660.0,False,False
UNII:F64QU97QCR,MONDO:0009759,3.022967315161296,36640420.0,False,False
UNII:S4M959U2IJ,MONDO:0000141,3.0139815218115724,38080018.0,False,False
CHEBI:8597,MONDO:0000141,3.0417098688801736,33154381.0,False,False
CHEBI:82960,MONDO:0013582,3.013361670965397,38168712.0,False,False
UNII:90Z2UF0E52,MONDO:0009759,3.0234367549178094,36559839.0,False,False
CHEBI:17698,MONDO:0013582,3.0430621174864427,32890536.0,False,False
UNII:DLE8519RWM,MONDO:0009759,3.024656129979798,36347217.0,False,False
CHEBI:116735,MONDO:0013582,3.0216350885224457,36868508.0,False,False
CHEBI:48947,MONDO:0009759,3.0214511767552867,36899510.0,False,False
DRUGBANK:DB17635,MONDO:0009759,3.011378232113363,38441689.0,False,False
CHEBI:28001,MONDO:0000141,3.0420515559766104,33087769.0,False,False
CHEBI:229220,MONDO:0013582,3.0435409268608735,32797900.0,False,False
CHEBI:8059,MONDO:0005212,3.0244041887543993,36391051.0,False,False
CHEBI:600520,MONDO:0009759,3.012526241876185,38286158.0,False,False
CHEBI:140621,MONDO:0013582,3.024596700781835,36357633.0,False,False
UNII:55KHL3P693,MONDO:0013582,3.0103433061863756,38576666.0,False,False
CHEBI:5109,MONDO:0000141,3.044561122045861,32600022.0,False,False
UNII:WKM56H3TLB,MONDO:0013582,3.010206434582307,38593954.0,False,False
UNII:5QS67N4551,MONDO:0000141,3.0211145006771254,36956166.0,False,False
CHEBI:5391,MONDO:0009759,3.0115715059768737,38415933.0,False,False
UNII:39HBQ4A67L,MONDO:0009759,3.009966552243111,38624209.0,False,False
CHEBI:85183,MONDO:0013582,3.0136768619642584,38123689.0,False,False
UMLS:C1879680,MONDO:0000141,3.014550834902698,37996962.0,False,False
CHEBI:36791,MONDO:0013582,3.0206827774153853,37028893.0,False,False
CHEBI:3636,MONDO:0000141,3.010786096951188,38519946.0,False,False
UNII:2N4O9L084N,MONDO:0006058,3.043182180195199,32867280.0,False,False
CHEBI:7852,MONDO:0000141,3.0421691430440436,33064788.0,False,False
CHEBI:94805,MONDO:0013582,3.0429034318943624,32921685.0,False,False
UMLS:C5556533,MONDO:0013582,3.0219269903240313,36819221.0,False,False
CHEBI:5779,MONDO:0013582,3.023964795872625,36467910.0,False,False
CHEBI:135627,MONDO:0013582,3.014286384134654,38035424.0,False,False
CHEBI:135906,MONDO:0013582,3.0145312539520717,37999862.0,False,False
RXCUI:967089,MONDO:0000141,3.022535836272535,36714849.0,False,False
CHEBI:8310,MONDO:0000141,3.0118715134911573,38375581.0,False,False
CHEBI:27796,MONDO:0013582,3.0105363240832705,38552157.0,False,False
CHEBI:3698,MONDO:0013582,3.0243862362519707,36394211.0,False,False
UNII:25E79B5CTM,MONDO:0013582,3.012000549176901,38358132.0,False,False
CHEBI:724125,MONDO:0013582,3.01150575187917,38424694.0,False,False
CHEBI:46859,MONDO:0009759,3.022421078275637,36734564.0,False,False
UMLS:C5238067,MONDO:0009759,3.0444946177008587,32612928.0,False,False
CHEBI:8768,MONDO:0013582,3.0428629233316986,32929601.0,False,False
CHEBI:65349,MONDO:0013582,3.0424580270811763,33008523.0,False,False
UMLS:C1172255,MONDO:0000141,3.023691016337282,36515670.0,False,False
CHEBI:135276,MONDO:0000141,3.021696726345728,36858068.0,False,False
CHEBI:135005,MONDO:0013582,3.014514985782315,38002191.0,False,False
UNII:U59UGK3IPC,MONDO:0013582,3.020832685023097,37003592.0,False,False
CHEBI:229643,MONDO:0013582,3.013957007087164,38083554.0,False,False
CHEBI:7451,MONDO:0000141,3.0150855117695157,37917502.0,False,False
CHEBI:63637,MONDO:0013582,3.0099136851892547,38630894.0,False,False
DRUGBANK:DB09381,MONDO:0000141,3.0454169080934594,32433820.0,False,False
CHEBI:37943,MONDO:0009759,3.045609508650709,32396222.0,False,False
CHEBI:2676,MONDO:0000141,3.0241004203524326,36444418.0,False,False
UMLS:C5443833,MONDO:0013582,3.0430729933799716,32888435.0,False,False
UNII:7V4A8U16MB,MONDO:0013582,3.0223057785455785,36754619.0,False,False
CHEBI:82721,MONDO:0009759,3.013915198390597,38089512.0,False,False
UNII:492M3I304T,MONDO:0000141,3.0128469728504497,38241262.0,False,False
CHEBI:135810,MONDO:0009759,3.012000918387163,38358094.0,False,False
UNII:D6OMY2L0WA,MONDO:0000141,3.010177947085825,38597638.0,False,False
CHEBI:72289,MONDO:0000141,3.0108071867779476,38517207.0,False,False
CHEBI:50131,MONDO:0013582,3.0141795751727254,38051175.0,False,False
UNII:EUT3557RT5,MONDO:0009759,3.0215401007084335,36884523.0,False,False
CHEBI:145994,MONDO:0009759,3.0126710517244177,38265789.0,False,False
CHEBI:174690,MONDO:0000141,3.0154496400962993,37862639.0,False,False
CHEBI:4858,MONDO:0000141,3.0139905035112626,38078686.0,False,False
CHEBI:94458,MONDO:0009759,3.0456096248646114,32396202.0,False,False
UNII:2WU922TK3L,MONDO:0013582,3.0150331438203657,37925321.0,False,False
UNII:ZL1R02VT79,MONDO:0013582,3.0232380074618646,36593871.0,False,False
UNII:NA1U919MRO,MONDO:0000141,3.024245516569355,36418970.0,False,False
CHEBI:10100,MONDO:0000141,3.0447577930103797,32561578.0,False,False
CHEBI:135207,MONDO:0006058,3.02211777671927,36786708.0,False,False
CHEBI:86158,MONDO:0000141,3.014736903167223,37969548.0,False,False
UNII:3H8GSZ4SQL,MONDO:0009759,3.0418932650237585,33118481.0,False,False
CHEBI:135922,MONDO:0009759,3.0448585778783057,32542166.0,False,False
UNII:ODJ69JZG85,MONDO:0009759,3.024998367802121,36286911.0,False,False
UNII:04NQ160FRU,MONDO:0009759,3.009700645147514,38657497.0,False,False
CHEBI:8493,MONDO:0013582,3.0228585818933706,36659275.0,False,False
CHEBI:149601,MONDO:0005212,3.0434953573889754,32806623.0,False,False
UNII:G6UF363ECX,MONDO:0013582,3.0449817422535883,32518245.0,False,False
CHEBI:4309,MONDO:0000141,3.010162608773423,38599621.0,False,False
UMLS:C5443833,MONDO:0005212,3.0444431075500686,32623167.0,False,False
CHEBI:95341,MONDO:0000141,3.022509015363,36719399.0,False,False
CHEBI:6444,MONDO:0000141,3.010166178441838,38599153.0,False,False
CHEBI:215747,MONDO:0009759,3.0100443576479945,38614525.0,False,False
UNII:4A2Y23XK11,MONDO:0009759,3.0128753790239067,38237270.0,False,False
UNII:7SE5582Q2P,MONDO:0000141,3.025151716482388,36259922.0,False,False
UNII:6QVL057INT,MONDO:0009759,3.009919225583031,38630191.0,False,False
CHEBI:45304,MONDO:0000141,3.0424731301091037,33005574.0,False,False
CHEBI:78432,MONDO:0013582,3.0131432140500296,38199751.0,False,False
UNII:9RV78Q2002,MONDO:0009759,3.0118557370388856,38377748.0,False,False
CHEBI:229680,MONDO:0013582,3.0236227817484576,36527342.0,False,False
CHEBI:92609,MONDO:0009759,3.0150138264106374,37928217.0,False,False
CHEBI:51817,MONDO:0009759,3.0099399839157055,38627526.0,False,False
UNII:R30772KCU0,MONDO:0009759,3.009745885748816,38651949.0,False,False
UNII:T9FVH03HMZ,MONDO:0013582,3.0423866733207197,33022361.0,False,False
CHEBI:17347,MONDO:0013582,3.0989175262627855,22661550.0,False,False
UNII:033ECH6IFG,MONDO:0000141,3.018813065223119,37336292.0,False,False
CHEBI:209807,MONDO:0013582,3.0518681386752795,31178782.0,False,False
CHEBI:230846,MONDO:0009759,3.0163747395900367,37721275.0,False,False
CHEBI:82701,MONDO:0009759,3.015568376473044,37844678.0,False,False
CHEBI:136009,MONDO:0000141,3.0497072345560365,31597782.0,False,False
CHEBI:61076,MONDO:0009759,3.0165800221522474,37689669.0,False,False
RXCUI:2465553,MONDO:0009759,3.101284228076492,22280676.0,False,False
CHEBI:64733,MONDO:0013582,3.053171690647627,30924376.0,False,False
CHEBI:90926,MONDO:0005212,3.0994092180937107,22581868.0,False,False
CHEBI:85202,MONDO:0009759,3.016506091589044,37701098.0,False,False
UNII:GNWE7KJ995,MONDO:0013582,3.018081453042285,37453666.0,False,False
CHEBI:4450,MONDO:0013582,3.099883076484071,22505481.0,False,False
CHEBI:3238,MONDO:0009759,3.052644197479385,31026977.0,False,False
CHEBI:68579,MONDO:0000141,3.0515891742601013,31232997.0,False,False
CHEBI:229661,MONDO:0000141,3.0185351989627156,37380917.0,False,False
CHEBI:64187,MONDO:0013582,3.018109855651593,37449175.0,False,False
CHEBI:82721,MONDO:0000141,3.0171070637487345,37607765.0,False,False
UNII:NWQ5N31VKK,MONDO:0013582,3.1007836584075346,22360768.0,False,False
UNII:S4M959U2IJ,MONDO:0013582,3.01754420004647,37538654.0,False,False
CHEBI:2659,MONDO:0013582,3.1014994030873977,22246277.0,False,False
CHEBI:133013,MONDO:0000141,3.018203720021931,37434319.0,False,False
PUBCHEM.COMPOUND:54681908,MONDO:0013582,3.015755171587134,37816426.0,False,False
CHEBI:3183,MONDO:0000141,3.050610071189633,31422826.0,False,False
UNII:MCN858TCP0,MONDO:0013582,3.018694424009686,37355704.0,False,False
CHEBI:4309,MONDO:0006058,3.099870692153271,22507508.0,False,False
CHEBI:135626,MONDO:0009759,3.0159946420508557,37779699.0,False,False
CHEBI:63605,MONDO:0000141,3.098249920992804,22769621.0,False,False
DRUGBANK:DB15572,MONDO:0000141,3.0162082757627444,37746849.0,False,False
CHEBI:5558,MONDO:0000141,3.09902992934539,22643288.0,False,False
CHEBI:8081,MONDO:0000141,3.0203049162499607,37091828.0,False,False
CHEBI:229220,MONDO:0000141,3.017492419559812,37546996.0,False,False
CHEBI:240107,MONDO:0013582,3.0160493634448127,37771288.0,False,False
CHEBI:17924,MONDO:0005212,3.1025879173016633,22073344.0,False,False
DRUGBANK:DB17831,MONDO:0009759,3.0181068510030675,37449638.0,False,False
CHEBI:9622,MONDO:0005212,3.1014625524934094,22252264.0,False,False
CHEBI:64028,MONDO:0006058,3.099165246806991,22621463.0,False,False
CHEBI:145428,MONDO:0013582,3.0180456409599934,37459473.0,False,False
CHEBI:7865,MONDO:0013582,3.0172172013722296,37590390.0,False,False
CHEBI:94563,MONDO:0013582,3.01848421018241,37389147.0,False,False
CHEBI:3082,MONDO:0005212,3.0986763863472904,22700573.0,False,False
UNII:N7T15V1FUY,MONDO:0000141,3.0167200238754996,37668283.0,False,False
PUBCHEM.COMPOUND:5229907,MONDO:0000141,3.0190164681812455,37303103.0,False,False
UMLS:C2350656,MONDO:0000141,3.0197418737464137,37184531.0,False,False
UNII:23OW28RS7P,MONDO:0009759,3.0160421760502345,37772430.0,False,False
CHEBI:66964,MONDO:0013582,3.0519308661387745,31166501.0,False,False
CHEBI:71415,MONDO:0013582,3.017920900324527,37479132.0,False,False
UNII:23OW28RS7P,MONDO:0000141,3.0163562515172124,37724166.0,False,False
UNII:A3ULP0F556,MONDO:0000141,3.102387873671118,22104919.0,False,False
CHEBI:6916,MONDO:0013582,3.051794987558924,31192996.0,False,False
CHEBI:144421,MONDO:0013582,3.053447553048395,30870867.0,False,False
CHEBI:7443,MONDO:0005212,3.098390799212432,22746809.0,False,False
RXCUI:379383,MONDO:0013582,3.0159636872123397,37784527.0,False,False
UNII:70BSQ12069,MONDO:0013582,3.017164644099159,37598822.0,False,False
PUBCHEM.COMPOUND:26945,MONDO:0013582,3.0158198169782757,37806519.0,False,False
CHEBI:2666,MONDO:0009759,3.1002835954242416,22440877.0,False,False
CHEBI:66903,MONDO:0000141,3.0199002618120874,37158475.0,False,False
UNII:4Q52C550XK,MONDO:0000141,3.0498553536682227,31569026.0,False,False
UNII:XOI2Q0ZF7G,MONDO:0009759,3.050929295610984,31360812.0,False,False
UMLS:C4764258,MONDO:0013582,3.015954793116157,37785873.0,False,False
CHEBI:16480,MONDO:0000141,3.016928524703445,37635695.0,False,False
CHEBI:49375,MONDO:0013582,3.053477752693256,30864966.0,False,False
CHEBI:4724,MONDO:0005212,3.052493878784926,31055928.0,False,False
UNII:G2AE2VE07O,MONDO:0013582,3.0520868567601838,31135933.0,False,False
RXCUI:2119698,MONDO:0013582,3.099576895920821,22554551.0,False,False
UNII:Z7HVY03PHP,MONDO:0009759,3.0171301763461233,37604102.0,False,False
CHEBI:77898,MONDO:0009759,3.008063053480971,38852093.0,False,False
CHEBI:7770,MONDO:0000141,3.0361121430911546,34232946.0,False,False
CHEBI:47898,MONDO:0009759,3.036622334150068,34135177.0,False,False
CHEBI:72292,MONDO:0013582,3.0087331743291754,38774747.0,False,False
CHEBI:170007,MONDO:0000141,3.02870044298135,35620430.0,False,False
UNII:4B93MGE4AL,MONDO:0000141,3.035817914846459,34288818.0,False,False
CHEBI:85161,MONDO:0000141,3.0257526970111908,36153077.0,False,False
CHEBI:51032,MONDO:0009759,3.036620896660887,34135432.0,False,False
CHEBI:51817,MONDO:0000141,3.003849701775061,39260138.0,False,False
UNII:2WTV10SIKH,MONDO:0013582,3.0271153781054982,35908176.0,False,False
CHEBI:229217,MONDO:0000141,3.035414053301631,34365703.0,False,False
UMLS:C1268876,MONDO:0013582,3.0345763591642174,34524555.0,False,False
CHEBI:9468,MONDO:0000141,3.0285805869363296,35642338.0,False,False
PUBCHEM.COMPOUND:630293,MONDO:0000141,3.0363003820254804,34196839.0,False,False
CHEBI:82698,MONDO:0013582,3.0060683367202765,39064281.0,False,False
CHEBI:3216,MONDO:0000141,3.0282242686287706,35707105.0,False,False
CHEBI:75247,MONDO:0000141,3.0354596164725915,34357235.0,False,False
CHEBI:3240,MONDO:0000141,3.0041315214101676,39238036.0,False,False
CHEBI:2636,MONDO:0000141,3.0370178601989153,34059522.0,False,False
CHEBI:132268,MONDO:0009759,3.02893959461335,35576242.0,False,False
CHEBI:60799,MONDO:0013582,3.0080454468636733,38854141.0,False,False
UNII:5W8JGG2651,MONDO:0013582,3.0280478053308855,35739343.0,False,False
CHEBI:499361,MONDO:0013582,3.008901461947402,38754704.0,False,False
CHEBI:63036,MONDO:0013582,3.025903395687683,36125985.0,False,False
CHEBI:85984,MONDO:0000141,3.002368696783494,39360780.0,False,False
CHEBI:177849,MONDO:0000141,3.025568975672871,36185961.0,False,False
CHEBI:33324,MONDO:0000141,3.006927595359606,38976435.0,False,False
UNII:961YV2O515,MONDO:0000141,3.0078768475029776,38873097.0,False,False
CHEBI:68606,MONDO:0000141,3.0066597313267223,39004265.0,False,False
CHEBI:233446,MONDO:0013582,3.0342369383468304,34588673.0,False,False
UNII:8K80YB5GMG,MONDO:0009759,3.006520231910729,39018697.0,False,False
UNII:N658GY6L3E,MONDO:0000141,3.005965270931454,39074347.0,False,False
CHEBI:32221,MONDO:0013582,3.0351304799457264,34419906.0,False,False
UNII:QMS40680K6,MONDO:0013582,3.0070190626359645,38966645.0,False,False
CHEBI:28300,MONDO:0000141,3.027392140827187,35858134.0,False,False
CHEBI:229539,MONDO:0000141,3.0043966361407275,39216338.0,False,False
UNII:ROV204583W,MONDO:0013582,3.0275459636906508,35830037.0,False,False
CHEBI:4659,MONDO:0009759,3.035283585162956,34390748.0,False,False
DRUGBANK:DB16746,MONDO:0000141,3.004996213410692,39164848.0,False,False
CHEBI:231416,MONDO:0000141,3.006715184300686,38998526.0,False,False
UNII:T432289GYZ,MONDO:0009759,3.0264661690520254,36025336.0,False,False
CHEBI:39112,MONDO:0013582,3.0037191767168085,39270134.0,False,False
UNII:A10SJL62JY,MONDO:0013582,3.001999512346872,39381262.0,False,False
CHEBI:567361,MONDO:0013582,3.036918840031187,34078642.0,False,False
CHEBI:76010,MONDO:0013582,3.0290778180056472,35550854.0,False,False
CHEBI:6444,MONDO:0013582,3.002358078937112,39361409.0,False,False
UNII:OU2YM37K86,MONDO:0013582,3.009145112889345,38725552.0,False,False
CHEBI:63452,MONDO:0013582,3.009033315048872,38738979.0,False,False
CHEBI:6822,MONDO:0013582,3.02762579858142,35815897.0,False,False
CHEBI:10082,MONDO:0000141,3.0063190404792826,39039332.0,False,False
CHEBI:50131,MONDO:0009759,3.0269793690646987,35932900.0,False,False
UNII:0JSR7Z0NB6,MONDO:0013582,3.0084493920197923,38807854.0,False,False
CHEBI:3403,MONDO:0000141,3.02687868144016,35951164.0,False,False
CHEBI:68551,MONDO:0013582,3.00175331325011,39393685.0,False,False
CHEBI:135627,MONDO:0000141,3.0259678455616585,36114505.0,False,False
UNII:6A901E312A,MONDO:0009759,3.026417725891633,36034065.0,False,False
CHEBI:135961,MONDO:0000141,3.0255574506633325,36188014.0,False,False
UNII:I031V2H011,MONDO:0013582,3.033444719900812,34738382.0,False,False
CHEBI:135938,MONDO:0009759,3.033648150850216,34699848.0,False,False
CHEBI:135754,MONDO:0000141,3.0072247717870333,38944733.0,False,False
UMLS:C4687660,MONDO:0000141,3.0069653222278947,38972321.0,False,False
CHEBI:167309,MONDO:0013582,3.034268261378026,34582712.0,False,False
CHEBI:6923,MONDO:0009759,3.0257310697786197,36157016.0,False,False
CHEBI:3764,MONDO:0000141,3.0354015568105317,34368116.0,False,False
CHEBI:71223,MONDO:0000141,3.0346386423683986,34512829.0,False,False
CHEBI:229599,MONDO:0000141,3.0060494443328154,39066051.0,False,False
UNII:D99YVK4L0X,MONDO:0013582,3.004994521195396,39164997.0,False,False
CHEBI:82701,MONDO:0013582,3.002679859724962,39342033.0,False,False
CHEBI:133833,MONDO:0013582,3.035158402463469,34414590.0,False,False
CHEBI:136050,MONDO:0013582,3.006879374289984,38981461.0,False,False
CHEBI:10056,MONDO:0000141,3.007124921527277,38955446.0,False,False
CHEBI:6472,MONDO:0009759,3.036706182060109,34119079.0,False,False
UNII:EUT3557RT5,MONDO:0013582,3.0289876569182903,35567420.0,False,False
CHEBI:64310,MONDO:0000141,3.0372848835171755,34008062.0,False,False
UNII:K16AIQ8CTM,MONDO:0009759,3.025186599764745,36253828.0,False,False
UNII:9XW757O13D,MONDO:0013582,3.028019783921971,35744602.0,False,False
CHEBI:5739,MONDO:0000141,3.0338736639053483,34657413.0,False,False
PR:000007302,MONDO:0009759,3.0349356294023604,34456836.0,False,False
UNII:54K37P50KH,MONDO:0000141,3.0042096657516826,39231665.0,False,False
UNII:8K80YB5GMG,MONDO:0000141,3.0087420815706833,38773677.0,False,False
UNII:2O4BE0K238,MONDO:0009759,3.0353230910426285,34383207.0,False,False
CHEBI:71023,MONDO:0006058,3.0371825046670837,34027723.0,False,False
CHEBI:31536,MONDO:0009759,3.02805769997317,35737536.0,False,False
CHEBI:229652,MONDO:0000141,3.00882232129386,38764068.0,False,False
UNII:EO144CP0X9,MONDO:0009759,3.0054755944670593,39121138.0,False,False
CHEBI:135207,MONDO:0000141,3.0095552549385634,38675518.0,False,False
CHEBI:64019,MONDO:0005212,3.035569563812158,34336243.0,False,False
UNII:SMA5ZS5B22,MONDO:0013582,3.02842581411368,35670654.0,False,False
CHEBI:3696,MONDO:0009759,3.035638662812496,34322802.0,False,False
CHEBI:28621,MONDO:0009759,3.0253867095256117,36218162.0,False,False
DRUGBANK:DB17132,MONDO:0009759,3.0087676781835127,38770616.0,False,False
UNII:XN7MM8XG2M,MONDO:0009759,3.0364810740910637,34162222.0,False,False
CHEBI:691037,MONDO:0013582,3.036135262380438,34228423.0,False,False
DRUGBANK:DB16746,MONDO:0013582,3.0014174316834277,39409109.0,False,False
CHEBI:51817,MONDO:0013582,3.002890631827121,39328364.0,False,False
CHEBI:31355,MONDO:0013582,3.0079683736300042,38862893.0,False,False
UNII:5IB2J79MCX,MONDO:0013582,3.0030228584241963,39319739.0,False,False
PUBCHEM.COMPOUND:26945,MONDO:0009759,3.026945245202884,35939131.0,False,False
CHEBI:75275,MONDO:0009759,3.036342593875899,34188710.0,False,False
UNII:73B0K5S26A,MONDO:0013582,3.0021068838072216,39375468.0,False,False
UNII:FYS6T7F842,MONDO:0013582,3.0253884816595313,36217840.0,False,False
CHEBI:90227,MONDO:0013582,3.0062610559187686,39045217.0,False,False
CHEBI:608828,MONDO:0013582,3.0056352845714693,39106102.0,False,False
DRUGBANK:DB15699,MONDO:0000141,3.0067053910113084,38999537.0,False,False
CHEBI:45304,MONDO:0009759,3.0356085447361747,34328631.0,False,False
CHEBI:4453,MONDO:0009759,3.0338434375181818,34663131.0,False,False
PR:000007303,MONDO:0009759,3.026303635224189,36054633.0,False,False
CHEBI:102166,MONDO:0000141,3.0371544562236434,34033189.0,False,False
DRUGBANK:DB17362,MONDO:0013582,3.0092983308716352,38706922.0,False,False
CHEBI:85083,MONDO:0000141,3.028264886817949,35699684.0,False,False
UNII:3XVL385Q0M,MONDO:0006058,3.485709275281703,1369203.0,False,False
CHEBI:47519,MONDO:0005212,3.5205498266423554,1077078.0,False,False
CHEBI:65347,MONDO:0005212,3.495911566151487,1275838.0,False,False
CHEBI:50885,MONDO:0005212,3.4741481845186772,1483653.0,False,False
CHEBI:68478,MONDO:0005212,3.8149233563495435,148537.0,False,False
CHEBI:2639,MONDO:0005212,3.462406170191402,1609154.0,False,False
CHEBI:31355,MONDO:0005212,4.125986806527227,18886.0,False,False
UNII:D99YVK4L0X,MONDO:0005212,3.579885378482391,720060.0,False,False
UNII:Z80293URPV,MONDO:0005212,3.491469872484596,1315355.0,False,False
CHEBI:5801,MONDO:0005212,3.6493919614980137,451911.0,False,False
CHEBI:59594,MONDO:0006058,3.4630695955652606,1601786.0,False,False
CHEBI:39501,MONDO:0005212,3.4836328271765336,1388909.0,False,False
CHEBI:17650,MONDO:0005212,3.7128198815622415,295207.0,False,False
CHEBI:6067,MONDO:0006058,3.657426918156696,428334.0,False,False
CHEBI:9352,MONDO:0006058,3.5492048699357746,886197.0,False,False
CHEBI:41423,MONDO:0006058,3.81141380199905,151996.0,False,False
CHEBI:50729,MONDO:0006058,3.9153064631555803,75984.0,False,False
CHEBI:4031,MONDO:0006058,3.5995343147100103,631031.0,False,False
UNII:K0N0Z40J3W,MONDO:0005212,3.512357249690628,1139315.0,False,False
CHEBI:49668,MONDO:0006058,3.733543298182214,256999.0,False,False
CHEBI:31355,MONDO:0006058,3.898818107527828,84674.0,False,False
CHEBI:2038,MONDO:0006058,3.8187899633172417,144737.0,False,False
CHEBI:63637,MONDO:0005212,3.6489483936840714,453209.0,False,False
CHEBI:18243,MONDO:0006058,3.4631883499461296,1600437.0,False,False
CHEBI:27690,MONDO:0009759,3.608825922344612,592812.0,False,False
CHEBI:88249,MONDO:0005212,3.487497277974986,1352311.0,False,False
CHEBI:2704,MONDO:0005212,3.485335328271044,1372706.0,False,False
CHEBI:31941,MONDO:0005212,3.901191274354959,83373.0,False,False
CHEBI:66919,MONDO:0006058,3.458988425567691,1647703.0,False,False
CHEBI:3423,MONDO:0006058,3.9277216670226585,69949.0,False,False
UNII:4Q52C550XK,MONDO:0005212,3.521395472359402,1071026.0,False,False
CHEBI:4875,MONDO:0005212,3.5232331885847117,1057858.0,False,False
CHEBI:4046,MONDO:0009759,3.4651166050214792,1579162.0,False,False
CHEBI:63620,MONDO:0006058,3.5742110426622657,748006.0,False,False
CHEBI:45716,MONDO:0005212,3.765106313538325,207099.0,False,False
CHEBI:82701,MONDO:0006058,3.5635865573561007,803814.0,False,False
CHEBI:5100,MONDO:0005212,3.6207848313829576,547311.0,False,False
CHEBI:17650,MONDO:0006058,3.581674952913661,711366.0,False,False
CHEBI:6715,MONDO:0006058,3.8171132404436943,146374.0,False,False
CHEBI:9288,MONDO:0006058,3.564867854749343,796893.0,False,False
UNII:834YJF89WO,MONDO:0005212,3.5920370524551806,663424.0,False,False
CHEBI:9667,MONDO:0005212,3.7332377023617145,257548.0,False,False
UNII:D99YVK4L0X,MONDO:0006058,3.486660994566779,1360128.0,False,False
CHEBI:4672,MONDO:0006058,4.160481395540536,15050.0,False,False
CHEBI:28830,MONDO:0005212,3.8153556955357195,148119.0,False,False
CHEBI:80630,MONDO:0006058,3.9974970536279866,44280.0,False,False
CHEBI:46557,MONDO:0005212,3.9168627559758744,75213.0,False,False
CHEBI:68534,MONDO:0006058,3.7308745560570293,261673.0,False,False
UNII:RSA8KO39WH,MONDO:0006058,3.9290325106285953,69315.0,False,False
CHEBI:76612,MONDO:0005212,3.570747557009238,765795.0,False,False
CHEBI:84050,MONDO:0005212,3.864647853440289,106437.0,False,False
UMLS:C4331966,MONDO:0005212,3.5729263105604145,754562.0,False,False
CHEBI:90851,MONDO:0005212,3.4774889932315394,1449536.0,False,False
CHEBI:82701,MONDO:0005212,3.4785513105089,1438831.0,False,False
CHEBI:3380,MONDO:0006058,3.504370297956954,1203420.0,False,False
CHEBI:60761,MONDO:0006058,3.6959621349815093,330696.0,False,False
CHEBI:17549,MONDO:0005212,3.6097684687301896,589068.0,False,False
CHEBI:8382,MONDO:0005212,3.8337298251798293,131013.0,False,False
CHEBI:75998,MONDO:0005212,3.5868825371479036,686877.0,False,False
CHEBI:68845,MONDO:0000141,3.0327351593539387,34872089.0,False,False
UMLS:C4331966,MONDO:0006058,3.4261067580370526,2073005.0,False,False
CHEBI:8060,MONDO:0006058,3.3546661079263207,3443835.0,False,False
CHEBI:145374,MONDO:0005212,3.3575461203580867,3373435.0,False,False
CHEBI:6413,MONDO:0006058,3.4060232925153384,2388608.0,False,False
CHEBI:82717,MONDO:0013582,3.031392611608201,35123192.0,False,False
CHEBI:15365,MONDO:0005212,3.443052744610931,1841222.0,False,False
CHEBI:15552,MONDO:0006058,3.442436152204295,1849116.0,False,False
UNII:8A7F670F2Y,MONDO:0000141,3.031014015972807,35193476.0,False,False
DRUGBANK:DB13881,MONDO:0006058,3.344314172205019,3710746.0,False,False
UNII:DTI67O9503,MONDO:0000141,3.0320246035537703,35005339.0,False,False
CHEBI:10110,MONDO:0006058,3.4074796667046083,2364015.0,False,False
CHEBI:134783,MONDO:0009759,3.0307468523159695,35243022.0,False,False
CHEBI:17924,MONDO:0006058,3.3420508347186053,3771723.0,False,False
CHEBI:167574,MONDO:0009759,3.0331905745629926,34786270.0,False,False
UMLS:C0937609,MONDO:0005212,3.351717477050079,3517641.0,False,False
CHEBI:42797,MONDO:0006058,3.3505560878620892,3547302.0,False,False
CHEBI:18358,MONDO:0005212,3.4371569286291703,1918463.0,False,False
CHEBI:60799,MONDO:0006058,3.0316030487441683,35083937.0,False,False
CHEBI:10082,MONDO:0013582,3.0318891966247756,35030445.0,False,False
UNII:2W150K0UUC,MONDO:0000141,3.0326301643135327,34891868.0,False,False
UNII:5YL4IQ1078,MONDO:0000141,3.0319813486217786,35013186.0,False,False
CHEBI:601027,MONDO:0006058,3.357720976048081,3369119.0,False,False
CHEBI:32016,MONDO:0013582,3.030422371575074,35303006.0,False,False
CHEBI:149836,MONDO:0013582,3.030027722776283,35375898.0,False,False
DRUGBANK:DB16582,MONDO:0005212,3.4421661505678003,1852588.0,False,False
CHEBI:27902,MONDO:0006058,3.3357405995633194,3947806.0,False,False
CHEBI:3757,MONDO:0009759,3.4428358018257255,1844017.0,False,False
CHEBI:77181,MONDO:0009759,3.0329216575983398,34837002.0,False,False
CHEBI:39585,MONDO:0013582,3.02963196777427,35448939.0,False,False
UNII:G0G0H52U6K,MONDO:0000141,3.03136413098292,35128386.0,False,False
UNII:I031V2H011,MONDO:0009759,3.0296342578655806,35448521.0,False,False
UNII:9927MT646M,MONDO:0006058,3.3372349594928545,3905298.0,False,False
CHEBI:50838,MONDO:0006058,3.3488615628579774,3591002.0,False,False
CHEBI:6432,MONDO:0005212,3.3364608818829886,3927362.0,False,False
UNII:UMD07X179E,MONDO:0006058,3.4525853352508165,1723032.0,False,False
CHEBI:44241,MONDO:0000141,3.031433320818211,35115615.0,False,False
CHEBI:47426,MONDO:0005212,3.3588660534480503,3341884.0,False,False
UNII:QQA9MLH692,MONDO:0006058,3.453063218558773,1717396.0,False,False
UNII:0CA0VSF91Y,MONDO:0009759,3.030798430401412,35233362.0,False,False
UNII:71492GE1FX,MONDO:0009759,3.0295974283652103,35455319.0,False,False
CHEBI:31184,MONDO:0005212,3.429921785112915,2017958.0,False,False
UNII:1351PE5UGS,MONDO:0006058,3.3595972374745102,3324465.0,False,False
UNII:SQ8A3S5101,MONDO:0005212,3.332507227245884,4041273.0,False,False
UNII:K16AIQ8CTM,MONDO:0000141,3.0308192335950714,35229482.0,False,False
CHEBI:176844,MONDO:0006058,3.4128008213154883,2276946.0,False,False
CHEBI:4875,MONDO:0009759,3.032499964562178,34916444.0,False,False
CHEBI:4974,MONDO:0005212,3.3476119999332523,3623408.0,False,False
DRUGBANK:DB15572,MONDO:0006058,3.3344964840171247,3983219.0,False,False
CHEBI:6375,MONDO:0006058,3.351615008174228,3520302.0,False,False
CHEBI:136051,MONDO:0000141,3.031081904571735,35180884.0,False,False
UMLS:C5418336,MONDO:0000141,3.02987654793988,35403808.0,False,False
CHEBI:170007,MONDO:0013582,3.029444454695059,35483546.0,False,False
CHEBI:37941,MONDO:0006058,3.415578998884005,2232557.0,False,False
CHEBI:6149,MONDO:0000141,3.0327018178063097,34878360.0,False,False
CHEBI:49575,MONDO:0006058,3.3390506207360797,3854289.0,False,False
UNII:P76B05O5V6,MONDO:0009759,3.0327023433100355,34878247.0,False,False
CHEBI:6843,MONDO:0013582,3.031599537632981,35084614.0,False,False
CHEBI:64355,MONDO:0013582,3.031855685269859,35036707.0,False,False
CHEBI:4670,MONDO:0013582,3.3484032175291327,3602841.0,False,False
CHEBI:4466,MONDO:0005212,3.3432905025204844,3738212.0,False,False
CHEBI:135906,MONDO:0006058,3.337604527278402,3894922.0,False,False
CHEBI:63918,MONDO:0006058,3.3565889485245903,3396712.0,False,False
CHEBI:9649,MONDO:0000141,3.0308902796654307,35216431.0,False,False
UNII:QC4F7FKK7I,MONDO:0000141,3.0307116325253096,35249609.0,False,False
